merged_key,ieee_key,wos_key,match_type,score,isbn,ieee_file,wos_file
,10679114,WOS:001327352400001,ISBN,100,2169-3536,ieee_scraped_20260205_165257.bib,wos_scraped_20260205_182521.bib
,10679114,WOS:001439559300026,ISBN,100,2169-3536,ieee_scraped_20260205_165257.bib,wos_scraped_20260205_182614.bib
,10679114,WOS:001337225200001,ISBN,100,2169-3536,ieee_scraped_20260205_165257.bib,wos_scraped_20260205_182902.bib
,10679114,WOS:001631918000010,ISBN,100,2169-3536,ieee_scraped_20260205_165257.bib,wos_scraped_20260205_182902.bib
,10679114,WOS:001005485700001,ISBN,100,2169-3536,ieee_scraped_20260205_165257.bib,wos_scraped_20260205_182902.bib
,10679114,WOS:000814538100001,ISBN,100,2169-3536,ieee_scraped_20260205_165257.bib,wos_scraped_20260205_182902.bib
,10679114,WOS:000530793700016,ISBN,100,2169-3536,ieee_scraped_20260205_165257.bib,wos_scraped_20260205_182902.bib
,10679114,WOS:001480473400011,ISBN,100,2169-3536,ieee_scraped_20260205_165257.bib,wos_scraped_20260205_182902.bib
,10679114,WOS:001499536700001,ISBN,100,2169-3536,ieee_scraped_20260205_165257.bib,wos_scraped_20260205_182902.bib
,10679114,WOS:001272160200001,ISBN,100,2169-3536,ieee_scraped_20260205_165257.bib,wos_scraped_20260205_183017.bib
,10679114,WOS:001199976100001,ISBN,100,2169-3536,ieee_scraped_20260205_165257.bib,wos_scraped_20260205_183226.bib
,10679114,WOS:001536740300004,ISBN,100,2169-3536,ieee_scraped_20260205_165257.bib,wos_scraped_20260205_183308.bib
,10679114,WOS:001556092100005,ISBN,100,2169-3536,ieee_scraped_20260205_165257.bib,wos_scraped_20260205_183421.bib
,10870136,WOS:001445056500001,ISBN,100,1939-1382,ieee_scraped_20260205_165257.bib,wos_scraped_20260205_182703.bib
,10870136,WOS:001205775100001,ISBN,100,1939-1382,ieee_scraped_20260205_165257.bib,wos_scraped_20260205_182835.bib
,10870136,WOS:001141545900045,ISBN,100,1939-1382,ieee_scraped_20260205_165257.bib,wos_scraped_20260205_182902.bib
,10870136,WOS:001502229600002,ISBN,100,1939-1382,ieee_scraped_20260205_165257.bib,wos_scraped_20260205_182902.bib
,10870136,WOS:001480433700001,ISBN,100,1939-1382,ieee_scraped_20260205_165257.bib,wos_scraped_20260205_183017.bib
,10870136,WOS:001615287500002,ISBN,100,1939-1382,ieee_scraped_20260205_165257.bib,wos_scraped_20260205_183308.bib
,10870136,WOS:001360423200004,ISBN,100,1939-1382,ieee_scraped_20260205_165257.bib,wos_scraped_20260205_183308.bib
,10870136,WOS:001201826100001,ISBN,100,1939-1382,ieee_scraped_20260205_165257.bib,wos_scraped_20260205_183421.bib
,10870136,WOS:001498235200001,ISBN,100,1939-1382,ieee_scraped_20260205_165257.bib,wos_scraped_20260205_183421.bib
,10870136,WOS:001432978700002,ISBN,100,1939-1382,ieee_scraped_20260205_165257.bib,wos_scraped_20260205_183421.bib
,10273208,WOS:001643513000001,ISBN,100,2329-924x,ieee_scraped_20260205_165257.bib,wos_scraped_20260205_183421.bib
,11158697,WOS:001414753000012,TITLE,93,2072-8166,ieee_scraped_20260205_165257.bib,wos_scraped_20260205_182902.bib
,10981419,WOS:001171351500001,TITLE,89,,ieee_scraped_20260205_165257.bib,wos_scraped_20260205_182835.bib
,11158088,WOS:001240216600001,TITLE,88,0957-4174,ieee_scraped_20260205_165257.bib,wos_scraped_20260205_182902.bib
,11092288,WOS:001539782200001,TITLE,100,,ieee_scraped_20260205_165257.bib,wos_scraped_20260205_182521.bib
,11060512,WOS:001583632000047,TITLE,91,2576-8581,ieee_scraped_20260205_165257.bib,wos_scraped_20260205_182521.bib
,10459629,WOS:001515253800001,TITLE,92,,ieee_scraped_20260205_165257.bib,wos_scraped_20260205_182521.bib
,10527283,WOS:001309615900001,TITLE,97,2768-1831,ieee_scraped_20260205_165257.bib,wos_scraped_20260205_182902.bib
,10605657,WOS:001511875400001,TITLE,91,2948-2984,ieee_scraped_20260205_165257.bib,wos_scraped_20260205_182521.bib
,10708721,WOS:001301383700001,TITLE,91,2831-6878,ieee_scraped_20260205_165257.bib,wos_scraped_20260205_182614.bib
,11060468,WOS:001315333600001,TITLE,93,2576-8581,ieee_scraped_20260205_165257.bib,wos_scraped_20260205_182703.bib
,10774819,WOS:001112866700002,TITLE,92,2771-1358,ieee_scraped_20260205_165257.bib,wos_scraped_20260205_182902.bib
,11104909,WOS:000995071700013,TITLE,89,0018-9162,ieee_scraped_20260205_165257.bib,wos_scraped_20260205_182835.bib
,11323807,WOS:001557944200001,TITLE,90,,ieee_scraped_20260205_165257.bib,wos_scraped_20260205_182835.bib
,11186800,WOS:001605386900001,TITLE,100,1932-8540,ieee_scraped_20260205_165257.bib,wos_scraped_20260205_183421.bib
,10837597,WOS:001063259100001,TITLE,93,2473-2060,ieee_scraped_20260205_165257.bib,wos_scraped_20260205_182703.bib
,10578876,WOS:001465744500001,TITLE,88,2165-9567,ieee_scraped_20260205_165257.bib,wos_scraped_20260205_182902.bib
,10578776,WOS:001203649200001,TITLE,89,2165-9567,ieee_scraped_20260205_165257.bib,wos_scraped_20260205_182902.bib
,11327336,WOS:001408204800008,TITLE,90,2837-5203,ieee_scraped_20260205_165257.bib,wos_scraped_20260205_182521.bib
,11193477,WOS:001250086400003,TITLE,88,2223-8905,ieee_scraped_20260205_165257.bib,wos_scraped_20260205_182835.bib
,10589972,WOS:001646700600001,TITLE,100,,ieee_scraped_20260205_165257.bib,wos_scraped_20260205_183017.bib
,10851078,WOS:001651592800012,TITLE,95,2666-920x,ieee_scraped_20260205_165257.bib,wos_scraped_20260205_182614.bib
,10339760,WOS:000974088100001,TITLE,89,2365-9440,ieee_scraped_20260205_165257.bib,wos_scraped_20260205_182835.bib
,11122480,WOS:001569700600001,TITLE,100,1932-8540,ieee_scraped_20260205_165257.bib,wos_scraped_20260205_182614.bib
,11106833,WOS:001522900800021,TITLE,92,2837-4940,ieee_scraped_20260205_165257.bib,wos_scraped_20260205_182703.bib
,11193562,WOS:001583307400027,TITLE,97,0266-4909,ieee_scraped_20260205_165704.bib,wos_scraped_20260205_183017.bib
,10589404,WOS:001288200300001,TITLE,89,2169-3536,ieee_scraped_20260205_165704.bib,wos_scraped_20260205_182835.bib
,11309765,WOS:001651949300002,TITLE,100,1932-8540,ieee_scraped_20260205_165704.bib,wos_scraped_20260205_182703.bib
,11136724,WOS:001384320900001,TITLE,89,2472-7687,ieee_scraped_20260205_170123.bib,wos_scraped_20260205_183017.bib
,11236030,WOS:001364738600001,TITLE,100,9781394271061,ieee_scraped_20260205_170123.bib,wos_scraped_20260205_182521.bib
,10578712,WOS:001302897500001,TITLE,92,2165-9567,ieee_scraped_20260205_170123.bib,wos_scraped_20260205_182902.bib
,10499744,WOS:000797121600001,TITLE,89,2046-9012,ieee_scraped_20260205_170123.bib,wos_scraped_20260205_182902.bib
,10862366,WOS:001297592200001,TITLE,91,2769-7916,ieee_scraped_20260205_170123.bib,wos_scraped_20260205_182614.bib
,10628100,WOS:001290240800001,TITLE,100,1557-9638,ieee_scraped_20260205_170123.bib,wos_scraped_20260205_182703.bib
,11196885,WOS:001621300800001,TITLE,100,1932-8540,ieee_scraped_20260205_170211.bib,wos_scraped_20260205_183226.bib
,10646468,WOS:001572867900011,TITLE,100,2162-2256,ieee_scraped_20260205_170431.bib,wos_scraped_20260205_183017.bib
,11280170,WOS:001353265200001,TITLE,100,2398-5348,ieee_scraped_20260205_170509.bib,wos_scraped_20260205_183226.bib
,10530465,WOS:001377297400008,TITLE,100,1558-4127,ieee_scraped_20260205_170509.bib,wos_scraped_20260205_183226.bib
,10251686,WOS:001068894800011,TITLE,100,1558-1756,ieee_scraped_20260205_170509.bib,wos_scraped_20260205_183421.bib
,10734572,,UNMATCHED_IEEE,0,,ieee_scraped_20260205_165257.bib,
,10624638,,UNMATCHED_IEEE,0,,ieee_scraped_20260205_165257.bib,
,11328161,,UNMATCHED_IEEE,0,2377-634x,ieee_scraped_20260205_165257.bib,
,11158480,,UNMATCHED_IEEE,0,,ieee_scraped_20260205_165257.bib,
,11328395,,UNMATCHED_IEEE,0,2377-634x,ieee_scraped_20260205_165257.bib,
,10500605,,UNMATCHED_IEEE,0,,ieee_scraped_20260205_165257.bib,
,11289049,,UNMATCHED_IEEE,0,,ieee_scraped_20260205_165257.bib,
,11368424,,UNMATCHED_IEEE,0,2476-2172,ieee_scraped_20260205_165257.bib,
,11136403,,UNMATCHED_IEEE,0,2472-7687,ieee_scraped_20260205_165257.bib,
,10904391,,UNMATCHED_IEEE,0,,ieee_scraped_20260205_165257.bib,
,10500578,,UNMATCHED_IEEE,0,,ieee_scraped_20260205_165257.bib,
,11075470,,UNMATCHED_IEEE,0,,ieee_scraped_20260205_165257.bib,
,11013092,,UNMATCHED_IEEE,0,,ieee_scraped_20260205_165257.bib,
,11158707,,UNMATCHED_IEEE,0,,ieee_scraped_20260205_165257.bib,
,10765939,,UNMATCHED_IEEE,0,,ieee_scraped_20260205_165257.bib,
,11092250,,UNMATCHED_IEEE,0,,ieee_scraped_20260205_165257.bib,
,11282754,,UNMATCHED_IEEE,0,,ieee_scraped_20260205_165257.bib,
,10935410,,UNMATCHED_IEEE,0,2474-3828,ieee_scraped_20260205_165257.bib,
,11069165,,UNMATCHED_IEEE,0,,ieee_scraped_20260205_165257.bib,
,11193507,,UNMATCHED_IEEE,0,,ieee_scraped_20260205_165257.bib,
,10551108,,UNMATCHED_IEEE,0,,ieee_scraped_20260205_165257.bib,
,11189371,,UNMATCHED_IEEE,0,,ieee_scraped_20260205_165257.bib,
,11015551,,UNMATCHED_IEEE,0,2169-3536,ieee_scraped_20260205_165257.bib,
,11075458,,UNMATCHED_IEEE,0,,ieee_scraped_20260205_165257.bib,
,10277704,,UNMATCHED_IEEE,0,,ieee_scraped_20260205_165257.bib,
,10960226,,UNMATCHED_IEEE,0,,ieee_scraped_20260205_165257.bib,
,10665264,,UNMATCHED_IEEE,0,2473-7623,ieee_scraped_20260205_165257.bib,
,10389449,,UNMATCHED_IEEE,0,,ieee_scraped_20260205_165257.bib,
,10569779,,UNMATCHED_IEEE,0,2623-8764,ieee_scraped_20260205_165257.bib,
,10956736,,UNMATCHED_IEEE,0,2837-5203,ieee_scraped_20260205_165257.bib,
,11211930,,UNMATCHED_IEEE,0,,ieee_scraped_20260205_165257.bib,
,10423679,,UNMATCHED_IEEE,0,2476-2172,ieee_scraped_20260205_165257.bib,
,11075444,,UNMATCHED_IEEE,0,,ieee_scraped_20260205_165257.bib,
,10842905,,UNMATCHED_IEEE,0,,ieee_scraped_20260205_165257.bib,
,11269708,,UNMATCHED_IEEE,0,2169-3536,ieee_scraped_20260205_165257.bib,
,11008832,,UNMATCHED_IEEE,0,1939-1382,ieee_scraped_20260205_165257.bib,
,11016458,,UNMATCHED_IEEE,0,2165-9567,ieee_scraped_20260205_165257.bib,
,10525933,,UNMATCHED_IEEE,0,2831-3682,ieee_scraped_20260205_165257.bib,
,11131023,,UNMATCHED_IEEE,0,2770-0496,ieee_scraped_20260205_165257.bib,
,10734642,,UNMATCHED_IEEE,0,,ieee_scraped_20260205_165257.bib,
,10493370,,UNMATCHED_IEEE,0,,ieee_scraped_20260205_165257.bib,
,11173562,,UNMATCHED_IEEE,0,2161-0258,ieee_scraped_20260205_165257.bib,
,11355130,,UNMATCHED_IEEE,0,,ieee_scraped_20260205_165257.bib,
,10344286,,UNMATCHED_IEEE,0,,ieee_scraped_20260205_165257.bib,
,11016322,,UNMATCHED_IEEE,0,2165-9567,ieee_scraped_20260205_165257.bib,
,11104880,,UNMATCHED_IEEE,0,,ieee_scraped_20260205_165257.bib,
,10496969,,UNMATCHED_IEEE,0,,ieee_scraped_20260205_165257.bib,
,11101406,,UNMATCHED_IEEE,0,2834-8249,ieee_scraped_20260205_165257.bib,
,10654438,,UNMATCHED_IEEE,0,,ieee_scraped_20260205_165257.bib,
,10837608,,UNMATCHED_IEEE,0,2473-2060,ieee_scraped_20260205_165257.bib,
,10730504,,UNMATCHED_IEEE,0,,ieee_scraped_20260205_165257.bib,
,11091919,,UNMATCHED_IEEE,0,,ieee_scraped_20260205_165257.bib,
,10849533,,UNMATCHED_IEEE,0,2169-3536,ieee_scraped_20260205_165257.bib,
,10664825,,UNMATCHED_IEEE,0,2473-7623,ieee_scraped_20260205_165257.bib,
,11039329,,UNMATCHED_IEEE,0,,ieee_scraped_20260205_165257.bib,
,10909100,,UNMATCHED_IEEE,0,2169-3536,ieee_scraped_20260205_165257.bib,
,10936806,,UNMATCHED_IEEE,0,,ieee_scraped_20260205_165257.bib,
,11025410,,UNMATCHED_IEEE,0,,ieee_scraped_20260205_165257.bib,
,11092264,,UNMATCHED_IEEE,0,,ieee_scraped_20260205_165257.bib,
,10869172,,UNMATCHED_IEEE,0,,ieee_scraped_20260205_165257.bib,
,11076523,,UNMATCHED_IEEE,0,,ieee_scraped_20260205_165257.bib,
,11211994,,UNMATCHED_IEEE,0,,ieee_scraped_20260205_165257.bib,
,11158567,,UNMATCHED_IEEE,0,,ieee_scraped_20260205_165257.bib,
,10819557,,UNMATCHED_IEEE,0,2771-3075,ieee_scraped_20260205_165257.bib,
,11024985,,UNMATCHED_IEEE,0,,ieee_scraped_20260205_165257.bib,
,11024693,,UNMATCHED_IEEE,0,,ieee_scraped_20260205_165257.bib,
,10868958,,UNMATCHED_IEEE,0,,ieee_scraped_20260205_165257.bib,
,10986914,,UNMATCHED_IEEE,0,,ieee_scraped_20260205_165257.bib,
,11137106,,UNMATCHED_IEEE,0,,ieee_scraped_20260205_165257.bib,
,11271815,,UNMATCHED_IEEE,0,1939-1382,ieee_scraped_20260205_165257.bib,
,11098253,,UNMATCHED_IEEE,0,2603-3267,ieee_scraped_20260205_165257.bib,
,11158705,,UNMATCHED_IEEE,0,,ieee_scraped_20260205_165257.bib,
,11193567,,UNMATCHED_IEEE,0,,ieee_scraped_20260205_165257.bib,
,11220142,,UNMATCHED_IEEE,0,1558-0814,ieee_scraped_20260205_165704.bib,
,10867340,,UNMATCHED_IEEE,0,,ieee_scraped_20260205_165704.bib,
,11060488,,UNMATCHED_IEEE,0,2576-8581,ieee_scraped_20260205_165704.bib,
,11024949,,UNMATCHED_IEEE,0,,ieee_scraped_20260205_165704.bib,
,10892891,,UNMATCHED_IEEE,0,2377-634x,ieee_scraped_20260205_165704.bib,
,11232407,,UNMATCHED_IEEE,0,,ieee_scraped_20260205_165704.bib,
,11205410,,UNMATCHED_IEEE,0,1949-0488,ieee_scraped_20260205_165704.bib,
,11016423,,UNMATCHED_IEEE,0,2165-9567,ieee_scraped_20260205_165704.bib,
,11115694,,UNMATCHED_IEEE,0,,ieee_scraped_20260205_165704.bib,
,11193474,,UNMATCHED_IEEE,0,,ieee_scraped_20260205_165704.bib,
,11091888,,UNMATCHED_IEEE,0,,ieee_scraped_20260205_165704.bib,
,11158054,,UNMATCHED_IEEE,0,,ieee_scraped_20260205_165704.bib,
,10578870,,UNMATCHED_IEEE,0,2165-9567,ieee_scraped_20260205_165704.bib,
,11087693,,UNMATCHED_IEEE,0,2169-3536,ieee_scraped_20260205_165704.bib,
,10456172,,UNMATCHED_IEEE,0,,ieee_scraped_20260205_165704.bib,
,10744297,,UNMATCHED_IEEE,0,,ieee_scraped_20260205_165704.bib,
,10492688,,UNMATCHED_IEEE,0,1939-1382,ieee_scraped_20260205_165704.bib,
,10851491,,UNMATCHED_IEEE,0,,ieee_scraped_20260205_165704.bib,
,10578328,,UNMATCHED_IEEE,0,2165-9567,ieee_scraped_20260205_165704.bib,
,10904358,,UNMATCHED_IEEE,0,,ieee_scraped_20260205_165704.bib,
,11132006,,UNMATCHED_IEEE,0,1847-3938,ieee_scraped_20260205_165704.bib,
,11104905,,UNMATCHED_IEEE,0,,ieee_scraped_20260205_165704.bib,
,10830766,,UNMATCHED_IEEE,0,2471-9269,ieee_scraped_20260205_165704.bib,
,10685696,,UNMATCHED_IEEE,0,2766-2144,ieee_scraped_20260205_165704.bib,
,10736352,,UNMATCHED_IEEE,0,1939-1382,ieee_scraped_20260205_165704.bib,
,10184267,,UNMATCHED_IEEE,0,,ieee_scraped_20260205_165704.bib,
,10837655,,UNMATCHED_IEEE,0,2473-2060,ieee_scraped_20260205_165704.bib,
,10948355,,UNMATCHED_IEEE,0,1939-1382,ieee_scraped_20260205_165704.bib,
,10444988,,UNMATCHED_IEEE,0,1939-1382,ieee_scraped_20260205_165704.bib,
,11155729,,UNMATCHED_IEEE,0,,ieee_scraped_20260205_165704.bib,
,11256373,,UNMATCHED_IEEE,0,2837-5025,ieee_scraped_20260205_165704.bib,
,11344002,,UNMATCHED_IEEE,0,,ieee_scraped_20260205_165704.bib,
,11131996,,UNMATCHED_IEEE,0,1847-3938,ieee_scraped_20260205_165704.bib,
,10500580,,UNMATCHED_IEEE,0,,ieee_scraped_20260205_165704.bib,
,11304469,,UNMATCHED_IEEE,0,,ieee_scraped_20260205_165704.bib,
,11306685,,UNMATCHED_IEEE,0,,ieee_scraped_20260205_165704.bib,
,11334133,,UNMATCHED_IEEE,0,,ieee_scraped_20260205_165704.bib,
,10837604,,UNMATCHED_IEEE,0,2473-2060,ieee_scraped_20260205_165704.bib,
,10837607,,UNMATCHED_IEEE,0,2473-2060,ieee_scraped_20260205_165704.bib,
,11016312,,UNMATCHED_IEEE,0,2165-9567,ieee_scraped_20260205_165704.bib,
,11368986,,UNMATCHED_IEEE,0,,ieee_scraped_20260205_165704.bib,
,11324568,,UNMATCHED_IEEE,0,,ieee_scraped_20260205_165704.bib,
,10814745,,UNMATCHED_IEEE,0,2642-7036,ieee_scraped_20260205_165704.bib,
,10837681,,UNMATCHED_IEEE,0,2473-2060,ieee_scraped_20260205_165704.bib,
,10868002,,UNMATCHED_IEEE,0,,ieee_scraped_20260205_165704.bib,
,11158520,,UNMATCHED_IEEE,0,,ieee_scraped_20260205_165704.bib,
,10892857,,UNMATCHED_IEEE,0,2377-634x,ieee_scraped_20260205_165704.bib,
,10935377,,UNMATCHED_IEEE,0,2474-3828,ieee_scraped_20260205_165704.bib,
,11280249,,UNMATCHED_IEEE,0,,ieee_scraped_20260205_165704.bib,
,10965038,,UNMATCHED_IEEE,0,,ieee_scraped_20260205_165704.bib,
,11336596,,UNMATCHED_IEEE,0,,ieee_scraped_20260205_165704.bib,
,11229046,,UNMATCHED_IEEE,0,2161-4407,ieee_scraped_20260205_165704.bib,
,11218253,,UNMATCHED_IEEE,0,1941-045x,ieee_scraped_20260205_165704.bib,
,10605451,,UNMATCHED_IEEE,0,,ieee_scraped_20260205_165704.bib,
,9047611,,UNMATCHED_IEEE,0,,ieee_scraped_20260205_165704.bib,
,10914568,,UNMATCHED_IEEE,0,2691-4581,ieee_scraped_20260205_165704.bib,
,10982840,,UNMATCHED_IEEE,0,2687-7767,ieee_scraped_20260205_165704.bib,
,10834380,,UNMATCHED_IEEE,0,,ieee_scraped_20260205_165704.bib,
,11016321,,UNMATCHED_IEEE,0,2165-9567,ieee_scraped_20260205_165704.bib,
,11323779,,UNMATCHED_IEEE,0,,ieee_scraped_20260205_165704.bib,
,11258206,,UNMATCHED_IEEE,0,,ieee_scraped_20260205_165704.bib,
,11158423,,UNMATCHED_IEEE,0,,ieee_scraped_20260205_165704.bib,
,11158675,,UNMATCHED_IEEE,0,,ieee_scraped_20260205_165704.bib,
,11092069,,UNMATCHED_IEEE,0,,ieee_scraped_20260205_165704.bib,
,11016488,,UNMATCHED_IEEE,0,2165-9567,ieee_scraped_20260205_165704.bib,
,10779525,,UNMATCHED_IEEE,0,,ieee_scraped_20260205_165704.bib,
,11016518,,UNMATCHED_IEEE,0,2165-9567,ieee_scraped_20260205_165704.bib,
,11016560,,UNMATCHED_IEEE,0,2165-9567,ieee_scraped_20260205_165704.bib,
,11158315,,UNMATCHED_IEEE,0,,ieee_scraped_20260205_165704.bib,
,11283183,,UNMATCHED_IEEE,0,,ieee_scraped_20260205_165704.bib,
,11311653,,UNMATCHED_IEEE,0,2770-2677,ieee_scraped_20260205_165704.bib,
,11321829,,UNMATCHED_IEEE,0,2576-3555,ieee_scraped_20260205_165704.bib,
,11158622,,UNMATCHED_IEEE,0,,ieee_scraped_20260205_165704.bib,
,11269643,,UNMATCHED_IEEE,0,2158-3412,ieee_scraped_20260205_165704.bib,
,10852323,,UNMATCHED_IEEE,0,2169-3536,ieee_scraped_20260205_165704.bib,
,11256493,,UNMATCHED_IEEE,0,2837-5025,ieee_scraped_20260205_165704.bib,
,10765986,,UNMATCHED_IEEE,0,,ieee_scraped_20260205_165704.bib,
,10766746,,UNMATCHED_IEEE,0,,ieee_scraped_20260205_165704.bib,
,11084072,,UNMATCHED_IEEE,0,,ieee_scraped_20260205_165704.bib,
,10570412,,UNMATCHED_IEEE,0,2169-3536,ieee_scraped_20260205_165704.bib,
,10935955,,UNMATCHED_IEEE,0,,ieee_scraped_20260205_165704.bib,
,11194866,,UNMATCHED_IEEE,0,2161-377x,ieee_scraped_20260205_165704.bib,
,11092252,,UNMATCHED_IEEE,0,,ieee_scraped_20260205_165704.bib,
,11166379,,UNMATCHED_IEEE,0,,ieee_scraped_20260205_165704.bib,
,10837679,,UNMATCHED_IEEE,0,2473-2060,ieee_scraped_20260205_165704.bib,
,10589003,,UNMATCHED_IEEE,0,2770-0682,ieee_scraped_20260205_165704.bib,
,11100827,,UNMATCHED_IEEE,0,,ieee_scraped_20260205_165704.bib,
,11236053,,UNMATCHED_IEEE,0,9781394271061,ieee_scraped_20260205_165704.bib,
,10716156,,UNMATCHED_IEEE,0,,ieee_scraped_20260205_165704.bib,
,11218013,,UNMATCHED_IEEE,0,2637-6415,ieee_scraped_20260205_165704.bib,
,11260710,,UNMATCHED_IEEE,0,,ieee_scraped_20260205_165704.bib,
,10920412,,UNMATCHED_IEEE,0,,ieee_scraped_20260205_165704.bib,
,10868029,,UNMATCHED_IEEE,0,,ieee_scraped_20260205_165704.bib,
,10442033,,UNMATCHED_IEEE,0,,ieee_scraped_20260205_165704.bib,
,11212710,,UNMATCHED_IEEE,0,,ieee_scraped_20260205_165704.bib,
,11346605,,UNMATCHED_IEEE,0,,ieee_scraped_20260205_165704.bib,
,11091997,,UNMATCHED_IEEE,0,,ieee_scraped_20260205_165704.bib,
,11129294,,UNMATCHED_IEEE,0,,ieee_scraped_20260205_170123.bib,
,11363577,,UNMATCHED_IEEE,0,1941-0026,ieee_scraped_20260205_170123.bib,
,11324499,,UNMATCHED_IEEE,0,,ieee_scraped_20260205_170123.bib,
,11092242,,UNMATCHED_IEEE,0,,ieee_scraped_20260205_170123.bib,
,10479205,,UNMATCHED_IEEE,0,2169-3536,ieee_scraped_20260205_170123.bib,
,11328420,,UNMATCHED_IEEE,0,2377-634x,ieee_scraped_20260205_170123.bib,
,11158290,,UNMATCHED_IEEE,0,,ieee_scraped_20260205_170123.bib,
,11046312,,UNMATCHED_IEEE,0,,ieee_scraped_20260205_170123.bib,
,10976022,,UNMATCHED_IEEE,0,,ieee_scraped_20260205_170123.bib,
,10786604,,UNMATCHED_IEEE,0,2471-9242,ieee_scraped_20260205_170123.bib,
,10581394,,UNMATCHED_IEEE,0,,ieee_scraped_20260205_170123.bib,
,10938864,,UNMATCHED_IEEE,0,1939-1382,ieee_scraped_20260205_170123.bib,
,11091711,,UNMATCHED_IEEE,0,,ieee_scraped_20260205_170123.bib,
,11016455,,UNMATCHED_IEEE,0,2165-9567,ieee_scraped_20260205_170123.bib,
,10975838,,UNMATCHED_IEEE,0,,ieee_scraped_20260205_170123.bib,
,10827352,,UNMATCHED_IEEE,0,2162-1241,ieee_scraped_20260205_170123.bib,
,11341277,,UNMATCHED_IEEE,0,,ieee_scraped_20260205_170123.bib,
,11255895,,UNMATCHED_IEEE,0,,ieee_scraped_20260205_170123.bib,
,10837633,,UNMATCHED_IEEE,0,2473-2060,ieee_scraped_20260205_170123.bib,
,10788633,,UNMATCHED_IEEE,0,2771-6058,ieee_scraped_20260205_170123.bib,
,11352890,,UNMATCHED_IEEE,0,,ieee_scraped_20260205_170123.bib,
,10893159,,UNMATCHED_IEEE,0,2377-634x,ieee_scraped_20260205_170123.bib,
,10773519,,UNMATCHED_IEEE,0,2521-1641,ieee_scraped_20260205_170123.bib,
,11136950,,UNMATCHED_IEEE,0,,ieee_scraped_20260205_170123.bib,
,10895062,,UNMATCHED_IEEE,0,,ieee_scraped_20260205_170123.bib,
,10771581,,UNMATCHED_IEEE,0,2473-5728,ieee_scraped_20260205_170123.bib,
,10727060,,UNMATCHED_IEEE,0,2693-9371,ieee_scraped_20260205_170123.bib,
,10605540,,UNMATCHED_IEEE,0,,ieee_scraped_20260205_170123.bib,
,11340423,,UNMATCHED_IEEE,0,,ieee_scraped_20260205_170123.bib,
,10959667,,UNMATCHED_IEEE,0,,ieee_scraped_20260205_170123.bib,
,11091853,,UNMATCHED_IEEE,0,,ieee_scraped_20260205_170123.bib,
,11129417,,UNMATCHED_IEEE,0,,ieee_scraped_20260205_170123.bib,
,10967260,,UNMATCHED_IEEE,0,2169-3536,ieee_scraped_20260205_170123.bib,
,10854936,,UNMATCHED_IEEE,0,2837-5025,ieee_scraped_20260205_170123.bib,
,10889550,,UNMATCHED_IEEE,0,2379-190x,ieee_scraped_20260205_170123.bib,
,10980871,,UNMATCHED_IEEE,0,1945-8452,ieee_scraped_20260205_170123.bib,
,11320482,,UNMATCHED_IEEE,0,2831-4565,ieee_scraped_20260205_170123.bib,
,10837663,,UNMATCHED_IEEE,0,2473-2060,ieee_scraped_20260205_170123.bib,
,11046234,,UNMATCHED_IEEE,0,,ieee_scraped_20260205_170123.bib,
,11270103,,UNMATCHED_IEEE,0,2687-7783,ieee_scraped_20260205_170123.bib,
,11027872,,UNMATCHED_IEEE,0,2473-3547,ieee_scraped_20260205_170123.bib,
,11252120,,UNMATCHED_IEEE,0,,ieee_scraped_20260205_170123.bib,
,11328534,,UNMATCHED_IEEE,0,2377-634x,ieee_scraped_20260205_170123.bib,
,10843671,,UNMATCHED_IEEE,0,2169-3536,ieee_scraped_20260205_170123.bib,
,10317680,,UNMATCHED_IEEE,0,2766-0419,ieee_scraped_20260205_170123.bib,
,10893560,,UNMATCHED_IEEE,0,2377-634x,ieee_scraped_20260205_170123.bib,
,11081103,,UNMATCHED_IEEE,0,,ieee_scraped_20260205_170123.bib,
,10685775,,UNMATCHED_IEEE,0,2766-2144,ieee_scraped_20260205_170123.bib,
,10874203,,UNMATCHED_IEEE,0,1939-1382,ieee_scraped_20260205_170123.bib,
,11091963,,UNMATCHED_IEEE,0,,ieee_scraped_20260205_170123.bib,
,11256378,,UNMATCHED_IEEE,0,2837-5025,ieee_scraped_20260205_170123.bib,
,11346742,,UNMATCHED_IEEE,0,,ieee_scraped_20260205_170123.bib,
,11346731,,UNMATCHED_IEEE,0,,ieee_scraped_20260205_170123.bib,
,11346765,,UNMATCHED_IEEE,0,,ieee_scraped_20260205_170123.bib,
,11046303,,UNMATCHED_IEEE,0,,ieee_scraped_20260205_170123.bib,
,11158361,,UNMATCHED_IEEE,0,,ieee_scraped_20260205_170123.bib,
,10569288,,UNMATCHED_IEEE,0,2576-8581,ieee_scraped_20260205_170123.bib,
,10659323,,UNMATCHED_IEEE,0,1558-156x,ieee_scraped_20260205_170123.bib,
,11016317,,UNMATCHED_IEEE,0,2165-9567,ieee_scraped_20260205_170123.bib,
,11188975,,UNMATCHED_IEEE,0,,ieee_scraped_20260205_170123.bib,
,10893393,,UNMATCHED_IEEE,0,2377-634x,ieee_scraped_20260205_170123.bib,
,11309368,,UNMATCHED_IEEE,0,,ieee_scraped_20260205_170123.bib,
,11240258,,UNMATCHED_IEEE,0,2473-5698,ieee_scraped_20260205_170123.bib,
,11140209,,UNMATCHED_IEEE,0,2996-4490,ieee_scraped_20260205_170123.bib,
,11147291,,UNMATCHED_IEEE,0,2473-7623,ieee_scraped_20260205_170123.bib,
,11016450,,UNMATCHED_IEEE,0,2165-9567,ieee_scraped_20260205_170123.bib,
,11091971,,UNMATCHED_IEEE,0,,ieee_scraped_20260205_170123.bib,
,10604531,,UNMATCHED_IEEE,0,2476-2172,ieee_scraped_20260205_170123.bib,
,11158595,,UNMATCHED_IEEE,0,,ieee_scraped_20260205_170123.bib,
,11352885,,UNMATCHED_IEEE,0,,ieee_scraped_20260205_170123.bib,
,11293344,,UNMATCHED_IEEE,0,2687-8860,ieee_scraped_20260205_170123.bib,
,11328715,,UNMATCHED_IEEE,0,2377-634x,ieee_scraped_20260205_170123.bib,
,11115325,,UNMATCHED_IEEE,0,,ieee_scraped_20260205_170123.bib,
,10747930,,UNMATCHED_IEEE,0,,ieee_scraped_20260205_170123.bib,
,11016608,,UNMATCHED_IEEE,0,2165-9567,ieee_scraped_20260205_170123.bib,
,11158292,,UNMATCHED_IEEE,0,,ieee_scraped_20260205_170123.bib,
,11194831,,UNMATCHED_IEEE,0,2161-377x,ieee_scraped_20260205_170123.bib,
,10987764,,UNMATCHED_IEEE,0,,ieee_scraped_20260205_170123.bib,
,10730665,,UNMATCHED_IEEE,0,,ieee_scraped_20260205_170123.bib,
,11236207,,UNMATCHED_IEEE,0,2771-1110,ieee_scraped_20260205_170123.bib,
,11331287,,UNMATCHED_IEEE,0,,ieee_scraped_20260205_170123.bib,
,11318707,,UNMATCHED_IEEE,0,,ieee_scraped_20260205_170123.bib,
,11181593,,UNMATCHED_IEEE,0,2379-0482,ieee_scraped_20260205_170123.bib,
,11193095,,UNMATCHED_IEEE,0,,ieee_scraped_20260205_170123.bib,
,10260931,,UNMATCHED_IEEE,0,2161-377x,ieee_scraped_20260205_170123.bib,
,9033430,,UNMATCHED_IEEE,0,,ieee_scraped_20260205_170123.bib,
,11194856,,UNMATCHED_IEEE,0,2161-377x,ieee_scraped_20260205_170123.bib,
,11016485,,UNMATCHED_IEEE,0,2165-9567,ieee_scraped_20260205_170123.bib,
,11270555,,UNMATCHED_IEEE,0,2768-1734,ieee_scraped_20260205_170123.bib,
,11123168,,UNMATCHED_IEEE,0,2169-3536,ieee_scraped_20260205_170123.bib,
,10577712,,UNMATCHED_IEEE,0,2837-4940,ieee_scraped_20260205_170123.bib,
,10139097,,UNMATCHED_IEEE,0,,ieee_scraped_20260205_170123.bib,
,11276096,,UNMATCHED_IEEE,0,,ieee_scraped_20260205_170123.bib,
,10871269,,UNMATCHED_IEEE,0,,ieee_scraped_20260205_170123.bib,
,10496974,,UNMATCHED_IEEE,0,,ieee_scraped_20260205_170211.bib,
,11304834,,UNMATCHED_IEEE,0,,ieee_scraped_20260205_170211.bib,
,11131750,,UNMATCHED_IEEE,0,1847-3938,ieee_scraped_20260205_170211.bib,
,9887421,,UNMATCHED_IEEE,0,,ieee_scraped_20260205_170211.bib,
,10778478,,UNMATCHED_IEEE,0,2770-4807,ieee_scraped_20260205_170211.bib,
,11129276,,UNMATCHED_IEEE,0,,ieee_scraped_20260205_170211.bib,
,10761175,,UNMATCHED_IEEE,0,,ieee_scraped_20260205_170211.bib,
,10645898,,UNMATCHED_IEEE,0,2161-377x,ieee_scraped_20260205_170211.bib,
,11011770,,UNMATCHED_IEEE,0,,ieee_scraped_20260205_170211.bib,
,11296122,,UNMATCHED_IEEE,0,,ieee_scraped_20260205_170211.bib,
,11159184,,UNMATCHED_IEEE,0,,ieee_scraped_20260205_170211.bib,
,10964965,,UNMATCHED_IEEE,0,,ieee_scraped_20260205_170211.bib,
,11060533,,UNMATCHED_IEEE,0,2576-8581,ieee_scraped_20260205_170211.bib,
,10960089,,UNMATCHED_IEEE,0,,ieee_scraped_20260205_170211.bib,
,10868955,,UNMATCHED_IEEE,0,,ieee_scraped_20260205_170211.bib,
,10813359,,UNMATCHED_IEEE,0,2169-3536,ieee_scraped_20260205_170211.bib,
,11197985,,UNMATCHED_IEEE,0,,ieee_scraped_20260205_170211.bib,
,10041783,,UNMATCHED_IEEE,0,1941-0077,ieee_scraped_20260205_170211.bib,
,10254282,,UNMATCHED_IEEE,0,2151-1535,ieee_scraped_20260205_170211.bib,
,10633465,,UNMATCHED_IEEE,0,2836-3795,ieee_scraped_20260205_170211.bib,
,11091881,,UNMATCHED_IEEE,0,,ieee_scraped_20260205_170211.bib,
,10493132,,UNMATCHED_IEEE,0,2151-1535,ieee_scraped_20260205_170211.bib,
,11363950,,UNMATCHED_IEEE,0,,ieee_scraped_20260205_170211.bib,
,11137623,,UNMATCHED_IEEE,0,2997-741x,ieee_scraped_20260205_170211.bib,
,11016406,,UNMATCHED_IEEE,0,2165-9567,ieee_scraped_20260205_170211.bib,
,10809928,,UNMATCHED_IEEE,0,,ieee_scraped_20260205_170211.bib,
,11194874,,UNMATCHED_IEEE,0,2161-377x,ieee_scraped_20260205_170211.bib,
,10452539,,UNMATCHED_IEEE,0,,ieee_scraped_20260205_170211.bib,
,11189645,,UNMATCHED_IEEE,0,,ieee_scraped_20260205_170211.bib,
,11158539,,UNMATCHED_IEEE,0,,ieee_scraped_20260205_170211.bib,
,9637396,,UNMATCHED_IEEE,0,2377-634x,ieee_scraped_20260205_170211.bib,
,11135945,,UNMATCHED_IEEE,0,,ieee_scraped_20260205_170211.bib,
,11016643,,UNMATCHED_IEEE,0,2165-9567,ieee_scraped_20260205_170211.bib,
,11124027,,UNMATCHED_IEEE,0,,ieee_scraped_20260205_170211.bib,
,10842781,,UNMATCHED_IEEE,0,,ieee_scraped_20260205_170211.bib,
,10754912,,UNMATCHED_IEEE,0,,ieee_scraped_20260205_170211.bib,
,9943552,,UNMATCHED_IEEE,0,1558-0644,ieee_scraped_20260205_170211.bib,
,10800804,,UNMATCHED_IEEE,0,,ieee_scraped_20260205_170211.bib,
,10409109,,UNMATCHED_IEEE,0,2693-2865,ieee_scraped_20260205_170211.bib,
,11254480,,UNMATCHED_IEEE,0,2693-8421,ieee_scraped_20260205_170211.bib,
,9115663,,UNMATCHED_IEEE,0,2169-3536,ieee_scraped_20260205_170211.bib,
,11230347,,UNMATCHED_IEEE,0,2169-3536,ieee_scraped_20260205_170211.bib,
,11368425,,UNMATCHED_IEEE,0,2476-2172,ieee_scraped_20260205_170211.bib,
,10893032,,UNMATCHED_IEEE,0,2377-634x,ieee_scraped_20260205_170211.bib,
,11200545,,UNMATCHED_IEEE,0,2473-5671,ieee_scraped_20260205_170211.bib,
,11208010,,UNMATCHED_IEEE,0,2575-8284,ieee_scraped_20260205_170211.bib,
,11155695,,UNMATCHED_IEEE,0,2766-6530,ieee_scraped_20260205_170211.bib,
,10605662,,UNMATCHED_IEEE,0,,ieee_scraped_20260205_170211.bib,
,10780947,,UNMATCHED_IEEE,0,1558-1748,ieee_scraped_20260205_170211.bib,
,11016449,,UNMATCHED_IEEE,0,2165-9567,ieee_scraped_20260205_170211.bib,
,10605237,,UNMATCHED_IEEE,0,,ieee_scraped_20260205_170211.bib,
,11136568,,UNMATCHED_IEEE,0,,ieee_scraped_20260205_170211.bib,
,10819226,,UNMATCHED_IEEE,0,,ieee_scraped_20260205_170211.bib,
,9761757,,UNMATCHED_IEEE,0,2168-2208,ieee_scraped_20260205_170211.bib,
,9201640,,UNMATCHED_IEEE,0,2473-9464,ieee_scraped_20260205_170211.bib,
,11337889,,UNMATCHED_IEEE,0,,ieee_scraped_20260205_170211.bib,
,11346586,,UNMATCHED_IEEE,0,,ieee_scraped_20260205_170211.bib,
,10980425,,UNMATCHED_IEEE,0,1941-0077,ieee_scraped_20260205_170211.bib,
,10345949,,UNMATCHED_IEEE,0,,ieee_scraped_20260205_170211.bib,
,11184267,,UNMATCHED_IEEE,0,2691-4581,ieee_scraped_20260205_170211.bib,
,10444552,,UNMATCHED_IEEE,0,2169-3536,ieee_scraped_20260205_170211.bib,
,11355077,,UNMATCHED_IEEE,0,,ieee_scraped_20260205_170211.bib,
,11297255,,UNMATCHED_IEEE,0,,ieee_scraped_20260205_170211.bib,
,10921817,,UNMATCHED_IEEE,0,,ieee_scraped_20260205_170211.bib,
,10113353,,UNMATCHED_IEEE,0,1557-9662,ieee_scraped_20260205_170211.bib,
,10834348,,UNMATCHED_IEEE,0,,ieee_scraped_20260205_170211.bib,
,11256341,,UNMATCHED_IEEE,0,2837-5025,ieee_scraped_20260205_170211.bib,
,11167221,,UNMATCHED_IEEE,0,,ieee_scraped_20260205_170211.bib,
,11168629,,UNMATCHED_IEEE,0,,ieee_scraped_20260205_170211.bib,
,10892813,,UNMATCHED_IEEE,0,2377-634x,ieee_scraped_20260205_170211.bib,
,11016490,,UNMATCHED_IEEE,0,2165-9567,ieee_scraped_20260205_170211.bib,
,11211389,,UNMATCHED_IEEE,0,,ieee_scraped_20260205_170211.bib,
,10976186,,UNMATCHED_IEEE,0,,ieee_scraped_20260205_170211.bib,
,11176756,,UNMATCHED_IEEE,0,,ieee_scraped_20260205_170211.bib,
,11155751,,UNMATCHED_IEEE,0,,ieee_scraped_20260205_170211.bib,
,11346592,,UNMATCHED_IEEE,0,,ieee_scraped_20260205_170211.bib,
,10690857,,UNMATCHED_IEEE,0,,ieee_scraped_20260205_170211.bib,
,10578748,,UNMATCHED_IEEE,0,2165-9567,ieee_scraped_20260205_170211.bib,
,9836466,,UNMATCHED_IEEE,0,2693-2865,ieee_scraped_20260205_170211.bib,
,10531039,,UNMATCHED_IEEE,0,1939-1382,ieee_scraped_20260205_170211.bib,
,11304196,,UNMATCHED_IEEE,0,2329-924x,ieee_scraped_20260205_170211.bib,
,10925100,,UNMATCHED_IEEE,0,2993-396x,ieee_scraped_20260205_170211.bib,
,10778811,,UNMATCHED_IEEE,0,2572-7621,ieee_scraped_20260205_170211.bib,
,10578820,,UNMATCHED_IEEE,0,2165-9567,ieee_scraped_20260205_170211.bib,
,11081240,,UNMATCHED_IEEE,0,,ieee_scraped_20260205_170211.bib,
,10504107,,UNMATCHED_IEEE,0,1544-5976,ieee_scraped_20260205_170211.bib,
,10474015,,UNMATCHED_IEEE,0,2169-3536,ieee_scraped_20260205_170211.bib,
,10843681,,UNMATCHED_IEEE,0,2169-3536,ieee_scraped_20260205_170211.bib,
,11016577,,UNMATCHED_IEEE,0,2165-9567,ieee_scraped_20260205_170211.bib,
,10867024,,UNMATCHED_IEEE,0,,ieee_scraped_20260205_170211.bib,
,10842937,,UNMATCHED_IEEE,0,,ieee_scraped_20260205_170211.bib,
,10222135,,UNMATCHED_IEEE,0,,ieee_scraped_20260205_170211.bib,
,11144984,,UNMATCHED_IEEE,0,2642-6102,ieee_scraped_20260205_170211.bib,
,10726281,,UNMATCHED_IEEE,0,2473-7674,ieee_scraped_20260205_170211.bib,
,10552736,,UNMATCHED_IEEE,0,2169-3536,ieee_scraped_20260205_170211.bib,
,9233366,,UNMATCHED_IEEE,0,2162-2388,ieee_scraped_20260205_170211.bib,
,10008604,,UNMATCHED_IEEE,0,,ieee_scraped_20260205_170211.bib,
,11071118,,UNMATCHED_IEEE,0,,ieee_scraped_20260205_170211.bib,
,11022004,,UNMATCHED_IEEE,0,,ieee_scraped_20260205_170211.bib,
,11016531,,UNMATCHED_IEEE,0,2165-9567,ieee_scraped_20260205_170321.bib,
,11152548,,UNMATCHED_IEEE,0,1939-1382,ieee_scraped_20260205_170321.bib,
,11170322,,UNMATCHED_IEEE,0,2169-3536,ieee_scraped_20260205_170321.bib,
,11232237,,UNMATCHED_IEEE,0,,ieee_scraped_20260205_170321.bib,
,11262218,,UNMATCHED_IEEE,0,1558-0644,ieee_scraped_20260205_170321.bib,
,10223662,,UNMATCHED_IEEE,0,2642-6102,ieee_scraped_20260205_170321.bib,
,11011879,,UNMATCHED_IEEE,0,,ieee_scraped_20260205_170321.bib,
,11337848,,UNMATCHED_IEEE,0,,ieee_scraped_20260205_170321.bib,
,10798967,,UNMATCHED_IEEE,0,2691-4581,ieee_scraped_20260205_170321.bib,
,11016517,,UNMATCHED_IEEE,0,2165-9567,ieee_scraped_20260205_170321.bib,
,10707920,,UNMATCHED_IEEE,0,2472-0070,ieee_scraped_20260205_170321.bib,
,11351807,,UNMATCHED_IEEE,0,2640-0227,ieee_scraped_20260205_170321.bib,
,11059126,,UNMATCHED_IEEE,0,2642-7354,ieee_scraped_20260205_170321.bib,
,10963239,,UNMATCHED_IEEE,0,,ieee_scraped_20260205_170321.bib,
,9849644,,UNMATCHED_IEEE,0,2169-3536,ieee_scraped_20260205_170321.bib,
,10113742,,UNMATCHED_IEEE,0,1939-3539,ieee_scraped_20260205_170321.bib,
,10345703,,UNMATCHED_IEEE,0,1939-3539,ieee_scraped_20260205_170321.bib,
,10974956,,UNMATCHED_IEEE,0,2169-3536,ieee_scraped_20260205_170321.bib,
,10904413,,UNMATCHED_IEEE,0,,ieee_scraped_20260205_170321.bib,
,9739118,,UNMATCHED_IEEE,0,,ieee_scraped_20260205_170321.bib,
,10903146,,UNMATCHED_IEEE,0,2637-6415,ieee_scraped_20260205_170321.bib,
,11319070,,UNMATCHED_IEEE,0,,ieee_scraped_20260205_170321.bib,
,10897793,,UNMATCHED_IEEE,0,2327-4662,ieee_scraped_20260205_170321.bib,
,11072910,,UNMATCHED_IEEE,0,1939-1382,ieee_scraped_20260205_170321.bib,
,11204503,,UNMATCHED_IEEE,0,2169-3536,ieee_scraped_20260205_170321.bib,
,10893133,,UNMATCHED_IEEE,0,2377-634x,ieee_scraped_20260205_170321.bib,
,10286608,,UNMATCHED_IEEE,0,2521-1641,ieee_scraped_20260205_170321.bib,
,11219301,,UNMATCHED_IEEE,0,1939-1382,ieee_scraped_20260205_170321.bib,
,10759962,,UNMATCHED_IEEE,0,,ieee_scraped_20260205_170321.bib,
,11346637,,UNMATCHED_IEEE,0,,ieee_scraped_20260205_170321.bib,
,11212025,,UNMATCHED_IEEE,0,,ieee_scraped_20260205_170321.bib,
,11207751,,UNMATCHED_IEEE,0,2575-8284,ieee_scraped_20260205_170321.bib,
,10830556,,UNMATCHED_IEEE,0,1939-1382,ieee_scraped_20260205_170321.bib,
,10926861,,UNMATCHED_IEEE,0,1556-6080,ieee_scraped_20260205_170321.bib,
,11077726,,UNMATCHED_IEEE,0,1558-0660,ieee_scraped_20260205_170321.bib,
,10493063,,UNMATCHED_IEEE,0,2163-6982,ieee_scraped_20260205_170321.bib,
,11104915,,UNMATCHED_IEEE,0,,ieee_scraped_20260205_170321.bib,
,11369511,,UNMATCHED_IEEE,0,2771-6058,ieee_scraped_20260205_170321.bib,
,10709187,,UNMATCHED_IEEE,0,,ieee_scraped_20260205_170321.bib,
,10382492,,UNMATCHED_IEEE,0,2691-4581,ieee_scraped_20260205_170321.bib,
,10837605,,UNMATCHED_IEEE,0,2473-2060,ieee_scraped_20260205_170321.bib,
,11022295,,UNMATCHED_IEEE,0,,ieee_scraped_20260205_170321.bib,
,10569253,,UNMATCHED_IEEE,0,2623-8764,ieee_scraped_20260205_170321.bib,
,10721454,,UNMATCHED_IEEE,0,2169-3536,ieee_scraped_20260205_170321.bib,
,11129352,,UNMATCHED_IEEE,0,,ieee_scraped_20260205_170321.bib,
,11137606,,UNMATCHED_IEEE,0,2997-741x,ieee_scraped_20260205_170321.bib,
,11299724,,UNMATCHED_IEEE,0,,ieee_scraped_20260205_170321.bib,
,10114409,,UNMATCHED_IEEE,0,1558-0644,ieee_scraped_20260205_170321.bib,
,9494720,,UNMATCHED_IEEE,0,1558-0571,ieee_scraped_20260205_170321.bib,
,10906630,,UNMATCHED_IEEE,0,2162-2388,ieee_scraped_20260205_170321.bib,
,11016386,,UNMATCHED_IEEE,0,2165-9567,ieee_scraped_20260205_170321.bib,
,11290137,,UNMATCHED_IEEE,0,,ieee_scraped_20260205_170321.bib,
,11210536,,UNMATCHED_IEEE,0,,ieee_scraped_20260205_170321.bib,
,11328136,,UNMATCHED_IEEE,0,2377-634x,ieee_scraped_20260205_170321.bib,
,11005527,,UNMATCHED_IEEE,0,2169-3536,ieee_scraped_20260205_170321.bib,
,10845784,,UNMATCHED_IEEE,0,2169-3536,ieee_scraped_20260205_170321.bib,
,10893017,,UNMATCHED_IEEE,0,2377-634x,ieee_scraped_20260205_170321.bib,
,9123388,,UNMATCHED_IEEE,0,2169-3536,ieee_scraped_20260205_170321.bib,
,10747947,,UNMATCHED_IEEE,0,,ieee_scraped_20260205_170321.bib,
,11369728,,UNMATCHED_IEEE,0,2771-6058,ieee_scraped_20260205_170321.bib,
,9483563,,UNMATCHED_IEEE,0,2049-3630,ieee_scraped_20260205_170321.bib,
,11254167,,UNMATCHED_IEEE,0,2693-8421,ieee_scraped_20260205_170321.bib,
,9290435,,UNMATCHED_IEEE,0,1939-3539,ieee_scraped_20260205_170321.bib,
,11332329,,UNMATCHED_IEEE,0,,ieee_scraped_20260205_170321.bib,
,11158472,,UNMATCHED_IEEE,0,,ieee_scraped_20260205_170321.bib,
,10968178,,UNMATCHED_IEEE,0,,ieee_scraped_20260205_170321.bib,
,10506539,,UNMATCHED_IEEE,0,1558-156x,ieee_scraped_20260205_170321.bib,
,9288324,,UNMATCHED_IEEE,0,2375-0197,ieee_scraped_20260205_170321.bib,
,8576508,,UNMATCHED_IEEE,0,2169-3536,ieee_scraped_20260205_170321.bib,
,10975835,,UNMATCHED_IEEE,0,,ieee_scraped_20260205_170321.bib,
,10468754,,UNMATCHED_IEEE,0,,ieee_scraped_20260205_170321.bib,
,11172764,,UNMATCHED_IEEE,0,,ieee_scraped_20260205_170321.bib,
,10391517,,UNMATCHED_IEEE,0,,ieee_scraped_20260205_170321.bib,
,11250949,,UNMATCHED_IEEE,0,1939-3539,ieee_scraped_20260205_170321.bib,
,10893388,,UNMATCHED_IEEE,0,2377-634x,ieee_scraped_20260205_170321.bib,
,10578746,,UNMATCHED_IEEE,0,2165-9567,ieee_scraped_20260205_170321.bib,
,10311876,,UNMATCHED_IEEE,0,2577-1647,ieee_scraped_20260205_170321.bib,
,11328186,,UNMATCHED_IEEE,0,2377-634x,ieee_scraped_20260205_170321.bib,
,10842667,,UNMATCHED_IEEE,0,,ieee_scraped_20260205_170321.bib,
,10578778,,UNMATCHED_IEEE,0,2165-9567,ieee_scraped_20260205_170321.bib,
,10721463,,UNMATCHED_IEEE,0,2169-3536,ieee_scraped_20260205_170321.bib,
,10464342,,UNMATCHED_IEEE,0,1558-2205,ieee_scraped_20260205_170321.bib,
,11136300,,UNMATCHED_IEEE,0,,ieee_scraped_20260205_170321.bib,
,10589186,,UNMATCHED_IEEE,0,2770-0682,ieee_scraped_20260205_170321.bib,
,10879083,,UNMATCHED_IEEE,0,1558-0644,ieee_scraped_20260205_170321.bib,
,10994563,,UNMATCHED_IEEE,0,1939-1382,ieee_scraped_20260205_170321.bib,
,11140668,,UNMATCHED_IEEE,0,,ieee_scraped_20260205_170321.bib,
,10331981,,UNMATCHED_IEEE,0,,ieee_scraped_20260205_170321.bib,
,10539833,,UNMATCHED_IEEE,0,,ieee_scraped_20260205_170321.bib,
,9650845,,UNMATCHED_IEEE,0,1558-2205,ieee_scraped_20260205_170321.bib,
,10932698,,UNMATCHED_IEEE,0,1558-0016,ieee_scraped_20260205_170321.bib,
,10835040,,UNMATCHED_IEEE,0,,ieee_scraped_20260205_170321.bib,
,10975909,,UNMATCHED_IEEE,0,,ieee_scraped_20260205_170321.bib,
,10638024,,UNMATCHED_IEEE,0,2169-3536,ieee_scraped_20260205_170321.bib,
,11092086,,UNMATCHED_IEEE,0,,ieee_scraped_20260205_170321.bib,
,11166230,,UNMATCHED_IEEE,0,,ieee_scraped_20260205_170321.bib,
,11103654,,UNMATCHED_IEEE,0,2154-0373,ieee_scraped_20260205_170321.bib,
,10986983,,UNMATCHED_IEEE,0,,ieee_scraped_20260205_170321.bib,
,11358434,,UNMATCHED_IEEE,0,1558-0644,ieee_scraped_20260205_170321.bib,
,10605388,,UNMATCHED_IEEE,0,,ieee_scraped_20260205_170321.bib,
,10581552,,UNMATCHED_IEEE,0,,ieee_scraped_20260205_170431.bib,
,11329997,,UNMATCHED_IEEE,0,2767-7087,ieee_scraped_20260205_170431.bib,
,9836707,,UNMATCHED_IEEE,0,2693-2865,ieee_scraped_20260205_170431.bib,
,11341491,,UNMATCHED_IEEE,0,,ieee_scraped_20260205_170431.bib,
,10842898,,UNMATCHED_IEEE,0,,ieee_scraped_20260205_170431.bib,
,11271047,,UNMATCHED_IEEE,0,1558-4135,ieee_scraped_20260205_170431.bib,
,11351607,,UNMATCHED_IEEE,0,2640-0227,ieee_scraped_20260205_170431.bib,
,10604540,,UNMATCHED_IEEE,0,2769-3554,ieee_scraped_20260205_170431.bib,
,11087975,,UNMATCHED_IEEE,0,,ieee_scraped_20260205_170431.bib,
,10308930,,UNMATCHED_IEEE,0,,ieee_scraped_20260205_170431.bib,
,9328201,,UNMATCHED_IEEE,0,1558-0644,ieee_scraped_20260205_170431.bib,
,10992119,,UNMATCHED_IEEE,0,,ieee_scraped_20260205_170431.bib,
,11091381,,UNMATCHED_IEEE,0,2168-2208,ieee_scraped_20260205_170431.bib,
,10923798,,UNMATCHED_IEEE,0,,ieee_scraped_20260205_170431.bib,
,9894305,,UNMATCHED_IEEE,0,2374-9628,ieee_scraped_20260205_170431.bib,
,10529221,,UNMATCHED_IEEE,0,1553-877x,ieee_scraped_20260205_170431.bib,
,11182632,,UNMATCHED_IEEE,0,,ieee_scraped_20260205_170431.bib,
,9931463,,UNMATCHED_IEEE,0,1941-0018,ieee_scraped_20260205_170431.bib,
,11142759,,UNMATCHED_IEEE,0,2169-3536,ieee_scraped_20260205_170431.bib,
,11284234,,UNMATCHED_IEEE,0,2771-1358,ieee_scraped_20260205_170431.bib,
,10398324,,UNMATCHED_IEEE,0,,ieee_scraped_20260205_170431.bib,
,11346125,,UNMATCHED_IEEE,0,,ieee_scraped_20260205_170431.bib,
,11197413,,UNMATCHED_IEEE,0,1847-358x,ieee_scraped_20260205_170431.bib,
,11368405,,UNMATCHED_IEEE,0,2476-2172,ieee_scraped_20260205_170431.bib,
,10584909,,UNMATCHED_IEEE,0,,ieee_scraped_20260205_170431.bib,
,10589720,,UNMATCHED_IEEE,0,1558-0644,ieee_scraped_20260205_170431.bib,
,11090063,,UNMATCHED_IEEE,0,1991-1696,ieee_scraped_20260205_170431.bib,
,11008900,,UNMATCHED_IEEE,0,1941-0034,ieee_scraped_20260205_170431.bib,
,10664887,,UNMATCHED_IEEE,0,2473-7623,ieee_scraped_20260205_170431.bib,
,11091983,,UNMATCHED_IEEE,0,,ieee_scraped_20260205_170431.bib,
,11016475,,UNMATCHED_IEEE,0,2165-9567,ieee_scraped_20260205_170431.bib,
,11164688,,UNMATCHED_IEEE,0,9783111474274,ieee_scraped_20260205_170431.bib,
,10187129,,UNMATCHED_IEEE,0,2169-3536,ieee_scraped_20260205_170431.bib,
,10557650,,UNMATCHED_IEEE,0,1558-0008,ieee_scraped_20260205_170431.bib,
,9638494,,UNMATCHED_IEEE,0,2169-3536,ieee_scraped_20260205_170431.bib,
,10643310,,UNMATCHED_IEEE,0,1558-0660,ieee_scraped_20260205_170431.bib,
,11270083,,UNMATCHED_IEEE,0,,ieee_scraped_20260205_170431.bib,
,11016298,,UNMATCHED_IEEE,0,2165-9567,ieee_scraped_20260205_170431.bib,
,11053810,,UNMATCHED_IEEE,0,2169-3536,ieee_scraped_20260205_170431.bib,
,9043519,,UNMATCHED_IEEE,0,2169-3536,ieee_scraped_20260205_170431.bib,
,10578821,,UNMATCHED_IEEE,0,2165-9567,ieee_scraped_20260205_170431.bib,
,10398369,,UNMATCHED_IEEE,0,,ieee_scraped_20260205_170431.bib,
,11346609,,UNMATCHED_IEEE,0,,ieee_scraped_20260205_170431.bib,
,9416434,,UNMATCHED_IEEE,0,2169-3536,ieee_scraped_20260205_170431.bib,
,11328606,,UNMATCHED_IEEE,0,2377-634x,ieee_scraped_20260205_170431.bib,
,10874155,,UNMATCHED_IEEE,0,1939-1382,ieee_scraped_20260205_170431.bib,
,11129292,,UNMATCHED_IEEE,0,,ieee_scraped_20260205_170431.bib,
,10242366,,UNMATCHED_IEEE,0,2379-8904,ieee_scraped_20260205_170431.bib,
,11250921,,UNMATCHED_IEEE,0,1558-0660,ieee_scraped_20260205_170431.bib,
,11346758,,UNMATCHED_IEEE,0,,ieee_scraped_20260205_170431.bib,
,9729410,,UNMATCHED_IEEE,0,1941-0077,ieee_scraped_20260205_170431.bib,
,11244061,,UNMATCHED_IEEE,0,2153-7003,ieee_scraped_20260205_170431.bib,
,10767244,,UNMATCHED_IEEE,0,2169-3536,ieee_scraped_20260205_170431.bib,
,10286417,,UNMATCHED_IEEE,0,1558-2213,ieee_scraped_20260205_170431.bib,
,11276063,,UNMATCHED_IEEE,0,,ieee_scraped_20260205_170431.bib,
,10206435,,UNMATCHED_IEEE,0,2168-2275,ieee_scraped_20260205_170431.bib,
,11194853,,UNMATCHED_IEEE,0,2161-377x,ieee_scraped_20260205_170431.bib,
,11175002,,UNMATCHED_IEEE,0,2691-4581,ieee_scraped_20260205_170431.bib,
,11147246,,UNMATCHED_IEEE,0,2473-7623,ieee_scraped_20260205_170431.bib,
,10948496,,UNMATCHED_IEEE,0,1941-0026,ieee_scraped_20260205_170431.bib,
,11052933,,UNMATCHED_IEEE,0,,ieee_scraped_20260205_170431.bib,
,10526446,,UNMATCHED_IEEE,0,1941-0034,ieee_scraped_20260205_170431.bib,
,11303878,,UNMATCHED_IEEE,0,1558-156x,ieee_scraped_20260205_170431.bib,
,10685655,,UNMATCHED_IEEE,0,2766-2144,ieee_scraped_20260205_170431.bib,
,11340978,,UNMATCHED_IEEE,0,,ieee_scraped_20260205_170431.bib,
,10672966,,UNMATCHED_IEEE,0,,ieee_scraped_20260205_170431.bib,
,10505157,,UNMATCHED_IEEE,0,1558-0644,ieee_scraped_20260205_170431.bib,
,10606943,,UNMATCHED_IEEE,0,1941-0050,ieee_scraped_20260205_170431.bib,
,10812716,,UNMATCHED_IEEE,0,2169-3536,ieee_scraped_20260205_170431.bib,
,10834031,,UNMATCHED_IEEE,0,9781394278688,ieee_scraped_20260205_170431.bib,
,10975950,,UNMATCHED_IEEE,0,,ieee_scraped_20260205_170431.bib,
,10898626,,UNMATCHED_IEEE,0,,ieee_scraped_20260205_170431.bib,
,11144915,,UNMATCHED_IEEE,0,1939-1382,ieee_scraped_20260205_170431.bib,
,10947841,,UNMATCHED_IEEE,0,,ieee_scraped_20260205_170431.bib,
,10855559,,UNMATCHED_IEEE,0,1941-0077,ieee_scraped_20260205_170431.bib,
,9928427,,UNMATCHED_IEEE,0,2168-2275,ieee_scraped_20260205_170431.bib,
,11221450,,UNMATCHED_IEEE,0,,ieee_scraped_20260205_170431.bib,
,10879482,,UNMATCHED_IEEE,0,2327-4662,ieee_scraped_20260205_170431.bib,
,10739326,,UNMATCHED_IEEE,0,,ieee_scraped_20260205_170431.bib,
,11016448,,UNMATCHED_IEEE,0,2165-9567,ieee_scraped_20260205_170431.bib,
,11099833,,UNMATCHED_IEEE,0,,ieee_scraped_20260205_170431.bib,
,8667290,,UNMATCHED_IEEE,0,2169-3536,ieee_scraped_20260205_170431.bib,
,10578809,,UNMATCHED_IEEE,0,2165-9567,ieee_scraped_20260205_170431.bib,
,10197028,,UNMATCHED_IEEE,0,0730-3157,ieee_scraped_20260205_170431.bib,
,10957803,,UNMATCHED_IEEE,0,,ieee_scraped_20260205_170431.bib,
,11141522,,UNMATCHED_IEEE,0,1939-3539,ieee_scraped_20260205_170431.bib,
,11219055,,UNMATCHED_IEEE,0,1941-1189,ieee_scraped_20260205_170431.bib,
,10948250,,UNMATCHED_IEEE,0,,ieee_scraped_20260205_170431.bib,
,11024834,,UNMATCHED_IEEE,0,,ieee_scraped_20260205_170431.bib,
,11352898,,UNMATCHED_IEEE,0,,ieee_scraped_20260205_170431.bib,
,10840530,,UNMATCHED_IEEE,0,,ieee_scraped_20260205_170431.bib,
,9999180,,UNMATCHED_IEEE,0,2169-3536,ieee_scraped_20260205_170431.bib,
,11155671,,UNMATCHED_IEEE,0,,ieee_scraped_20260205_170431.bib,
,10151014,,UNMATCHED_IEEE,0,,ieee_scraped_20260205_170431.bib,
,10398474,,UNMATCHED_IEEE,0,1553-877x,ieee_scraped_20260205_170431.bib,
,10107487,,UNMATCHED_IEEE,0,1558-2205,ieee_scraped_20260205_170431.bib,
,10955131,,UNMATCHED_IEEE,0,1941-0018,ieee_scraped_20260205_170431.bib,
,10414101,,UNMATCHED_IEEE,0,2169-3536,ieee_scraped_20260205_170431.bib,
,11360117,,UNMATCHED_IEEE,0,,ieee_scraped_20260205_170431.bib,
,11226753,,UNMATCHED_IEEE,0,,ieee_scraped_20260205_170509.bib,
,11070773,,UNMATCHED_IEEE,0,,ieee_scraped_20260205_170509.bib,
,11072164,,UNMATCHED_IEEE,0,2169-3536,ieee_scraped_20260205_170509.bib,
,10570408,,UNMATCHED_IEEE,0,2169-3536,ieee_scraped_20260205_170509.bib,
,10814653,,UNMATCHED_IEEE,0,1941-0077,ieee_scraped_20260205_170509.bib,
,11189834,,UNMATCHED_IEEE,0,,ieee_scraped_20260205_170509.bib,
,10457279,,UNMATCHED_IEEE,0,2767-7699,ieee_scraped_20260205_170509.bib,
,11301795,,UNMATCHED_IEEE,0,1558-3783,ieee_scraped_20260205_170509.bib,
,10910483,,UNMATCHED_IEEE,0,,ieee_scraped_20260205_170509.bib,
,11131784,,UNMATCHED_IEEE,0,1847-3938,ieee_scraped_20260205_170509.bib,
,10823299,,UNMATCHED_IEEE,0,,ieee_scraped_20260205_170509.bib,
,10925045,,UNMATCHED_IEEE,0,2993-396x,ieee_scraped_20260205_170509.bib,
,10855050,,UNMATCHED_IEEE,0,2837-4800,ieee_scraped_20260205_170509.bib,
,11359542,,UNMATCHED_IEEE,0,1558-0660,ieee_scraped_20260205_170509.bib,
,11147616,,UNMATCHED_IEEE,0,2160-7516,ieee_scraped_20260205_170509.bib,
,10679470,,UNMATCHED_IEEE,0,,ieee_scraped_20260205_170509.bib,
,10285884,,UNMATCHED_IEEE,0,1939-1382,ieee_scraped_20260205_170509.bib,
,9082609,,UNMATCHED_IEEE,0,2169-3536,ieee_scraped_20260205_170509.bib,
,11360364,,UNMATCHED_IEEE,0,,ieee_scraped_20260205_170509.bib,
,11104869,,UNMATCHED_IEEE,0,,ieee_scraped_20260205_170509.bib,
,11317999,,UNMATCHED_IEEE,0,2471-285x,ieee_scraped_20260205_170509.bib,
,10445290,,UNMATCHED_IEEE,0,1558-0644,ieee_scraped_20260205_170509.bib,
,10851279,,UNMATCHED_IEEE,0,2169-3536,ieee_scraped_20260205_170509.bib,
,10718785,,UNMATCHED_IEEE,0,,ieee_scraped_20260205_170509.bib,
,10508087,,UNMATCHED_IEEE,0,1939-1382,ieee_scraped_20260205_170509.bib,
,11328287,,UNMATCHED_IEEE,0,2377-634x,ieee_scraped_20260205_170509.bib,
,10155164,,UNMATCHED_IEEE,0,1558-2205,ieee_scraped_20260205_170509.bib,
,11137620,,UNMATCHED_IEEE,0,2997-741x,ieee_scraped_20260205_170509.bib,
,9143474,,UNMATCHED_IEEE,0,1558-0644,ieee_scraped_20260205_170509.bib,
,11124413,,UNMATCHED_IEEE,0,1939-3539,ieee_scraped_20260205_170509.bib,
,9925768,,UNMATCHED_IEEE,0,2155-7209,ieee_scraped_20260205_170509.bib,
,10496083,,UNMATCHED_IEEE,0,1558-0644,ieee_scraped_20260205_170509.bib,
,11307933,,UNMATCHED_IEEE,0,,ieee_scraped_20260205_170509.bib,
,11362985,,UNMATCHED_IEEE,0,1941-014x,ieee_scraped_20260205_170509.bib,
,9778236,,UNMATCHED_IEEE,0,2329-924x,ieee_scraped_20260205_170509.bib,
,11256359,,UNMATCHED_IEEE,0,,ieee_scraped_20260205_170509.bib,
,10651295,,UNMATCHED_IEEE,0,2161-4407,ieee_scraped_20260205_170509.bib,
,10730450,,UNMATCHED_IEEE,0,,ieee_scraped_20260205_170509.bib,
,10363131,,UNMATCHED_IEEE,0,1941-0042,ieee_scraped_20260205_170509.bib,
,11281210,,UNMATCHED_IEEE,0,,ieee_scraped_20260205_170509.bib,
,10680046,,UNMATCHED_IEEE,0,2169-3536,ieee_scraped_20260205_170509.bib,
,9533625,,UNMATCHED_IEEE,0,2161-4407,ieee_scraped_20260205_170509.bib,
,10608135,,UNMATCHED_IEEE,0,2327-4662,ieee_scraped_20260205_170509.bib,
,10806716,,UNMATCHED_IEEE,0,2169-3536,ieee_scraped_20260205_170509.bib,
,9418456,,UNMATCHED_IEEE,0,,ieee_scraped_20260205_170509.bib,
,9194389,,UNMATCHED_IEEE,0,2162-2388,ieee_scraped_20260205_170509.bib,
,11147254,,UNMATCHED_IEEE,0,2473-7623,ieee_scraped_20260205_170509.bib,
,10817593,,UNMATCHED_IEEE,0,1558-0644,ieee_scraped_20260205_170509.bib,
,11280562,,UNMATCHED_IEEE,0,,ieee_scraped_20260205_170509.bib,
,10716549,,UNMATCHED_IEEE,0,2327-4662,ieee_scraped_20260205_170509.bib,
,11082779,,UNMATCHED_IEEE,0,,ieee_scraped_20260205_170509.bib,
,11313080,,UNMATCHED_IEEE,0,2327-4662,ieee_scraped_20260205_170509.bib,
,10568963,,UNMATCHED_IEEE,0,1557-9662,ieee_scraped_20260205_170509.bib,
,8887504,,UNMATCHED_IEEE,0,2169-3536,ieee_scraped_20260205_170509.bib,
,11202504,,UNMATCHED_IEEE,0,2169-3536,ieee_scraped_20260205_170509.bib,
,11303911,,UNMATCHED_IEEE,0,2327-4697,ieee_scraped_20260205_170509.bib,
,10493594,,UNMATCHED_IEEE,0,,ieee_scraped_20260205_170509.bib,
,10870281,,UNMATCHED_IEEE,0,1558-0644,ieee_scraped_20260205_170509.bib,
,11143484,,UNMATCHED_IEEE,0,2766-8568,ieee_scraped_20260205_170509.bib,
,9947048,,UNMATCHED_IEEE,0,2169-3536,ieee_scraped_20260205_170509.bib,
,10916737,,UNMATCHED_IEEE,0,1558-2205,ieee_scraped_20260205_170509.bib,
,10842834,,UNMATCHED_IEEE,0,,ieee_scraped_20260205_170509.bib,
,10545853,,UNMATCHED_IEEE,0,,ieee_scraped_20260205_170509.bib,
,11138010,,UNMATCHED_IEEE,0,1556-6021,ieee_scraped_20260205_170509.bib,
,9707604,,UNMATCHED_IEEE,0,2162-2388,ieee_scraped_20260205_170509.bib,
,9318504,,UNMATCHED_IEEE,0,1941-0042,ieee_scraped_20260205_170509.bib,
,11328708,,UNMATCHED_IEEE,0,2377-634x,ieee_scraped_20260205_170509.bib,
,10036438,,UNMATCHED_IEEE,0,2169-3536,ieee_scraped_20260205_170509.bib,
,11190240,,UNMATCHED_IEEE,0,2770-6834,ieee_scraped_20260205_170509.bib,
,6896010,,UNMATCHED_IEEE,0,1934-1768,ieee_scraped_20260205_170509.bib,
,10584320,,UNMATCHED_IEEE,0,1939-1374,ieee_scraped_20260205_170509.bib,
,10540389,,UNMATCHED_IEEE,0,1557-9662,ieee_scraped_20260205_170509.bib,
,10398515,,UNMATCHED_IEEE,0,1941-0077,ieee_scraped_20260205_170509.bib,
,10669055,,UNMATCHED_IEEE,0,1558-2205,ieee_scraped_20260205_170509.bib,
,11334473,,UNMATCHED_IEEE,0,2151-0849,ieee_scraped_20260205_170509.bib,
,10568629,,UNMATCHED_IEEE,0,,ieee_scraped_20260205_170509.bib,
,10360101,,UNMATCHED_IEEE,0,1558-0571,ieee_scraped_20260205_170509.bib,
,11025240,,UNMATCHED_IEEE,0,,ieee_scraped_20260205_170509.bib,
,11037452,,UNMATCHED_IEEE,0,2327-4662,ieee_scraped_20260205_170509.bib,
,11232377,,UNMATCHED_IEEE,0,,ieee_scraped_20260205_170509.bib,
,11254974,,UNMATCHED_IEEE,0,2694-0604,ieee_scraped_20260205_170509.bib,
,10401239,,UNMATCHED_IEEE,0,1558-0644,ieee_scraped_20260205_170509.bib,
,11015969,,UNMATCHED_IEEE,0,2169-3536,ieee_scraped_20260205_170509.bib,
,8957359,,UNMATCHED_IEEE,0,1941-0042,ieee_scraped_20260205_170509.bib,
,9272961,,UNMATCHED_IEEE,0,2169-3536,ieee_scraped_20260205_170509.bib,
,10463512,,UNMATCHED_IEEE,0,2831-6983,ieee_scraped_20260205_170509.bib,
,9361225,,UNMATCHED_IEEE,0,1939-3539,ieee_scraped_20260205_170509.bib,
,10203862,,UNMATCHED_IEEE,0,2575-7075,ieee_scraped_20260205_170509.bib,
,10931974,,UNMATCHED_IEEE,0,,ieee_scraped_20260205_170509.bib,
,9276871,,UNMATCHED_IEEE,0,,ieee_scraped_20260205_170509.bib,
,9746675,,UNMATCHED_IEEE,0,2379-190x,ieee_scraped_20260205_170509.bib,
,11328589,,UNMATCHED_IEEE,0,2377-634x,ieee_scraped_20260205_170509.bib,
,10723995,,UNMATCHED_IEEE,0,2473-7674,ieee_scraped_20260205_170509.bib,
,11186254,,UNMATCHED_IEEE,0,2379-8939,ieee_scraped_20260205_170509.bib,
,10332183,,UNMATCHED_IEEE,0,2169-3536,ieee_scraped_20260205_170509.bib,
,10525217,,UNMATCHED_IEEE,0,2327-4662,ieee_scraped_20260205_170509.bib,
,11318751,,UNMATCHED_IEEE,0,,ieee_scraped_20260205_170509.bib,
,11106256,,UNMATCHED_IEEE,0,1558-0660,ieee_scraped_20260205_170614.bib,
,10195178,,UNMATCHED_IEEE,0,2151-1535,ieee_scraped_20260205_170614.bib,
,10474008,,UNMATCHED_IEEE,0,2169-3536,ieee_scraped_20260205_170614.bib,
,11016293,,UNMATCHED_IEEE,0,2165-9567,ieee_scraped_20260205_170614.bib,
,9925992,,UNMATCHED_IEEE,0,2162-2388,ieee_scraped_20260205_170614.bib,
,10049409,,UNMATCHED_IEEE,0,2327-4662,ieee_scraped_20260205_170614.bib,
,11199888,,UNMATCHED_IEEE,0,2691-4581,ieee_scraped_20260205_170614.bib,
,10360155,,UNMATCHED_IEEE,0,1558-0644,ieee_scraped_20260205_170614.bib,
,9495812,,UNMATCHED_IEEE,0,2169-3536,ieee_scraped_20260205_170614.bib,
,11300491,,UNMATCHED_IEEE,0,,ieee_scraped_20260205_170614.bib,
,11030328,,UNMATCHED_IEEE,0,1941-0018,ieee_scraped_20260205_170614.bib,
,10223211,,UNMATCHED_IEEE,0,2169-3536,ieee_scraped_20260205_170614.bib,
,10091533,,UNMATCHED_IEEE,0,2169-3536,ieee_scraped_20260205_170614.bib,
,10815715,,UNMATCHED_IEEE,0,1544-5976,ieee_scraped_20260205_170614.bib,
,10980410,,UNMATCHED_IEEE,0,2151-1535,ieee_scraped_20260205_170614.bib,
,10772243,,UNMATCHED_IEEE,0,1558-0571,ieee_scraped_20260205_170614.bib,
,10586630,,UNMATCHED_IEEE,0,,ieee_scraped_20260205_170614.bib,
,11297403,,UNMATCHED_IEEE,0,2159-1423,ieee_scraped_20260205_170614.bib,
,10972074,,UNMATCHED_IEEE,0,1557-9662,ieee_scraped_20260205_170614.bib,
,10195891,,UNMATCHED_IEEE,0,1941-0050,ieee_scraped_20260205_170614.bib,
,10788188,,UNMATCHED_IEEE,0,,ieee_scraped_20260205_170614.bib,
,11244800,,UNMATCHED_IEEE,0,2169-3536,ieee_scraped_20260205_170614.bib,
,10217209,,UNMATCHED_IEEE,0,1553-877x,ieee_scraped_20260205_170614.bib,
,11091277,,UNMATCHED_IEEE,0,2169-3536,ieee_scraped_20260205_170614.bib,
,10531741,,UNMATCHED_IEEE,0,2169-3536,ieee_scraped_20260205_170614.bib,
,11016480,,UNMATCHED_IEEE,0,2165-9567,ieee_scraped_20260205_170614.bib,
,11300828,,UNMATCHED_IEEE,0,2327-4697,ieee_scraped_20260205_170614.bib,
,11214253,,UNMATCHED_IEEE,0,1941-0026,ieee_scraped_20260205_170614.bib,
,10729227,,UNMATCHED_IEEE,0,2169-3536,ieee_scraped_20260205_170614.bib,
,10570347,,UNMATCHED_IEEE,0,2691-4581,ieee_scraped_20260205_170614.bib,
,9233968,,UNMATCHED_IEEE,0,1939-3539,ieee_scraped_20260205_170614.bib,
,10061601,,UNMATCHED_IEEE,0,2327-4662,ieee_scraped_20260205_170614.bib,
,11293333,,UNMATCHED_IEEE,0,2687-8860,ieee_scraped_20260205_170614.bib,
,10531779,,UNMATCHED_IEEE,0,2162-2345,ieee_scraped_20260205_170614.bib,
,9119402,,UNMATCHED_IEEE,0,2169-3536,ieee_scraped_20260205_170614.bib,
,10552157,,UNMATCHED_IEEE,0,1558-4127,ieee_scraped_20260205_170614.bib,
,11132252,,UNMATCHED_IEEE,0,,ieee_scraped_20260205_170614.bib,
,9223631,,UNMATCHED_IEEE,0,2169-3536,ieee_scraped_20260205_170614.bib,
,8737929,,UNMATCHED_IEEE,0,2169-3536,ieee_scraped_20260205_170614.bib,
,8949485,,UNMATCHED_IEEE,0,2169-3536,ieee_scraped_20260205_170614.bib,
,9006830,,UNMATCHED_IEEE,0,2169-3536,ieee_scraped_20260205_170614.bib,
,10443664,,UNMATCHED_IEEE,0,1558-0644,ieee_scraped_20260205_170614.bib,
,11343717,,UNMATCHED_IEEE,0,,ieee_scraped_20260205_170614.bib,
,10918079,,UNMATCHED_IEEE,0,2642-3596,ieee_scraped_20260205_170614.bib,
,10707182,,UNMATCHED_IEEE,0,2151-1535,ieee_scraped_20260205_170614.bib,
,10195886,,UNMATCHED_IEEE,0,2162-2388,ieee_scraped_20260205_170614.bib,
,11000300,,UNMATCHED_IEEE,0,1557-9662,ieee_scraped_20260205_170614.bib,
,11091839,,UNMATCHED_IEEE,0,2575-7075,ieee_scraped_20260205_170614.bib,
,10893452,,UNMATCHED_IEEE,0,2377-634x,ieee_scraped_20260205_170614.bib,
,11184803,,UNMATCHED_IEEE,0,2169-3536,ieee_scraped_20260205_170614.bib,
,11023537,,UNMATCHED_IEEE,0,2327-4662,ieee_scraped_20260205_170614.bib,
,11164768,,UNMATCHED_IEEE,0,9783111425511,ieee_scraped_20260205_170614.bib,
,9893100,,UNMATCHED_IEEE,0,2169-3536,ieee_scraped_20260205_170614.bib,
,10889299,,UNMATCHED_IEEE,0,2379-190x,ieee_scraped_20260205_170614.bib,
,11100409,,UNMATCHED_IEEE,0,,ieee_scraped_20260205_170614.bib,
,11255683,,UNMATCHED_IEEE,0,,ieee_scraped_20260205_170614.bib,
,11201025,,UNMATCHED_IEEE,0,1941-0484,ieee_scraped_20260205_170614.bib,
,10677551,,UNMATCHED_IEEE,0,2169-3536,ieee_scraped_20260205_170614.bib,
,9762281,,UNMATCHED_IEEE,0,1558-2205,ieee_scraped_20260205_170614.bib,
,9335934,,UNMATCHED_IEEE,0,2169-3536,ieee_scraped_20260205_170614.bib,
,9762753,,UNMATCHED_IEEE,0,2687-7813,ieee_scraped_20260205_170614.bib,
,11192581,,UNMATCHED_IEEE,0,1558-0644,ieee_scraped_20260205_170614.bib,
,11023500,,UNMATCHED_IEEE,0,2375-1207,ieee_scraped_20260205_170614.bib,
,10439099,,UNMATCHED_IEEE,0,,ieee_scraped_20260205_170614.bib,
,9156345,,UNMATCHED_IEEE,0,2575-7075,ieee_scraped_20260205_170614.bib,
,11180845,,UNMATCHED_IEEE,0,1558-254x,ieee_scraped_20260205_170614.bib,
,10691066,,UNMATCHED_IEEE,0,,ieee_scraped_20260205_170614.bib,
,10541846,,UNMATCHED_IEEE,0,2769-4542,ieee_scraped_20260205_170614.bib,
,10820384,,UNMATCHED_IEEE,0,2156-8804,ieee_scraped_20260205_170614.bib,
,11255934,,UNMATCHED_IEEE,0,,ieee_scraped_20260205_170614.bib,
,9454090,,UNMATCHED_IEEE,0,2165-9567,ieee_scraped_20260205_170614.bib,
,9870777,,UNMATCHED_IEEE,0,2169-3536,ieee_scraped_20260205_170614.bib,
,11024989,,UNMATCHED_IEEE,0,,ieee_scraped_20260205_170614.bib,
,11062656,,UNMATCHED_IEEE,0,1941-0026,ieee_scraped_20260205_170614.bib,
,11094322,,UNMATCHED_IEEE,0,2575-7075,ieee_scraped_20260205_170614.bib,
,11003961,,UNMATCHED_IEEE,0,2169-3536,ieee_scraped_20260205_170614.bib,
,11204697,,UNMATCHED_IEEE,0,1939-1382,ieee_scraped_20260205_170614.bib,
,10349216,,UNMATCHED_IEEE,0,2168-2232,ieee_scraped_20260205_170614.bib,
,10054417,,UNMATCHED_IEEE,0,2691-4581,ieee_scraped_20260205_170614.bib,
,9888103,,UNMATCHED_IEEE,0,2169-3536,ieee_scraped_20260205_170614.bib,
,10605975,,UNMATCHED_IEEE,0,2768-3311,ieee_scraped_20260205_170614.bib,
,10581478,,UNMATCHED_IEEE,0,,ieee_scraped_20260205_170614.bib,
,10528538,,UNMATCHED_IEEE,0,,ieee_scraped_20260205_170614.bib,
,9828400,,UNMATCHED_IEEE,0,2169-3536,ieee_scraped_20260205_170614.bib,
,9201742,,UNMATCHED_IEEE,0,2473-9464,ieee_scraped_20260205_170614.bib,
,10056946,,UNMATCHED_IEEE,0,2169-3536,ieee_scraped_20260205_170614.bib,
,9344669,,UNMATCHED_IEEE,0,2169-3536,ieee_scraped_20260205_170614.bib,
,11202180,,UNMATCHED_IEEE,0,1558-2191,ieee_scraped_20260205_170614.bib,
,10559841,,UNMATCHED_IEEE,0,1558-0644,ieee_scraped_20260205_170614.bib,
,10842712,,UNMATCHED_IEEE,0,,ieee_scraped_20260205_170614.bib,
,10858749,,UNMATCHED_IEEE,0,1558-0644,ieee_scraped_20260205_170614.bib,
,11256231,,UNMATCHED_IEEE,0,2837-5025,ieee_scraped_20260205_170614.bib,
,10817610,,UNMATCHED_IEEE,0,2169-3536,ieee_scraped_20260205_170614.bib,
,10228101,,UNMATCHED_IEEE,0,2163-5145,ieee_scraped_20260205_170614.bib,
,9760261,,UNMATCHED_IEEE,0,1941-0042,ieee_scraped_20260205_170614.bib,
,11211425,,UNMATCHED_IEEE,0,,ieee_scraped_20260205_170614.bib,
,10873014,,UNMATCHED_IEEE,0,1558-0644,ieee_scraped_20260205_170614.bib,
,6272355,,UNMATCHED_IEEE,0,1941-0042,ieee_scraped_20260205_170614.bib,
,10957704,,UNMATCHED_IEEE,0,,ieee_scraped_20260205_170614.bib,
,9803044,,UNMATCHED_IEEE,0,2169-3536,ieee_scraped_20260205_170614.bib,
,11166810,,UNMATCHED_IEEE,0,,ieee_scraped_20260205_170702.bib,
,10231110,,UNMATCHED_IEEE,0,1558-1748,ieee_scraped_20260205_170702.bib,
,9007390,,UNMATCHED_IEEE,0,2169-3536,ieee_scraped_20260205_170702.bib,
,9110913,,UNMATCHED_IEEE,0,2169-3536,ieee_scraped_20260205_170702.bib,
,11328160,,UNMATCHED_IEEE,0,2377-634x,ieee_scraped_20260205_170702.bib,
,10990238,,UNMATCHED_IEEE,0,2332-7731,ieee_scraped_20260205_170702.bib,
,10994352,,UNMATCHED_IEEE,0,1558-0016,ieee_scraped_20260205_170702.bib,
,11095146,,UNMATCHED_IEEE,0,2575-7075,ieee_scraped_20260205_170702.bib,
,11270229,,UNMATCHED_IEEE,0,2576-3199,ieee_scraped_20260205_170702.bib,
,11206456,,UNMATCHED_IEEE,0,1558-0660,ieee_scraped_20260205_170702.bib,
,9139965,,UNMATCHED_IEEE,0,2169-3536,ieee_scraped_20260205_170702.bib,
,10105864,,UNMATCHED_IEEE,0,2169-3536,ieee_scraped_20260205_170702.bib,
,10741276,,UNMATCHED_IEEE,0,2169-3536,ieee_scraped_20260205_170702.bib,
,10559607,,UNMATCHED_IEEE,0,1558-0210,ieee_scraped_20260205_170702.bib,
,10833970,,UNMATCHED_IEEE,0,,ieee_scraped_20260205_170702.bib,
,10837409,,UNMATCHED_IEEE,0,,ieee_scraped_20260205_170702.bib,
,10786992,,UNMATCHED_IEEE,0,2169-3536,ieee_scraped_20260205_170702.bib,
,10663973,,UNMATCHED_IEEE,0,1941-0484,ieee_scraped_20260205_170702.bib,
,11016703,,UNMATCHED_IEEE,0,2327-4662,ieee_scraped_20260205_170702.bib,
,9377878,,UNMATCHED_IEEE,0,,ieee_scraped_20260205_170702.bib,
,10225523,,UNMATCHED_IEEE,0,2169-3536,ieee_scraped_20260205_170702.bib,
,9662066,,UNMATCHED_IEEE,0,2162-2388,ieee_scraped_20260205_170702.bib,
,10934457,,UNMATCHED_IEEE,0,,ieee_scraped_20260205_170702.bib,
,9520770,,UNMATCHED_IEEE,0,1557-9662,ieee_scraped_20260205_170702.bib,
,10786735,,UNMATCHED_IEEE,0,1617-5468,ieee_scraped_20260205_170702.bib,
,10710966,,UNMATCHED_IEEE,0,,ieee_scraped_20260205_170702.bib,
,8720241,,UNMATCHED_IEEE,0,2169-3536,ieee_scraped_20260205_170702.bib,
,9500220,,UNMATCHED_IEEE,0,2169-3536,ieee_scraped_20260205_170702.bib,
,11105940,,UNMATCHED_IEEE,0,,ieee_scraped_20260205_170702.bib,
,10771565,,UNMATCHED_IEEE,0,2473-5728,ieee_scraped_20260205_170702.bib,
,10487038,,UNMATCHED_IEEE,0,1939-1382,ieee_scraped_20260205_170702.bib,
,10934063,,UNMATCHED_IEEE,0,1558-4127,ieee_scraped_20260205_170702.bib,
,10767603,,UNMATCHED_IEEE,0,1558-0644,ieee_scraped_20260205_170702.bib,
,9086494,,UNMATCHED_IEEE,0,2169-3536,ieee_scraped_20260205_170702.bib,
,10822040,,UNMATCHED_IEEE,0,2156-1133,ieee_scraped_20260205_170702.bib,
,10882386,,UNMATCHED_IEEE,0,,ieee_scraped_20260205_170702.bib,
,11119052,,UNMATCHED_IEEE,0,1558-0016,ieee_scraped_20260205_170702.bib,
,10923732,,UNMATCHED_IEEE,0,,ieee_scraped_20260205_170702.bib,
,10570187,,UNMATCHED_IEEE,0,2169-3536,ieee_scraped_20260205_170702.bib,
,10720776,,UNMATCHED_IEEE,0,2169-3536,ieee_scraped_20260205_170702.bib,
,10893115,,UNMATCHED_IEEE,0,2377-634x,ieee_scraped_20260205_170702.bib,
,10147235,,UNMATCHED_IEEE,0,1939-3539,ieee_scraped_20260205_170702.bib,
,10636131,,UNMATCHED_IEEE,0,2169-3536,ieee_scraped_20260205_170702.bib,
,11167676,,UNMATCHED_IEEE,0,,ieee_scraped_20260205_170702.bib,
,10769438,,UNMATCHED_IEEE,0,2169-3536,ieee_scraped_20260205_170702.bib,
,10643104,,UNMATCHED_IEEE,0,2169-3536,ieee_scraped_20260205_170702.bib,
,10925378,,UNMATCHED_IEEE,0,2169-3536,ieee_scraped_20260205_170702.bib,
,9559870,,UNMATCHED_IEEE,0,1941-0042,ieee_scraped_20260205_170702.bib,
,10572264,,UNMATCHED_IEEE,0,2169-3536,ieee_scraped_20260205_170702.bib,
,10183182,,UNMATCHED_IEEE,0,,ieee_scraped_20260205_170702.bib,
,9277162,,UNMATCHED_IEEE,0,,ieee_scraped_20260205_170702.bib,
,11267110,,UNMATCHED_IEEE,0,1558-2361,ieee_scraped_20260205_170702.bib,
,11085549,,UNMATCHED_IEEE,0,,ieee_scraped_20260205_170702.bib,
,9423264,,UNMATCHED_IEEE,0,2642-9381,ieee_scraped_20260205_170702.bib,
,10556626,,UNMATCHED_IEEE,0,1558-0644,ieee_scraped_20260205_170702.bib,
,11101097,,UNMATCHED_IEEE,0,2166-0077,ieee_scraped_20260205_170702.bib,
,10692700,,UNMATCHED_IEEE,0,,ieee_scraped_20260205_170702.bib,
,10803434,,UNMATCHED_IEEE,0,,ieee_scraped_20260205_170702.bib,
,10638123,,UNMATCHED_IEEE,0,2327-4662,ieee_scraped_20260205_170702.bib,
,10236448,,UNMATCHED_IEEE,0,2162-2388,ieee_scraped_20260205_170702.bib,
,10440085,,UNMATCHED_IEEE,0,2169-3536,ieee_scraped_20260205_170702.bib,
,9756847,,UNMATCHED_IEEE,0,1558-0016,ieee_scraped_20260205_170702.bib,
,11153603,,UNMATCHED_IEEE,0,2162-2388,ieee_scraped_20260205_170702.bib,
,9490520,,UNMATCHED_IEEE,0,1941-0042,ieee_scraped_20260205_170702.bib,
,11345702,,UNMATCHED_IEEE,0,2471-285x,ieee_scraped_20260205_170702.bib,
,11311852,,UNMATCHED_IEEE,0,2471-9269,ieee_scraped_20260205_170702.bib,
,9496261,,UNMATCHED_IEEE,0,2333-9403,ieee_scraped_20260205_170702.bib,
,10224242,,UNMATCHED_IEEE,0,2169-3536,ieee_scraped_20260205_170702.bib,
,11288977,,UNMATCHED_IEEE,0,2169-3536,ieee_scraped_20260205_170702.bib,
,11297777,,UNMATCHED_IEEE,0,1941-0018,ieee_scraped_20260205_170702.bib,
,9954208,,UNMATCHED_IEEE,0,1941-0077,ieee_scraped_20260205_170702.bib,
,9163112,,UNMATCHED_IEEE,0,2169-3536,ieee_scraped_20260205_170702.bib,
,11228039,,UNMATCHED_IEEE,0,2161-4407,ieee_scraped_20260205_170702.bib,
,10930695,,UNMATCHED_IEEE,0,1939-1374,ieee_scraped_20260205_170702.bib,
,10309814,,UNMATCHED_IEEE,0,1558-4739,ieee_scraped_20260205_170702.bib,
,10031813,,UNMATCHED_IEEE,0,,ieee_scraped_20260205_170702.bib,
,10658375,,UNMATCHED_IEEE,0,2575-7075,ieee_scraped_20260205_170702.bib,
,9742337,,UNMATCHED_IEEE,0,,ieee_scraped_20260205_170702.bib,
,10775283,,UNMATCHED_IEEE,0,2470-640x,ieee_scraped_20260205_170702.bib,
,10898075,,UNMATCHED_IEEE,0,1557-9662,ieee_scraped_20260205_170702.bib,
,10411531,,UNMATCHED_IEEE,0,2375-9259,ieee_scraped_20260205_170702.bib,
,10856398,,UNMATCHED_IEEE,0,1941-0077,ieee_scraped_20260205_170702.bib,
,10081368,,UNMATCHED_IEEE,0,2169-3536,ieee_scraped_20260205_170702.bib,
,10829568,,UNMATCHED_IEEE,0,2169-3536,ieee_scraped_20260205_170702.bib,
,10187125,,UNMATCHED_IEEE,0,2169-3536,ieee_scraped_20260205_170702.bib,
,10172296,,UNMATCHED_IEEE,0,1558-0644,ieee_scraped_20260205_170702.bib,
,10795589,,UNMATCHED_IEEE,0,,ieee_scraped_20260205_170702.bib,
,9229053,,UNMATCHED_IEEE,0,2169-3536,ieee_scraped_20260205_170702.bib,
,8821288,,UNMATCHED_IEEE,0,2169-3536,ieee_scraped_20260205_170702.bib,
,10461106,,UNMATCHED_IEEE,0,1558-0660,ieee_scraped_20260205_170702.bib,
,10915718,,UNMATCHED_IEEE,0,1558-254x,ieee_scraped_20260205_170702.bib,
,10840601,,UNMATCHED_IEEE,0,,ieee_scraped_20260205_170702.bib,
,10972941,,UNMATCHED_IEEE,0,,ieee_scraped_20260205_170702.bib,
,10510637,,UNMATCHED_IEEE,0,1939-1382,ieee_scraped_20260205_170702.bib,
,11086582,,UNMATCHED_IEEE,0,2169-3536,ieee_scraped_20260205_170702.bib,
,10835146,,UNMATCHED_IEEE,0,2332-7731,ieee_scraped_20260205_170702.bib,
,11059341,,UNMATCHED_IEEE,0,2691-4581,ieee_scraped_20260205_170702.bib,
,9389779,,UNMATCHED_IEEE,0,2169-3536,ieee_scraped_20260205_170702.bib,
,9966841,,UNMATCHED_IEEE,0,1558-254x,ieee_scraped_20260205_170702.bib,
,10836749,,UNMATCHED_IEEE,0,1558-2205,ieee_scraped_20260205_170702.bib,
,9146645,,UNMATCHED_IEEE,0,2169-3536,ieee_scraped_20260205_170855.bib,
,10955274,,UNMATCHED_IEEE,0,2169-3536,ieee_scraped_20260205_170855.bib,
,10263570,,UNMATCHED_IEEE,0,,ieee_scraped_20260205_170855.bib,
,10612836,,UNMATCHED_IEEE,0,1558-4127,ieee_scraped_20260205_170855.bib,
,10931847,,UNMATCHED_IEEE,0,1558-0016,ieee_scraped_20260205_170855.bib,
,9887518,,UNMATCHED_IEEE,0,,ieee_scraped_20260205_170855.bib,
,11034615,,UNMATCHED_IEEE,0,,ieee_scraped_20260205_170855.bib,
,10845786,,UNMATCHED_IEEE,0,2169-3536,ieee_scraped_20260205_170855.bib,
,11356241,,UNMATCHED_IEEE,0,2156-1133,ieee_scraped_20260205_170855.bib,
,10032180,,UNMATCHED_IEEE,0,1558-0644,ieee_scraped_20260205_170855.bib,
,8764602,,UNMATCHED_IEEE,0,2168-2275,ieee_scraped_20260205_170855.bib,
,10131985,,UNMATCHED_IEEE,0,1558-4542,ieee_scraped_20260205_170855.bib,
,10842786,,UNMATCHED_IEEE,0,,ieee_scraped_20260205_170855.bib,
,10889007,,UNMATCHED_IEEE,0,2379-190x,ieee_scraped_20260205_170855.bib,
,10388029,,UNMATCHED_IEEE,0,2327-4662,ieee_scraped_20260205_170855.bib,
,11214626,,UNMATCHED_IEEE,0,,ieee_scraped_20260205_170855.bib,
,11113525,,UNMATCHED_IEEE,0,2766-2144,ieee_scraped_20260205_170855.bib,
,11118783,,UNMATCHED_IEEE,0,,ieee_scraped_20260205_170855.bib,
,11340846,,UNMATCHED_IEEE,0,,ieee_scraped_20260205_170855.bib,
,9931456,,UNMATCHED_IEEE,0,2162-2388,ieee_scraped_20260205_170855.bib,
,11002494,,UNMATCHED_IEEE,0,2169-3536,ieee_scraped_20260205_170855.bib,
,10632877,,UNMATCHED_IEEE,0,2637-6415,ieee_scraped_20260205_170855.bib,
,10475558,,UNMATCHED_IEEE,0,1939-3539,ieee_scraped_20260205_170855.bib,
,10433475,,UNMATCHED_IEEE,0,2169-3536,ieee_scraped_20260205_170855.bib,
,11197956,,UNMATCHED_IEEE,0,1558-1748,ieee_scraped_20260205_170855.bib,
,11062634,,UNMATCHED_IEEE,0,2169-3536,ieee_scraped_20260205_170855.bib,
,11318078,,UNMATCHED_IEEE,0,2169-3536,ieee_scraped_20260205_170855.bib,
,10910088,,UNMATCHED_IEEE,0,1941-0166,ieee_scraped_20260205_170855.bib,
,10897993,,UNMATCHED_IEEE,0,2169-3536,ieee_scraped_20260205_170855.bib,
,10348561,,UNMATCHED_IEEE,0,2169-3536,ieee_scraped_20260205_170855.bib,
,11224690,,UNMATCHED_IEEE,0,1558-0008,ieee_scraped_20260205_170855.bib,
,8701640,,UNMATCHED_IEEE,0,2169-3536,ieee_scraped_20260205_170855.bib,
,10466546,,UNMATCHED_IEEE,0,2169-3536,ieee_scraped_20260205_170855.bib,
,10960539,,UNMATCHED_IEEE,0,1558-0679,ieee_scraped_20260205_170855.bib,
,10425383,,UNMATCHED_IEEE,0,2768-1890,ieee_scraped_20260205_170855.bib,
,9447966,,UNMATCHED_IEEE,0,1558-0687,ieee_scraped_20260205_170855.bib,
,10956370,,UNMATCHED_IEEE,0,,ieee_scraped_20260205_170855.bib,
,11190037,,UNMATCHED_IEEE,0,1941-0026,ieee_scraped_20260205_170855.bib,
,10697933,,UNMATCHED_IEEE,0,1558-1721,ieee_scraped_20260205_170855.bib,
,10696988,,UNMATCHED_IEEE,0,,ieee_scraped_20260205_170855.bib,
,10729275,,UNMATCHED_IEEE,0,2162-2388,ieee_scraped_20260205_170855.bib,
,9387458,,UNMATCHED_IEEE,0,1558-0644,ieee_scraped_20260205_170855.bib,
,10614315,,UNMATCHED_IEEE,0,2169-3536,ieee_scraped_20260205_170855.bib,
,10159248,,UNMATCHED_IEEE,0,1558-0644,ieee_scraped_20260205_170855.bib,
,10824523,,UNMATCHED_IEEE,0,2770-7466,ieee_scraped_20260205_170855.bib,
,9874193,,UNMATCHED_IEEE,0,2771-6902,ieee_scraped_20260205_170855.bib,
,11206489,,UNMATCHED_IEEE,0,1558-0687,ieee_scraped_20260205_170855.bib,
,9446061,,UNMATCHED_IEEE,0,2169-3536,ieee_scraped_20260205_170855.bib,
,9517097,,UNMATCHED_IEEE,0,2169-3536,ieee_scraped_20260205_170855.bib,
,9540852,,UNMATCHED_IEEE,0,2169-3536,ieee_scraped_20260205_170855.bib,
,10786739,,UNMATCHED_IEEE,0,1617-5468,ieee_scraped_20260205_170855.bib,
,11052805,,UNMATCHED_IEEE,0,,ieee_scraped_20260205_170855.bib,
,10841652,,UNMATCHED_IEEE,0,,ieee_scraped_20260205_170855.bib,
,501711,,UNMATCHED_IEEE,0,0537-9989,ieee_scraped_20260205_170855.bib,
,11214241,,UNMATCHED_IEEE,0,1558-2361,ieee_scraped_20260205_170855.bib,
,8944058,,UNMATCHED_IEEE,0,2169-3536,ieee_scraped_20260205_170855.bib,
,10701541,,UNMATCHED_IEEE,0,2169-3536,ieee_scraped_20260205_170855.bib,
,9134742,,UNMATCHED_IEEE,0,2169-3536,ieee_scraped_20260205_170855.bib,
,10520890,,UNMATCHED_IEEE,0,2169-3536,ieee_scraped_20260205_170855.bib,
,10138342,,UNMATCHED_IEEE,0,1558-0644,ieee_scraped_20260205_170855.bib,
,10847964,,UNMATCHED_IEEE,0,2958-2652,ieee_scraped_20260205_170855.bib,
,11337608,,UNMATCHED_IEEE,0,,ieee_scraped_20260205_170855.bib,
,11153880,,UNMATCHED_IEEE,0,1941-0077,ieee_scraped_20260205_170855.bib,
,11118835,,UNMATCHED_IEEE,0,,ieee_scraped_20260205_170855.bib,
,9265290,,UNMATCHED_IEEE,0,1558-2205,ieee_scraped_20260205_170855.bib,
,10167850,,UNMATCHED_IEEE,0,1558-2191,ieee_scraped_20260205_170855.bib,
,8918423,,UNMATCHED_IEEE,0,2169-3536,ieee_scraped_20260205_170855.bib,
,10223416,,UNMATCHED_IEEE,0,1939-9359,ieee_scraped_20260205_170855.bib,
,9576815,,UNMATCHED_IEEE,0,2642-6471,ieee_scraped_20260205_170855.bib,
,9463482,,UNMATCHED_IEEE,0,2327-4662,ieee_scraped_20260205_170855.bib,
,10988663,,UNMATCHED_IEEE,0,2327-4662,ieee_scraped_20260205_170855.bib,
,11158768,,UNMATCHED_IEEE,0,,ieee_scraped_20260205_170855.bib,
,11000123,,UNMATCHED_IEEE,0,2169-3536,ieee_scraped_20260205_170855.bib,
,11007262,,UNMATCHED_IEEE,0,2168-2208,ieee_scraped_20260205_170855.bib,
,10657408,,UNMATCHED_IEEE,0,2575-7075,ieee_scraped_20260205_170855.bib,
,11101751,,UNMATCHED_IEEE,0,,ieee_scraped_20260205_170855.bib,
,10697179,,UNMATCHED_IEEE,0,2169-3536,ieee_scraped_20260205_170855.bib,
,10685517,,UNMATCHED_IEEE,0,2469-7303,ieee_scraped_20260205_170855.bib,
,11146403,,UNMATCHED_IEEE,0,1941-0050,ieee_scraped_20260205_170855.bib,
,10247603,,UNMATCHED_IEEE,0,2691-4581,ieee_scraped_20260205_170855.bib,
,11232864,,UNMATCHED_IEEE,0,,ieee_scraped_20260205_170855.bib,
,9671177,,UNMATCHED_IEEE,0,,ieee_scraped_20260205_170855.bib,
,9786803,,UNMATCHED_IEEE,0,1558-2205,ieee_scraped_20260205_170855.bib,
,10731562,,UNMATCHED_IEEE,0,2162-2256,ieee_scraped_20260205_170855.bib,
,11027829,,UNMATCHED_IEEE,0,2473-3547,ieee_scraped_20260205_170855.bib,
,10634792,,UNMATCHED_IEEE,0,1939-9359,ieee_scraped_20260205_170855.bib,
,10902504,,UNMATCHED_IEEE,0,1558-2205,ieee_scraped_20260205_170855.bib,
,11280096,,UNMATCHED_IEEE,0,,ieee_scraped_20260205_170855.bib,
,11108849,,UNMATCHED_IEEE,0,,ieee_scraped_20260205_170855.bib,
,10786819,,UNMATCHED_IEEE,0,2379-8793,ieee_scraped_20260205_170855.bib,
,11346703,,UNMATCHED_IEEE,0,,ieee_scraped_20260205_170855.bib,
,10978321,,UNMATCHED_IEEE,0,1558-2612,ieee_scraped_20260205_170855.bib,
,10540177,,UNMATCHED_IEEE,0,2169-3536,ieee_scraped_20260205_170855.bib,
,9220113,,UNMATCHED_IEEE,0,2169-3536,ieee_scraped_20260205_170855.bib,
,10415427,,UNMATCHED_IEEE,0,2169-3536,ieee_scraped_20260205_170855.bib,
,10339292,,UNMATCHED_IEEE,0,2169-3536,ieee_scraped_20260205_170855.bib,
,9760113,,UNMATCHED_IEEE,0,1558-2531,ieee_scraped_20260205_170855.bib,
,10127355,,UNMATCHED_IEEE,0,,ieee_scraped_20260205_170855.bib,
,10557653,,UNMATCHED_IEEE,0,1557-9964,ieee_scraped_20260205_170855.bib,
,11002732,,UNMATCHED_IEEE,0,1557-9662,ieee_scraped_20260205_170855.bib,
,,WOS:001405193500001,UNMATCHED_WOS,0,,,wos_scraped_20260205_182521.bib
,,WOS:001410946900001,UNMATCHED_WOS,0,2365-9440,,wos_scraped_20260205_182521.bib
,,WOS:001230217000001,UNMATCHED_WOS,0,2365-9440,,wos_scraped_20260205_182521.bib
,,WOS:001157069900001,UNMATCHED_WOS,0,1833-2595,,wos_scraped_20260205_182521.bib
,,WOS:001269935800001,UNMATCHED_WOS,0,,,wos_scraped_20260205_182521.bib
,,WOS:001464951700001,UNMATCHED_WOS,0,0735-6331,,wos_scraped_20260205_182521.bib
,,WOS:001454805600001,UNMATCHED_WOS,0,2369-3762,,wos_scraped_20260205_182521.bib
,,WOS:001151421700001,UNMATCHED_WOS,0,,,wos_scraped_20260205_182521.bib
,,WOS:001478604500001,UNMATCHED_WOS,0,1470-3297,,wos_scraped_20260205_182521.bib
,,WOS:001474406700001,UNMATCHED_WOS,0,2073-431x,,wos_scraped_20260205_182521.bib
,,WOS:001342002500001,UNMATCHED_WOS,0,,,wos_scraped_20260205_182521.bib
,,WOS:001296541300009,UNMATCHED_WOS,0,1449-9789,,wos_scraped_20260205_182521.bib
,,WOS:001393232200001,UNMATCHED_WOS,0,1751-6234,,wos_scraped_20260205_182521.bib
,,WOS:001516303200001,UNMATCHED_WOS,0,,,wos_scraped_20260205_182521.bib
,,WOS:001339046700001,UNMATCHED_WOS,0,0141-1926,,wos_scraped_20260205_182521.bib
,,WOS:001541920900001,UNMATCHED_WOS,0,,,wos_scraped_20260205_182521.bib
,,WOS:001410384600003,UNMATCHED_WOS,0,1138-2783,,wos_scraped_20260205_182521.bib
,,WOS:001516021900001,UNMATCHED_WOS,0,,,wos_scraped_20260205_182521.bib
,,WOS:001305073700001,UNMATCHED_WOS,0,,,wos_scraped_20260205_182521.bib
,,WOS:001387656200001,UNMATCHED_WOS,0,,,wos_scraped_20260205_182521.bib
,,WOS:001107834800001,UNMATCHED_WOS,0,,,wos_scraped_20260205_182521.bib
,,WOS:001547112800015,UNMATCHED_WOS,0,0951-5224,,wos_scraped_20260205_182521.bib
,,WOS:001509051100024,UNMATCHED_WOS,0,1529-3181,,wos_scraped_20260205_182521.bib
,,WOS:001620566100001,UNMATCHED_WOS,0,2331-186x,,wos_scraped_20260205_182521.bib
,,WOS:001453847700001,UNMATCHED_WOS,0,,,wos_scraped_20260205_182521.bib
,,WOS:001436441200010,UNMATCHED_WOS,0,1989-1660,,wos_scraped_20260205_182521.bib
,,WOS:001597776400001,UNMATCHED_WOS,0,0951-354x,,wos_scraped_20260205_182521.bib
,,WOS:001600712600001,UNMATCHED_WOS,0,1360-2357,,wos_scraped_20260205_182521.bib
,,WOS:001624566400001,UNMATCHED_WOS,0,,,wos_scraped_20260205_182521.bib
,,WOS:001544242700007,UNMATCHED_WOS,0,1695-288x,,wos_scraped_20260205_182521.bib
,,WOS:001394209800001,UNMATCHED_WOS,0,1441-0745,,wos_scraped_20260205_182521.bib
,,WOS:001357127700001,UNMATCHED_WOS,0,0141-8211,,wos_scraped_20260205_182521.bib
,,WOS:001325887700004,UNMATCHED_WOS,0,0730-9295,,wos_scraped_20260205_182521.bib
,,WOS:001551869100001,UNMATCHED_WOS,0,0968-7599,,wos_scraped_20260205_182521.bib
,,WOS:001095211900001,UNMATCHED_WOS,0,1354-8166,,wos_scraped_20260205_182521.bib
,,WOS:001650736600001,UNMATCHED_WOS,0,1743-9884,,wos_scraped_20260205_182521.bib
,,WOS:001637381800001,UNMATCHED_WOS,0,1471-5953,,wos_scraped_20260205_182521.bib
,,WOS:001506320000003,UNMATCHED_WOS,0,1708-7570,,wos_scraped_20260205_182521.bib
,,WOS:001650736500004,UNMATCHED_WOS,0,1334-4684,,wos_scraped_20260205_182521.bib
,,WOS:001506238400001,UNMATCHED_WOS,0,0092-055x,,wos_scraped_20260205_182521.bib
,,WOS:001477690500012,UNMATCHED_WOS,0,1198-9742,,wos_scraped_20260205_182521.bib
,,WOS:001642818000001,UNMATCHED_WOS,0,0273-4753,,wos_scraped_20260205_182521.bib
,,WOS:001646379700001,UNMATCHED_WOS,0,,,wos_scraped_20260205_182521.bib
,,WOS:001632312300001,UNMATCHED_WOS,0,2197-9987,,wos_scraped_20260205_182521.bib
,,WOS:001309228000009,UNMATCHED_WOS,0,2472-5749,,wos_scraped_20260205_182521.bib
,,WOS:001365143200001,UNMATCHED_WOS,0,1560-4292,,wos_scraped_20260205_182521.bib
,,WOS:001387612000001,UNMATCHED_WOS,0,1751-6234,,wos_scraped_20260205_182521.bib
,,WOS:001342003700001,UNMATCHED_WOS,0,,,wos_scraped_20260205_182521.bib
,,WOS:001422206400004,UNMATCHED_WOS,0,,,wos_scraped_20260205_182521.bib
,,WOS:001361875500001,UNMATCHED_WOS,0,1751-6234,,wos_scraped_20260205_182521.bib
,,WOS:001171855700008,UNMATCHED_WOS,0,1134-4032,,wos_scraped_20260205_182521.bib
,,WOS:001305820000010,UNMATCHED_WOS,0,0018-9162,,wos_scraped_20260205_182521.bib
,,WOS:001350783900001,UNMATCHED_WOS,0,1470-3297,,wos_scraped_20260205_182521.bib
,,WOS:001265583900002,UNMATCHED_WOS,0,0719-5885,,wos_scraped_20260205_182521.bib
,,WOS:001409366200003,UNMATCHED_WOS,0,2073-7904,,wos_scraped_20260205_182521.bib
,,WOS:001245724300008,UNMATCHED_WOS,0,2162-3104,,wos_scraped_20260205_182521.bib
,,WOS:001385349500006,UNMATCHED_WOS,0,1669-6581,,wos_scraped_20260205_182521.bib
,,WOS:001655440700002,UNMATCHED_WOS,0,,,wos_scraped_20260205_182521.bib
,,WOS:001672375300001,UNMATCHED_WOS,0,0144-929x,,wos_scraped_20260205_182521.bib
,,WOS:001672905700001,UNMATCHED_WOS,0,2211-1662,,wos_scraped_20260205_182521.bib
,,WOS:001671448300001,UNMATCHED_WOS,0,,,wos_scraped_20260205_182521.bib
,,WOS:001005041700001,UNMATCHED_WOS,0,,,wos_scraped_20260205_182521.bib
,,WOS:001503017000001,UNMATCHED_WOS,0,1750-1229,,wos_scraped_20260205_182521.bib
,,WOS:001607928500001,UNMATCHED_WOS,0,1362-0436,,wos_scraped_20260205_182521.bib
,,WOS:001523084900032,UNMATCHED_WOS,0,2045-2322,,wos_scraped_20260205_182521.bib
,,WOS:001421672100001,UNMATCHED_WOS,0,1061-3773,,wos_scraped_20260205_182521.bib
,,WOS:001610067300001,UNMATCHED_WOS,0,0034-9461,,wos_scraped_20260205_182521.bib
,,WOS:001509375500001,UNMATCHED_WOS,0,8756-3894,,wos_scraped_20260205_182521.bib
,,WOS:001555781000002,UNMATCHED_WOS,0,2530-7614,,wos_scraped_20260205_182521.bib
,,WOS:001569047700002,UNMATCHED_WOS,0,1471-5953,,wos_scraped_20260205_182521.bib
,,WOS:001615852900002,UNMATCHED_WOS,0,,,wos_scraped_20260205_182521.bib
,,WOS:001612623800001,UNMATCHED_WOS,0,1096-3758,,wos_scraped_20260205_182521.bib
,,WOS:001667441000001,UNMATCHED_WOS,0,1449-9789,,wos_scraped_20260205_182521.bib
,,WOS:001599853000001,UNMATCHED_WOS,0,0120-1700,,wos_scraped_20260205_182521.bib
,,WOS:001657960000001,UNMATCHED_WOS,0,2179-3565,,wos_scraped_20260205_182521.bib
,,WOS:001650762800007,UNMATCHED_WOS,0,1659-4703,,wos_scraped_20260205_182521.bib
,,WOS:001581058200001,UNMATCHED_WOS,0,,,wos_scraped_20260205_182521.bib
,,WOS:001541898100001,UNMATCHED_WOS,0,0748-321x,,wos_scraped_20260205_182521.bib
,,WOS:001569582200001,UNMATCHED_WOS,0,1526-9523,,wos_scraped_20260205_182521.bib
,,WOS:001251298900005,UNMATCHED_WOS,0,1582-9146,,wos_scraped_20260205_182521.bib
,,WOS:001532839600004,UNMATCHED_WOS,0,2045-2322,,wos_scraped_20260205_182521.bib
,,WOS:001323769200001,UNMATCHED_WOS,0,,,wos_scraped_20260205_182521.bib
,,WOS:001417890700003,UNMATCHED_WOS,0,2013-584x,,wos_scraped_20260205_182521.bib
,,WOS:001199939900001,UNMATCHED_WOS,0,0260-2938,,wos_scraped_20260205_182521.bib
,,WOS:001245551600002,UNMATCHED_WOS,0,0424-267x,,wos_scraped_20260205_182521.bib
,,WOS:001277419600001,UNMATCHED_WOS,0,,,wos_scraped_20260205_182521.bib
,,WOS:001148511700001,UNMATCHED_WOS,0,1360-2357,,wos_scraped_20260205_182521.bib
,,WOS:001149022400001,UNMATCHED_WOS,0,,,wos_scraped_20260205_182521.bib
,,WOS:001474868500001,UNMATCHED_WOS,0,,,wos_scraped_20260205_182521.bib
,,WOS:001659495000001,UNMATCHED_WOS,0,0141-8211,,wos_scraped_20260205_182521.bib
,,WOS:001462769800002,UNMATCHED_WOS,0,1708-7570,,wos_scraped_20260205_182521.bib
,,WOS:001257874500001,UNMATCHED_WOS,0,0802-6106,,wos_scraped_20260205_182521.bib
,,WOS:001022678600001,UNMATCHED_WOS,0,1529-3181,,wos_scraped_20260205_182521.bib
,,WOS:001561705000001,UNMATCHED_WOS,0,0307-5079,,wos_scraped_20260205_182614.bib
,,WOS:001522134900005,UNMATCHED_WOS,0,1449-3098,,wos_scraped_20260205_182614.bib
,,WOS:001421743300001,UNMATCHED_WOS,0,8755-7223,,wos_scraped_20260205_182614.bib
,,WOS:001525875600001,UNMATCHED_WOS,0,1664-1078,,wos_scraped_20260205_182614.bib
,,WOS:001454704200001,UNMATCHED_WOS,0,,,wos_scraped_20260205_182614.bib
,,WOS:001472559800001,UNMATCHED_WOS,0,0887-4417,,wos_scraped_20260205_182614.bib
,,WOS:001633297300002,UNMATCHED_WOS,0,1449-9789,,wos_scraped_20260205_182614.bib
,,WOS:001477690500008,UNMATCHED_WOS,0,1198-9742,,wos_scraped_20260205_182614.bib
,,WOS:001593510400001,UNMATCHED_WOS,0,,,wos_scraped_20260205_182614.bib
,,WOS:001651586500021,UNMATCHED_WOS,0,2666-920x,,wos_scraped_20260205_182614.bib
,,WOS:001603575600001,UNMATCHED_WOS,0,1570-1727,,wos_scraped_20260205_182614.bib
,,WOS:001444878900001,UNMATCHED_WOS,0,2353-883x,,wos_scraped_20260205_182614.bib
,,WOS:001594492500001,UNMATCHED_WOS,0,0307-5079,,wos_scraped_20260205_182614.bib
,,WOS:001463731600001,UNMATCHED_WOS,0,,,wos_scraped_20260205_182614.bib
,,WOS:001350893300002,UNMATCHED_WOS,0,,,wos_scraped_20260205_182614.bib
,,WOS:001483478600001,UNMATCHED_WOS,0,0340-0352,,wos_scraped_20260205_182614.bib
,,WOS:001603594100001,UNMATCHED_WOS,0,1990-8644,,wos_scraped_20260205_182614.bib
,,WOS:001604015300024,UNMATCHED_WOS,0,2218-3620,,wos_scraped_20260205_182614.bib
,,WOS:001528095900010,UNMATCHED_WOS,0,1011-3487,,wos_scraped_20260205_182614.bib
,,WOS:001585703400001,UNMATCHED_WOS,0,0729-4360,,wos_scraped_20260205_182614.bib
,,WOS:001611904800001,UNMATCHED_WOS,0,1871-1871,,wos_scraped_20260205_182614.bib
,,WOS:001610641200001,UNMATCHED_WOS,0,8755-7223,,wos_scraped_20260205_182614.bib
,,WOS:001547773400001,UNMATCHED_WOS,0,2211-1662,,wos_scraped_20260205_182614.bib
,,WOS:001477690500005,UNMATCHED_WOS,0,1198-9742,,wos_scraped_20260205_182614.bib
,,WOS:001655715800004,UNMATCHED_WOS,0,0120-0976,,wos_scraped_20260205_182614.bib
,,WOS:001607345700003,UNMATCHED_WOS,0,0738-0593,,wos_scraped_20260205_182614.bib
,,WOS:001592836500001,UNMATCHED_WOS,0,0219-6492,,wos_scraped_20260205_182614.bib
,,WOS:001626255100021,UNMATCHED_WOS,0,0266-4909,,wos_scraped_20260205_182614.bib
,,WOS:001352381600001,UNMATCHED_WOS,0,,,wos_scraped_20260205_182614.bib
,,WOS:001585339400001,UNMATCHED_WOS,0,,,wos_scraped_20260205_182614.bib
,,WOS:001651574700011,UNMATCHED_WOS,0,2666-920x,,wos_scraped_20260205_182614.bib
,,WOS:001467500300001,UNMATCHED_WOS,0,2365-9440,,wos_scraped_20260205_182614.bib
,,WOS:001387103100001,UNMATCHED_WOS,0,,,wos_scraped_20260205_182614.bib
,,WOS:001341864700007,UNMATCHED_WOS,0,1474-273x,,wos_scraped_20260205_182614.bib
,,WOS:001398222000001,UNMATCHED_WOS,0,2146-796x,,wos_scraped_20260205_182614.bib
,,WOS:001321736700007,UNMATCHED_WOS,0,1994-5639,,wos_scraped_20260205_182614.bib
,,WOS:001386505400006,UNMATCHED_WOS,0,2237-4558,,wos_scraped_20260205_182614.bib
,,WOS:001461179400001,UNMATCHED_WOS,0,0040-1625,,wos_scraped_20260205_182614.bib
,,WOS:001668242300001,UNMATCHED_WOS,0,0001-6918,,wos_scraped_20260205_182614.bib
,,WOS:001291571500001,UNMATCHED_WOS,0,2666-5573,,wos_scraped_20260205_182614.bib
,,WOS:001401648100001,UNMATCHED_WOS,0,0141-8211,,wos_scraped_20260205_182614.bib
,,WOS:001499625200004,UNMATCHED_WOS,0,,,wos_scraped_20260205_182614.bib
,,WOS:001394772400001,UNMATCHED_WOS,0,1051-1253,,wos_scraped_20260205_182614.bib
,,WOS:001531546100001,UNMATCHED_WOS,0,,,wos_scraped_20260205_182614.bib
,,WOS:001521502800002,UNMATCHED_WOS,0,,,wos_scraped_20260205_182614.bib
,,WOS:001504722800003,UNMATCHED_WOS,0,1449-9789,,wos_scraped_20260205_182614.bib
,,WOS:001599900000002,UNMATCHED_WOS,0,1708-7570,,wos_scraped_20260205_182614.bib
,,WOS:001477690500002,UNMATCHED_WOS,0,1198-9742,,wos_scraped_20260205_182614.bib
,,WOS:001670512500002,UNMATCHED_WOS,0,1806-3845,,wos_scraped_20260205_182614.bib
,,WOS:001402630300001,UNMATCHED_WOS,0,0967-4845,,wos_scraped_20260205_182614.bib
,,WOS:001490829600001,UNMATCHED_WOS,0,0013-2004,,wos_scraped_20260205_182614.bib
,,WOS:001651702500020,UNMATCHED_WOS,0,2666-920x,,wos_scraped_20260205_182614.bib
,,WOS:001462360900001,UNMATCHED_WOS,0,0260-2938,,wos_scraped_20260205_182614.bib
,,WOS:001474860700001,UNMATCHED_WOS,0,,,wos_scraped_20260205_182614.bib
,,WOS:001271166700001,UNMATCHED_WOS,0,0018-1560,,wos_scraped_20260205_182614.bib
,,WOS:001171855700010,UNMATCHED_WOS,0,1134-4032,,wos_scraped_20260205_182614.bib
,,WOS:001566322100001,UNMATCHED_WOS,0,0021-9584,,wos_scraped_20260205_182614.bib
,,WOS:001314904400001,UNMATCHED_WOS,0,2472-5749,,wos_scraped_20260205_182614.bib
,,WOS:001214916800001,UNMATCHED_WOS,0,0951-5224,,wos_scraped_20260205_182614.bib
,,WOS:001385350300002,UNMATCHED_WOS,0,0040-3598,,wos_scraped_20260205_182614.bib
,,WOS:001420063800001,UNMATCHED_WOS,0,1387-3326,,wos_scraped_20260205_182614.bib
,,WOS:001365458100001,UNMATCHED_WOS,0,,,wos_scraped_20260205_182614.bib
,,WOS:001278573700001,UNMATCHED_WOS,0,1334-4684,,wos_scraped_20260205_182614.bib
,,WOS:001555588100001,UNMATCHED_WOS,0,2042-3896,,wos_scraped_20260205_182614.bib
,,WOS:001255945400001,UNMATCHED_WOS,0,,,wos_scraped_20260205_182614.bib
,,WOS:001651592800014,UNMATCHED_WOS,0,2666-920x,,wos_scraped_20260205_182614.bib
,,WOS:001625787000001,UNMATCHED_WOS,0,1741-5659,,wos_scraped_20260205_182614.bib
,,WOS:001420848300001,UNMATCHED_WOS,0,0141-8211,,wos_scraped_20260205_182614.bib
,,WOS:001511816400001,UNMATCHED_WOS,0,2365-9440,,wos_scraped_20260205_182614.bib
,,WOS:001490542400001,UNMATCHED_WOS,0,1360-2357,,wos_scraped_20260205_182614.bib
,,WOS:001313658900001,UNMATCHED_WOS,0,0191-491x,,wos_scraped_20260205_182614.bib
,,WOS:001517562500001,UNMATCHED_WOS,0,,,wos_scraped_20260205_182614.bib
,,WOS:001493452300001,UNMATCHED_WOS,0,,,wos_scraped_20260205_182614.bib
,,WOS:001496696800001,UNMATCHED_WOS,0,,,wos_scraped_20260205_182614.bib
,,WOS:001493525100001,UNMATCHED_WOS,0,1687-9724,,wos_scraped_20260205_182614.bib
,,WOS:001138459400001,UNMATCHED_WOS,0,1044-7318,,wos_scraped_20260205_182614.bib
,,WOS:001147854600001,UNMATCHED_WOS,0,,,wos_scraped_20260205_182614.bib
,,WOS:001309228000004,UNMATCHED_WOS,0,2472-5749,,wos_scraped_20260205_182614.bib
,,WOS:001138879300001,UNMATCHED_WOS,0,0966-0879,,wos_scraped_20260205_182614.bib
,,WOS:001085402900007,UNMATCHED_WOS,0,2013-584x,,wos_scraped_20260205_182614.bib
,,WOS:001260885300001,UNMATCHED_WOS,0,2398-5348,,wos_scraped_20260205_182614.bib
,,WOS:001622667000001,UNMATCHED_WOS,0,2229-9327,,wos_scraped_20260205_182614.bib
,,WOS:001556553600001,UNMATCHED_WOS,0,1758-7212,,wos_scraped_20260205_182614.bib
,,WOS:001512103900001,UNMATCHED_WOS,0,,,wos_scraped_20260205_182614.bib
,,WOS:001452020600001,UNMATCHED_WOS,0,2073-431x,,wos_scraped_20260205_182614.bib
,,WOS:001515888500001,UNMATCHED_WOS,0,,,wos_scraped_20260205_182614.bib
,,WOS:001514178800001,UNMATCHED_WOS,0,0141-1926,,wos_scraped_20260205_182614.bib
,,WOS:001554407100022,UNMATCHED_WOS,0,2045-2322,,wos_scraped_20260205_182614.bib
,,WOS:001482698600001,UNMATCHED_WOS,0,1754-2731,,wos_scraped_20260205_182614.bib
,,WOS:001503851900001,UNMATCHED_WOS,0,1096-3758,,wos_scraped_20260205_182614.bib
,,WOS:001530346300004,UNMATCHED_WOS,0,2304-070x,,wos_scraped_20260205_182614.bib
,,WOS:001267357900001,UNMATCHED_WOS,0,1471-5953,,wos_scraped_20260205_182614.bib
,,WOS:001608192600005,UNMATCHED_WOS,0,1826-6223,,wos_scraped_20260205_182614.bib
,,WOS:001643360600005,UNMATCHED_WOS,0,,,wos_scraped_20260205_182614.bib
,,WOS:001616355000001,UNMATCHED_WOS,0,0022-1341,,wos_scraped_20260205_182614.bib
,,WOS:001523468700010,UNMATCHED_WOS,0,1138-2783,,wos_scraped_20260205_182703.bib
,,WOS:001530347400001,UNMATCHED_WOS,0,1390-325x,,wos_scraped_20260205_182703.bib
,,WOS:000805436800007,UNMATCHED_WOS,0,1687-5265,,wos_scraped_20260205_182703.bib
,,WOS:001515626800003,UNMATCHED_WOS,0,1138-3194,,wos_scraped_20260205_182703.bib
,,WOS:001381797800001,UNMATCHED_WOS,0,0273-4753,,wos_scraped_20260205_182703.bib
,,WOS:001408205100004,UNMATCHED_WOS,0,1449-3098,,wos_scraped_20260205_182703.bib
,,WOS:001335124400001,UNMATCHED_WOS,0,,,wos_scraped_20260205_182703.bib
,,WOS:001255966600001,UNMATCHED_WOS,0,,,wos_scraped_20260205_182703.bib
,,WOS:001299340700001,UNMATCHED_WOS,0,1751-6234,,wos_scraped_20260205_182703.bib
,,WOS:001424903600001,UNMATCHED_WOS,0,0967-4845,,wos_scraped_20260205_182703.bib
,,WOS:001200740700004,UNMATCHED_WOS,0,1531-2542,,wos_scraped_20260205_182703.bib
,,WOS:001386980700001,UNMATCHED_WOS,0,,,wos_scraped_20260205_182703.bib
,,WOS:001343688500001,UNMATCHED_WOS,0,2056-4880,,wos_scraped_20260205_182703.bib
,,WOS:001348559300005,UNMATCHED_WOS,0,2345-3303,,wos_scraped_20260205_182703.bib
,,WOS:001651273000001,UNMATCHED_WOS,0,2027-8101,,wos_scraped_20260205_182703.bib
,,WOS:001380535500001,UNMATCHED_WOS,0,0098-6283,,wos_scraped_20260205_182703.bib
,,WOS:001390821200001,UNMATCHED_WOS,0,0141-8211,,wos_scraped_20260205_182703.bib
,,WOS:001416166800001,UNMATCHED_WOS,0,2365-9440,,wos_scraped_20260205_182703.bib
,,WOS:001073221500001,UNMATCHED_WOS,0,,,wos_scraped_20260205_182703.bib
,,WOS:001367188100001,UNMATCHED_WOS,0,8756-3894,,wos_scraped_20260205_182703.bib
,,WOS:001317434000016,UNMATCHED_WOS,0,2158-107x,,wos_scraped_20260205_182703.bib
,,WOS:001479190100001,UNMATCHED_WOS,0,1049-4820,,wos_scraped_20260205_182703.bib
,,WOS:001037180500005,UNMATCHED_WOS,0,2392-1641,,wos_scraped_20260205_182703.bib
,,WOS:001071922000001,UNMATCHED_WOS,0,,,wos_scraped_20260205_182703.bib
,,WOS:001646384700001,UNMATCHED_WOS,0,,,wos_scraped_20260205_182703.bib
,,WOS:001443025000001,UNMATCHED_WOS,0,1360-2357,,wos_scraped_20260205_182703.bib
,,WOS:001543929800001,UNMATCHED_WOS,0,,,wos_scraped_20260205_182703.bib
,,WOS:001660689500001,UNMATCHED_WOS,0,1049-4820,,wos_scraped_20260205_182703.bib
,,WOS:001666511200001,UNMATCHED_WOS,0,0260-2938,,wos_scraped_20260205_182703.bib
,,WOS:001280904900001,UNMATCHED_WOS,0,2365-9440,,wos_scraped_20260205_182703.bib
,,WOS:001504722800012,UNMATCHED_WOS,0,1449-9789,,wos_scraped_20260205_182703.bib
,,WOS:001604368500001,UNMATCHED_WOS,0,0013-189x,,wos_scraped_20260205_182703.bib
,,WOS:001256848500001,UNMATCHED_WOS,0,,,wos_scraped_20260205_182703.bib
,,WOS:001601396200001,UNMATCHED_WOS,0,,,wos_scraped_20260205_182703.bib
,,WOS:001288219400001,UNMATCHED_WOS,0,,,wos_scraped_20260205_182703.bib
,,WOS:001541546600001,UNMATCHED_WOS,0,1061-3773,,wos_scraped_20260205_182703.bib
,,WOS:001576072900001,UNMATCHED_WOS,0,2331-186x,,wos_scraped_20260205_182703.bib
,,WOS:001549345600001,UNMATCHED_WOS,0,,,wos_scraped_20260205_182703.bib
,,WOS:001312593200001,UNMATCHED_WOS,0,0363-4523,,wos_scraped_20260205_182703.bib
,,WOS:001380671100001,UNMATCHED_WOS,0,0952-3987,,wos_scraped_20260205_182703.bib
,,WOS:001249084700001,UNMATCHED_WOS,0,1938-6974,,wos_scraped_20260205_182703.bib
,,WOS:001543934200001,UNMATCHED_WOS,0,,,wos_scraped_20260205_182703.bib
,,WOS:001377298600014,UNMATCHED_WOS,0,2304-070x,,wos_scraped_20260205_182703.bib
,,WOS:001257275200006,UNMATCHED_WOS,0,,,wos_scraped_20260205_182703.bib
,,WOS:001282510300001,UNMATCHED_WOS,0,1045-1595,,wos_scraped_20260205_182703.bib
,,WOS:001060245600002,UNMATCHED_WOS,0,1449-9789,,wos_scraped_20260205_182703.bib
,,WOS:001052263200002,UNMATCHED_WOS,0,1449-9789,,wos_scraped_20260205_182703.bib
,,WOS:001097734800011,UNMATCHED_WOS,0,2076-8184,,wos_scraped_20260205_182703.bib
,,WOS:001521392200003,UNMATCHED_WOS,0,1306-3030,,wos_scraped_20260205_182703.bib
,,WOS:001524768300006,UNMATCHED_WOS,0,,,wos_scraped_20260205_182703.bib
,,WOS:001136120600001,UNMATCHED_WOS,0,,,wos_scraped_20260205_182703.bib
,,WOS:001525947300002,UNMATCHED_WOS,0,2572-4878,,wos_scraped_20260205_182703.bib
,,WOS:001058212500001,UNMATCHED_WOS,0,1049-4820,,wos_scraped_20260205_182703.bib
,,WOS:001667821800001,UNMATCHED_WOS,0,2692-398x,,wos_scraped_20260205_182703.bib
,,WOS:001093907000001,UNMATCHED_WOS,0,,,wos_scraped_20260205_182703.bib
,,WOS:001386665500001,UNMATCHED_WOS,0,,,wos_scraped_20260205_182703.bib
,,WOS:001374130600001,UNMATCHED_WOS,0,2365-9440,,wos_scraped_20260205_182703.bib
,,WOS:001436505800002,UNMATCHED_WOS,0,0861-3982,,wos_scraped_20260205_182703.bib
,,WOS:001133491500001,UNMATCHED_WOS,0,0210-2773,,wos_scraped_20260205_182703.bib
,,WOS:001468348700002,UNMATCHED_WOS,0,2398-6352,,wos_scraped_20260205_182703.bib
,,WOS:001411502000001,UNMATCHED_WOS,0,1360-2357,,wos_scraped_20260205_182703.bib
,,WOS:001281329100001,UNMATCHED_WOS,0,1360-2357,,wos_scraped_20260205_182703.bib
,,WOS:001449803300001,UNMATCHED_WOS,0,1360-2357,,wos_scraped_20260205_182703.bib
,,WOS:001256661600001,UNMATCHED_WOS,0,,,wos_scraped_20260205_182703.bib
,,WOS:001563547500001,UNMATCHED_WOS,0,2365-9440,,wos_scraped_20260205_182703.bib
,,WOS:001102793000001,UNMATCHED_WOS,0,2666-5573,,wos_scraped_20260205_182703.bib
,,WOS:001522285100001,UNMATCHED_WOS,0,,,wos_scraped_20260205_182703.bib
,,WOS:001471210300001,UNMATCHED_WOS,0,1360-2357,,wos_scraped_20260205_182703.bib
,,WOS:001566693500001,UNMATCHED_WOS,0,1360-2357,,wos_scraped_20260205_182703.bib
,,WOS:001605976600002,UNMATCHED_WOS,0,0951-5224,,wos_scraped_20260205_182703.bib
,,WOS:001529738300001,UNMATCHED_WOS,0,1470-3297,,wos_scraped_20260205_182703.bib
,,WOS:001475055300001,UNMATCHED_WOS,0,1999-5903,,wos_scraped_20260205_182703.bib
,,WOS:001623336300001,UNMATCHED_WOS,0,1935-7877,,wos_scraped_20260205_182703.bib
,,WOS:000950113500004,UNMATCHED_WOS,0,1449-9789,,wos_scraped_20260205_182703.bib
,,WOS:001600018800001,UNMATCHED_WOS,0,1934-5267,,wos_scraped_20260205_182703.bib
,,WOS:001521082200007,UNMATCHED_WOS,0,1933-5954,,wos_scraped_20260205_182703.bib
,,WOS:001654883300012,UNMATCHED_WOS,0,1669-6581,,wos_scraped_20260205_182703.bib
,,WOS:001615523800003,UNMATCHED_WOS,0,0024-2594,,wos_scraped_20260205_182703.bib
,,WOS:001509640200011,UNMATCHED_WOS,0,0024-2594,,wos_scraped_20260205_182703.bib
,,WOS:001410848400006,UNMATCHED_WOS,0,1133-8482,,wos_scraped_20260205_182703.bib
,,WOS:001245751400001,UNMATCHED_WOS,0,1547-9714,,wos_scraped_20260205_182703.bib
,,WOS:001309228000003,UNMATCHED_WOS,0,2472-5749,,wos_scraped_20260205_182703.bib
,,WOS:001306345800001,UNMATCHED_WOS,0,0968-4883,,wos_scraped_20260205_182703.bib
,,WOS:001116420600001,UNMATCHED_WOS,0,,,wos_scraped_20260205_182703.bib
,,WOS:001258225900001,UNMATCHED_WOS,0,2398-5348,,wos_scraped_20260205_182703.bib
,,WOS:001363951300001,UNMATCHED_WOS,0,,,wos_scraped_20260205_182703.bib
,,WOS:001660681600001,UNMATCHED_WOS,0,2331-186x,,wos_scraped_20260205_182703.bib
,,WOS:001652135600015,UNMATCHED_WOS,0,1138-2783,,wos_scraped_20260205_182703.bib
,,WOS:001395561300010,UNMATCHED_WOS,0,1696-1412,,wos_scraped_20260205_182703.bib
,,WOS:001667770300001,UNMATCHED_WOS,0,1983-3652,,wos_scraped_20260205_182703.bib
,,WOS:001447171000001,UNMATCHED_WOS,0,0340-0352,,wos_scraped_20260205_182703.bib
,,WOS:001103781300009,UNMATCHED_WOS,0,1449-9789,,wos_scraped_20260205_182703.bib
,,WOS:001506320000004,UNMATCHED_WOS,0,1708-7570,,wos_scraped_20260205_182703.bib
,,WOS:001193862900001,UNMATCHED_WOS,0,2331-186x,,wos_scraped_20260205_182703.bib
,,WOS:001615993200001,UNMATCHED_WOS,0,2444-8729,,wos_scraped_20260205_182835.bib
,,WOS:001674491300001,UNMATCHED_WOS,0,1360-080x,,wos_scraped_20260205_182835.bib
,,WOS:001642099200010,UNMATCHED_WOS,0,1536-5026,,wos_scraped_20260205_182835.bib
,,WOS:001362579700001,UNMATCHED_WOS,0,1460-6925,,wos_scraped_20260205_182835.bib
,,WOS:001163886400001,UNMATCHED_WOS,0,0307-5079,,wos_scraped_20260205_182835.bib
,,WOS:001504935800001,UNMATCHED_WOS,0,,,wos_scraped_20260205_182835.bib
,,WOS:001190866500009,UNMATCHED_WOS,0,0729-4360,,wos_scraped_20260205_182835.bib
,,WOS:001491336100001,UNMATCHED_WOS,0,1570-1727,,wos_scraped_20260205_182835.bib
,,WOS:001624417000001,UNMATCHED_WOS,0,,,wos_scraped_20260205_182835.bib
,,WOS:001465771600001,UNMATCHED_WOS,0,,,wos_scraped_20260205_182835.bib
,,WOS:001615523800002,UNMATCHED_WOS,0,0024-2594,,wos_scraped_20260205_182835.bib
,,WOS:001566487900001,UNMATCHED_WOS,0,,,wos_scraped_20260205_182835.bib
,,WOS:001359314500004,UNMATCHED_WOS,0,1449-3098,,wos_scraped_20260205_182835.bib
,,WOS:001462769800007,UNMATCHED_WOS,0,1708-7570,,wos_scraped_20260205_182835.bib
,,WOS:001583532900001,UNMATCHED_WOS,0,,,wos_scraped_20260205_182835.bib
,,WOS:001645341200002,UNMATCHED_WOS,0,2163-0453,,wos_scraped_20260205_182835.bib
,,WOS:001650815100001,UNMATCHED_WOS,0,1449-3098,,wos_scraped_20260205_182835.bib
,,WOS:001638735900001,UNMATCHED_WOS,0,0002-9459,,wos_scraped_20260205_182835.bib
,,WOS:001615523800005,UNMATCHED_WOS,0,0024-2594,,wos_scraped_20260205_182835.bib
,,WOS:001663834400009,UNMATCHED_WOS,0,1133-8482,,wos_scraped_20260205_182835.bib
,,WOS:001626957500002,UNMATCHED_WOS,0,1471-5953,,wos_scraped_20260205_182835.bib
,,WOS:001429184600006,UNMATCHED_WOS,0,0122-6339,,wos_scraped_20260205_182835.bib
,,WOS:001230550300001,UNMATCHED_WOS,0,1741-7627,,wos_scraped_20260205_182835.bib
,,WOS:001170176400001,UNMATCHED_WOS,0,0896-5811,,wos_scraped_20260205_182835.bib
,,WOS:001132966400005,UNMATCHED_WOS,0,1449-3098,,wos_scraped_20260205_182835.bib
,,WOS:001007212500001,UNMATCHED_WOS,0,1835-5196,,wos_scraped_20260205_182835.bib
,,WOS:001553695100002,UNMATCHED_WOS,0,,,wos_scraped_20260205_182835.bib
,,WOS:001613032700001,UNMATCHED_WOS,0,,,wos_scraped_20260205_182835.bib
,,WOS:001614253400005,UNMATCHED_WOS,0,2046-469x,,wos_scraped_20260205_182835.bib
,,WOS:001543948800001,UNMATCHED_WOS,0,1049-4820,,wos_scraped_20260205_182835.bib
,,WOS:001605123100001,UNMATCHED_WOS,0,,,wos_scraped_20260205_182835.bib
,,WOS:001522104600001,UNMATCHED_WOS,0,2331-186x,,wos_scraped_20260205_182835.bib
,,WOS:001293394800001,UNMATCHED_WOS,0,1360-2357,,wos_scraped_20260205_182835.bib
,,WOS:001341020900002,UNMATCHED_WOS,0,0742-3225,,wos_scraped_20260205_182835.bib
,,WOS:001572993100001,UNMATCHED_WOS,0,2090-4479,,wos_scraped_20260205_182835.bib
,,WOS:001558727100001,UNMATCHED_WOS,0,,,wos_scraped_20260205_182835.bib
,,WOS:001505162300006,UNMATCHED_WOS,0,1990-8644,,wos_scraped_20260205_182835.bib
,,WOS:001218504400001,UNMATCHED_WOS,0,2444-8729,,wos_scraped_20260205_182835.bib
,,WOS:001299784400007,UNMATCHED_WOS,0,,,wos_scraped_20260205_182835.bib
,,WOS:001432408400001,UNMATCHED_WOS,0,1360-2357,,wos_scraped_20260205_182835.bib
,,WOS:001278515400001,UNMATCHED_WOS,0,2472-5749,,wos_scraped_20260205_182835.bib
,,WOS:001061927300001,UNMATCHED_WOS,0,,,wos_scraped_20260205_182835.bib
,,WOS:001305032000001,UNMATCHED_WOS,0,2039-7275,,wos_scraped_20260205_182835.bib
,,WOS:001605976600019,UNMATCHED_WOS,0,0951-5224,,wos_scraped_20260205_182835.bib
,,WOS:001100085100001,UNMATCHED_WOS,0,8756-3894,,wos_scraped_20260205_182835.bib
,,WOS:001045821200001,UNMATCHED_WOS,0,,,wos_scraped_20260205_182835.bib
,,WOS:000981247100001,UNMATCHED_WOS,0,1176-3647,,wos_scraped_20260205_182835.bib
,,WOS:000988740600002,UNMATCHED_WOS,0,1449-3098,,wos_scraped_20260205_182835.bib
,,WOS:001401088700008,UNMATCHED_WOS,0,2037-7932,,wos_scraped_20260205_182835.bib
,,WOS:001663244300001,UNMATCHED_WOS,0,1049-4820,,wos_scraped_20260205_182835.bib
,,WOS:001003127400001,UNMATCHED_WOS,0,8756-3894,,wos_scraped_20260205_182835.bib
,,WOS:001455385200006,UNMATCHED_WOS,0,0003-9985,,wos_scraped_20260205_182835.bib
,,WOS:001422305600001,UNMATCHED_WOS,0,,,wos_scraped_20260205_182835.bib
,,WOS:001484085300001,UNMATCHED_WOS,0,1470-3297,,wos_scraped_20260205_182835.bib
,,WOS:001461613500001,UNMATCHED_WOS,0,2331-186x,,wos_scraped_20260205_182835.bib
,,WOS:001560319000001,UNMATCHED_WOS,0,0340-6199,,wos_scraped_20260205_182835.bib
,,WOS:001401117600001,UNMATCHED_WOS,0,0311-6999,,wos_scraped_20260205_182835.bib
,,WOS:001509838900001,UNMATCHED_WOS,0,0022-0671,,wos_scraped_20260205_182835.bib
,,WOS:001462200500001,UNMATCHED_WOS,0,1049-4820,,wos_scraped_20260205_182835.bib
,,WOS:001642021000001,UNMATCHED_WOS,0,2158-2440,,wos_scraped_20260205_182835.bib
,,WOS:001631598800001,UNMATCHED_WOS,0,2382-1205,,wos_scraped_20260205_182835.bib
,,WOS:001652135600002,UNMATCHED_WOS,0,1138-2783,,wos_scraped_20260205_182835.bib
,,WOS:001489458300001,UNMATCHED_WOS,0,2433-328x,,wos_scraped_20260205_182835.bib
,,WOS:001473438500001,UNMATCHED_WOS,0,1478-0771,,wos_scraped_20260205_182835.bib
,,WOS:001504879800001,UNMATCHED_WOS,0,1044-7318,,wos_scraped_20260205_182835.bib
,,WOS:001486205100001,UNMATCHED_WOS,0,1396-5883,,wos_scraped_20260205_182835.bib
,,WOS:001270470900014,UNMATCHED_WOS,0,2013-9144,,wos_scraped_20260205_182835.bib
,,WOS:001129316400001,UNMATCHED_WOS,0,2331-186x,,wos_scraped_20260205_182835.bib
,,WOS:001655833500001,UNMATCHED_WOS,0,1449-3098,,wos_scraped_20260205_182835.bib
,,WOS:001370356800001,UNMATCHED_WOS,0,8756-3894,,wos_scraped_20260205_182835.bib
,,WOS:001380464500001,UNMATCHED_WOS,0,1360-2357,,wos_scraped_20260205_182835.bib
,,WOS:001394349200001,UNMATCHED_WOS,0,1472-8117,,wos_scraped_20260205_182835.bib
,,WOS:001245053900003,UNMATCHED_WOS,0,2229-9327,,wos_scraped_20260205_182835.bib
,,WOS:001005869300001,UNMATCHED_WOS,0,,,wos_scraped_20260205_182835.bib
,,WOS:001651539800007,UNMATCHED_WOS,0,2666-920x,,wos_scraped_20260205_182835.bib
,,WOS:001330044500001,UNMATCHED_WOS,0,1049-4820,,wos_scraped_20260205_182835.bib
,,WOS:001666070400001,UNMATCHED_WOS,0,2666-5573,,wos_scraped_20260205_182835.bib
,,WOS:001652135600006,UNMATCHED_WOS,0,1138-2783,,wos_scraped_20260205_182835.bib
,,WOS:001097561400002,UNMATCHED_WOS,0,1386-6710,,wos_scraped_20260205_182835.bib
,,WOS:001324270300001,UNMATCHED_WOS,0,,,wos_scraped_20260205_182835.bib
,,WOS:001520460700040,UNMATCHED_WOS,0,1049-2275,,wos_scraped_20260205_182835.bib
,,WOS:001279322600001,UNMATCHED_WOS,0,1044-7318,,wos_scraped_20260205_182835.bib
,,WOS:001497880800001,UNMATCHED_WOS,0,1444-0903,,wos_scraped_20260205_182835.bib
,,WOS:001632329600001,UNMATCHED_WOS,0,0975-6809,,wos_scraped_20260205_182835.bib
,,WOS:001602490400001,UNMATCHED_WOS,0,,,wos_scraped_20260205_182835.bib
,,WOS:001493192300002,UNMATCHED_WOS,0,0164-1263,,wos_scraped_20260205_182835.bib
,,WOS:001562308900001,UNMATCHED_WOS,0,,,wos_scraped_20260205_182835.bib
,,WOS:000508195000001,UNMATCHED_WOS,0,2365-9440,,wos_scraped_20260205_182835.bib
,,WOS:000473164000021,UNMATCHED_WOS,0,2307-7999,,wos_scraped_20260205_182835.bib
,,WOS:001388345000001,UNMATCHED_WOS,0,1473-3145,,wos_scraped_20260205_182835.bib
,,WOS:001237953600013,UNMATCHED_WOS,0,1607-9264,,wos_scraped_20260205_182835.bib
,,WOS:001611984700001,UNMATCHED_WOS,0,0039-6060,,wos_scraped_20260205_182835.bib
,,WOS:001449504600001,UNMATCHED_WOS,0,1833-2595,,wos_scraped_20260205_182835.bib
,,WOS:001532153300001,UNMATCHED_WOS,0,0029-6554,,wos_scraped_20260205_182902.bib
,,WOS:000771966100006,UNMATCHED_WOS,0,1946-6226,,wos_scraped_20260205_182902.bib
,,WOS:001663834400002,UNMATCHED_WOS,0,1133-8482,,wos_scraped_20260205_182902.bib
,,WOS:001667995000001,UNMATCHED_WOS,0,,,wos_scraped_20260205_182902.bib
,,WOS:001443298100001,UNMATCHED_WOS,0,1570-1727,,wos_scraped_20260205_182902.bib
,,WOS:001505452100001,UNMATCHED_WOS,0,8756-3894,,wos_scraped_20260205_182902.bib
,,WOS:001250717900001,UNMATCHED_WOS,0,0861-3982,,wos_scraped_20260205_182902.bib
,,WOS:000861426400015,UNMATCHED_WOS,0,0018-9162,,wos_scraped_20260205_182902.bib
,,WOS:001136895900011,UNMATCHED_WOS,0,2076-8184,,wos_scraped_20260205_182902.bib
,,WOS:001477330200001,UNMATCHED_WOS,0,,,wos_scraped_20260205_182902.bib
,,WOS:001553320800001,UNMATCHED_WOS,0,,,wos_scraped_20260205_182902.bib
,,WOS:001557452700001,UNMATCHED_WOS,0,,,wos_scraped_20260205_182902.bib
,,WOS:001528131500001,UNMATCHED_WOS,0,,,wos_scraped_20260205_182902.bib
,,WOS:001232757000001,UNMATCHED_WOS,0,,,wos_scraped_20260205_182902.bib
,,WOS:001189438200001,UNMATCHED_WOS,0,0307-5079,,wos_scraped_20260205_182902.bib
,,WOS:001646376800001,UNMATCHED_WOS,0,,,wos_scraped_20260205_182902.bib
,,WOS:001444164000001,UNMATCHED_WOS,0,2079-9292,,wos_scraped_20260205_182902.bib
,,WOS:001648505700008,UNMATCHED_WOS,0,1137-0734,,wos_scraped_20260205_182902.bib
,,WOS:001126631700023,UNMATCHED_WOS,0,2218-3620,,wos_scraped_20260205_182902.bib
,,WOS:001585949700002,UNMATCHED_WOS,0,,,wos_scraped_20260205_182902.bib
,,WOS:001629686200001,UNMATCHED_WOS,0,8756-3894,,wos_scraped_20260205_182902.bib
,,WOS:001259960900001,UNMATCHED_WOS,0,,,wos_scraped_20260205_182902.bib
,,WOS:001339082800001,UNMATCHED_WOS,0,,,wos_scraped_20260205_182902.bib
,,WOS:001382684700009,UNMATCHED_WOS,0,1078-8174,,wos_scraped_20260205_182902.bib
,,WOS:001538473500001,UNMATCHED_WOS,0,1360-2357,,wos_scraped_20260205_182902.bib
,,WOS:001580284200001,UNMATCHED_WOS,0,,,wos_scraped_20260205_182902.bib
,,WOS:001289390100002,UNMATCHED_WOS,0,2211-1662,,wos_scraped_20260205_182902.bib
,,WOS:001086597100001,UNMATCHED_WOS,0,1470-3297,,wos_scraped_20260205_182902.bib
,,WOS:001554441200002,UNMATCHED_WOS,0,1869-0327,,wos_scraped_20260205_182902.bib
,,WOS:000993618700001,UNMATCHED_WOS,0,0007-1013,,wos_scraped_20260205_182902.bib
,,WOS:001667086600004,UNMATCHED_WOS,0,0951-5224,,wos_scraped_20260205_182902.bib
,,WOS:001068688400013,UNMATCHED_WOS,0,1578-2824,,wos_scraped_20260205_182902.bib
,,WOS:001480190300001,UNMATCHED_WOS,0,1741-1009,,wos_scraped_20260205_182902.bib
,,WOS:000611776400001,UNMATCHED_WOS,0,,,wos_scraped_20260205_182902.bib
,,WOS:001289717700001,UNMATCHED_WOS,0,2049-6613,,wos_scraped_20260205_182902.bib
,,WOS:001342787700001,UNMATCHED_WOS,0,1999-5903,,wos_scraped_20260205_182902.bib
,,WOS:000793536200003,UNMATCHED_WOS,0,1530-8669,,wos_scraped_20260205_182902.bib
,,WOS:001557687000001,UNMATCHED_WOS,0,,,wos_scraped_20260205_182902.bib
,,WOS:000915743300001,UNMATCHED_WOS,0,,,wos_scraped_20260205_182902.bib
,,WOS:001425226500001,UNMATCHED_WOS,0,8756-3894,,wos_scraped_20260205_182902.bib
,,WOS:001516314000002,UNMATCHED_WOS,0,1096-7516,,wos_scraped_20260205_182902.bib
,,WOS:001288298700001,UNMATCHED_WOS,0,0966-0429,,wos_scraped_20260205_182902.bib
,,WOS:001641349400002,UNMATCHED_WOS,0,1753-5255,,wos_scraped_20260205_182902.bib
,,WOS:001523857400001,UNMATCHED_WOS,0,1042-1629,,wos_scraped_20260205_182902.bib
,,WOS:000377380500004,UNMATCHED_WOS,0,1560-4292,,wos_scraped_20260205_182902.bib
,,WOS:001355899800001,UNMATCHED_WOS,0,1472-8117,,wos_scraped_20260205_182902.bib
,,WOS:001204361200009,UNMATCHED_WOS,0,2304-070x,,wos_scraped_20260205_182902.bib
,,WOS:001668635000001,UNMATCHED_WOS,0,2158-2440,,wos_scraped_20260205_182902.bib
,,WOS:001672923700001,UNMATCHED_WOS,0,0306-9400,,wos_scraped_20260205_182902.bib
,,WOS:001151191800001,UNMATCHED_WOS,0,0218-8791,,wos_scraped_20260205_182902.bib
,,WOS:000732679200001,UNMATCHED_WOS,0,0018-9359,,wos_scraped_20260205_182902.bib
,,WOS:001469382500001,UNMATCHED_WOS,0,0735-6331,,wos_scraped_20260205_182902.bib
,,WOS:001483015600001,UNMATCHED_WOS,0,1479-4403,,wos_scraped_20260205_182902.bib
,,WOS:001601813700001,UNMATCHED_WOS,0,,,wos_scraped_20260205_182902.bib
,,WOS:001435632400001,UNMATCHED_WOS,0,1460-6925,,wos_scraped_20260205_182902.bib
,,WOS:001320186000001,UNMATCHED_WOS,0,2304-070x,,wos_scraped_20260205_182902.bib
,,WOS:001374721200005,UNMATCHED_WOS,0,,,wos_scraped_20260205_182902.bib
,,WOS:001646068200001,UNMATCHED_WOS,0,0104-4230,,wos_scraped_20260205_182902.bib
,,WOS:001037631400001,UNMATCHED_WOS,0,0021-9584,,wos_scraped_20260205_182902.bib
,,WOS:001273836800001,UNMATCHED_WOS,0,2331-186x,,wos_scraped_20260205_182902.bib
,,WOS:000769250600001,UNMATCHED_WOS,0,,,wos_scraped_20260205_182902.bib
,,WOS:001577526500001,UNMATCHED_WOS,0,,,wos_scraped_20260205_182902.bib
,,WOS:000954374300001,UNMATCHED_WOS,0,0268-4012,,wos_scraped_20260205_182902.bib
,,WOS:001567005000001,UNMATCHED_WOS,0,0385-8146,,wos_scraped_20260205_182902.bib
,,WOS:001599301200006,UNMATCHED_WOS,0,2666-3899,,wos_scraped_20260205_182902.bib
,,WOS:001288033500001,UNMATCHED_WOS,0,2398-6263,,wos_scraped_20260205_182902.bib
,,WOS:001022433100001,UNMATCHED_WOS,0,2365-9440,,wos_scraped_20260205_182902.bib
,,WOS:001132966400006,UNMATCHED_WOS,0,1449-3098,,wos_scraped_20260205_182902.bib
,,WOS:001120656300001,UNMATCHED_WOS,0,2331-186x,,wos_scraped_20260205_182902.bib
,,WOS:001541428100001,UNMATCHED_WOS,0,,,wos_scraped_20260205_182902.bib
,,WOS:001295204000001,UNMATCHED_WOS,0,,,wos_scraped_20260205_182902.bib
,,WOS:001633893600001,UNMATCHED_WOS,0,,,wos_scraped_20260205_182902.bib
,,WOS:001075916200001,UNMATCHED_WOS,0,,,wos_scraped_20260205_182902.bib
,,WOS:001439315400001,UNMATCHED_WOS,0,1074-8121,,wos_scraped_20260205_182902.bib
,,WOS:001040937600001,UNMATCHED_WOS,0,0194-5998,,wos_scraped_20260205_182902.bib
,,WOS:001573734100001,UNMATCHED_WOS,0,2194-6175,,wos_scraped_20260205_182902.bib
,,WOS:001363452500001,UNMATCHED_WOS,0,1059-0145,,wos_scraped_20260205_182902.bib
,,WOS:001329487400001,UNMATCHED_WOS,0,1932-2909,,wos_scraped_20260205_182902.bib
,,WOS:001597999300052,UNMATCHED_WOS,0,,,wos_scraped_20260205_182902.bib
,,WOS:000669522300006,UNMATCHED_WOS,0,1176-3647,,wos_scraped_20260205_182902.bib
,,WOS:000491231200005,UNMATCHED_WOS,0,0007-1013,,wos_scraped_20260205_182902.bib
,,WOS:001165672400001,UNMATCHED_WOS,0,0738-4602,,wos_scraped_20260205_182902.bib
,,WOS:000901853400003,UNMATCHED_WOS,0,1360-2357,,wos_scraped_20260205_182902.bib
,,WOS:001615705600001,UNMATCHED_WOS,0,0028-8276,,wos_scraped_20260205_183017.bib
,,WOS:001523841500001,UNMATCHED_WOS,0,1360-2357,,wos_scraped_20260205_183017.bib
,,WOS:001297785700001,UNMATCHED_WOS,0,2197-9987,,wos_scraped_20260205_183017.bib
,,WOS:001127494300006,UNMATCHED_WOS,0,0091-4916,,wos_scraped_20260205_183017.bib
,,WOS:001616142700001,UNMATCHED_WOS,0,1747-938x,,wos_scraped_20260205_183017.bib
,,WOS:001443350600001,UNMATCHED_WOS,0,1931-3896,,wos_scraped_20260205_183017.bib
,,WOS:001199824100009,UNMATCHED_WOS,0,0037-5675,,wos_scraped_20260205_183017.bib
,,WOS:001656706800001,UNMATCHED_WOS,0,1557-3087,,wos_scraped_20260205_183017.bib
,,WOS:001523468700009,UNMATCHED_WOS,0,1138-2783,,wos_scraped_20260205_183017.bib
,,WOS:001323879500001,UNMATCHED_WOS,0,,,wos_scraped_20260205_183017.bib
,,WOS:001186144100001,UNMATCHED_WOS,0,2365-9440,,wos_scraped_20260205_183017.bib
,,WOS:001223930900001,UNMATCHED_WOS,0,0260-1370,,wos_scraped_20260205_183017.bib
,,WOS:001216353800001,UNMATCHED_WOS,0,0897-3806,,wos_scraped_20260205_183017.bib
,,WOS:001363411700001,UNMATCHED_WOS,0,1360-2357,,wos_scraped_20260205_183017.bib
,,WOS:001545886600001,UNMATCHED_WOS,0,1932-202x,,wos_scraped_20260205_183017.bib
,,WOS:001390829100001,UNMATCHED_WOS,0,0141-8211,,wos_scraped_20260205_183017.bib
,,WOS:001458819000001,UNMATCHED_WOS,0,1479-4403,,wos_scraped_20260205_183017.bib
,,WOS:000993944200001,UNMATCHED_WOS,0,0304-3797,,wos_scraped_20260205_183017.bib
,,WOS:001514282300001,UNMATCHED_WOS,0,1570-1727,,wos_scraped_20260205_183017.bib
,,WOS:001527434800001,UNMATCHED_WOS,0,,,wos_scraped_20260205_183017.bib
,,WOS:001423007200001,UNMATCHED_WOS,0,1046-1310,,wos_scraped_20260205_183017.bib
,,WOS:001504722800013,UNMATCHED_WOS,0,1449-9789,,wos_scraped_20260205_183017.bib
,,WOS:001353818100001,UNMATCHED_WOS,0,1059-0145,,wos_scraped_20260205_183017.bib
,,WOS:001370454700001,UNMATCHED_WOS,0,0141-8211,,wos_scraped_20260205_183017.bib
,,WOS:001494252000001,UNMATCHED_WOS,0,,,wos_scraped_20260205_183017.bib
,,WOS:001578726300001,UNMATCHED_WOS,0,1360-2357,,wos_scraped_20260205_183017.bib
,,WOS:001123168000011,UNMATCHED_WOS,0,1011-3487,,wos_scraped_20260205_183017.bib
,,WOS:001097734800010,UNMATCHED_WOS,0,2076-8184,,wos_scraped_20260205_183017.bib
,,WOS:001524768300008,UNMATCHED_WOS,0,,,wos_scraped_20260205_183017.bib
,,WOS:001623550400001,UNMATCHED_WOS,0,2073-431x,,wos_scraped_20260205_183017.bib
,,WOS:001587789900001,UNMATCHED_WOS,0,2059-5891,,wos_scraped_20260205_183017.bib
,,WOS:001479066800001,UNMATCHED_WOS,0,1570-1727,,wos_scraped_20260205_183017.bib
,,WOS:001484637100001,UNMATCHED_WOS,0,,,wos_scraped_20260205_183017.bib
,,WOS:001372880900001,UNMATCHED_WOS,0,,,wos_scraped_20260205_183017.bib
,,WOS:001652135600011,UNMATCHED_WOS,0,1138-2783,,wos_scraped_20260205_183017.bib
,,WOS:001514662900001,UNMATCHED_WOS,0,,,wos_scraped_20260205_183017.bib
,,WOS:001647200400001,UNMATCHED_WOS,0,,,wos_scraped_20260205_183017.bib
,,WOS:001494146500001,UNMATCHED_WOS,0,0887-4417,,wos_scraped_20260205_183017.bib
,,WOS:001559321100024,UNMATCHED_WOS,0,0141-8211,,wos_scraped_20260205_183017.bib
,,WOS:001577833500001,UNMATCHED_WOS,0,2158-2440,,wos_scraped_20260205_183017.bib
,,WOS:001585561000001,UNMATCHED_WOS,0,0972-1363,,wos_scraped_20260205_183017.bib
,,WOS:001422140000001,UNMATCHED_WOS,0,1833-2595,,wos_scraped_20260205_183017.bib
,,WOS:001075331300001,UNMATCHED_WOS,0,0950-4222,,wos_scraped_20260205_183017.bib
,,WOS:001579784100001,UNMATCHED_WOS,0,,,wos_scraped_20260205_183017.bib
,,WOS:001515381000001,UNMATCHED_WOS,0,,,wos_scraped_20260205_183017.bib
,,WOS:001651577400028,UNMATCHED_WOS,0,2666-920x,,wos_scraped_20260205_183017.bib
,,WOS:001573269000001,UNMATCHED_WOS,0,2050-3806,,wos_scraped_20260205_183017.bib
,,WOS:001660541000001,UNMATCHED_WOS,0,1360-2357,,wos_scraped_20260205_183017.bib
,,WOS:001246291900001,UNMATCHED_WOS,0,2095-8099,,wos_scraped_20260205_183017.bib
,,WOS:001522444700001,UNMATCHED_WOS,0,1360-2357,,wos_scraped_20260205_183017.bib
,,WOS:001580032800001,UNMATCHED_WOS,0,,,wos_scraped_20260205_183017.bib
,,WOS:001644448500001,UNMATCHED_WOS,0,1609-4069,,wos_scraped_20260205_183017.bib
,,WOS:001395561300009,UNMATCHED_WOS,0,1696-1412,,wos_scraped_20260205_183017.bib
,,WOS:001489132000004,UNMATCHED_WOS,0,1017-3285,,wos_scraped_20260205_183017.bib
,,WOS:001651617000001,UNMATCHED_WOS,0,,,wos_scraped_20260205_183017.bib
,,WOS:001200255600001,UNMATCHED_WOS,0,1835-5196,,wos_scraped_20260205_183017.bib
,,WOS:001400675700001,UNMATCHED_WOS,0,1360-2357,,wos_scraped_20260205_183017.bib
,,WOS:001408205100005,UNMATCHED_WOS,0,1449-3098,,wos_scraped_20260205_183017.bib
,,WOS:001456728500004,UNMATCHED_WOS,0,1286-4986,,wos_scraped_20260205_183017.bib
,,WOS:001405044600001,UNMATCHED_WOS,0,0959-289x,,wos_scraped_20260205_183017.bib
,,WOS:001603234300001,UNMATCHED_WOS,0,0305-7267,,wos_scraped_20260205_183017.bib
,,WOS:001621649900001,UNMATCHED_WOS,0,,,wos_scraped_20260205_183017.bib
,,WOS:001442244900001,UNMATCHED_WOS,0,1754-2731,,wos_scraped_20260205_183017.bib
,,WOS:001502455500001,UNMATCHED_WOS,0,2152-2715,,wos_scraped_20260205_183017.bib
,,WOS:001568958900001,UNMATCHED_WOS,0,2158-2440,,wos_scraped_20260205_183017.bib
,,WOS:001672009200001,UNMATCHED_WOS,0,0307-5079,,wos_scraped_20260205_183017.bib
,,WOS:001502797500001,UNMATCHED_WOS,0,2210-7703,,wos_scraped_20260205_183017.bib
,,WOS:001434151800001,UNMATCHED_WOS,0,0883-2323,,wos_scraped_20260205_183017.bib
,,WOS:001490965300001,UNMATCHED_WOS,0,0022-4308,,wos_scraped_20260205_183017.bib
,,WOS:001303369400001,UNMATCHED_WOS,0,2514-9369,,wos_scraped_20260205_183017.bib
,,WOS:001646651900001,UNMATCHED_WOS,0,,,wos_scraped_20260205_183017.bib
,,WOS:001296886600001,UNMATCHED_WOS,0,1472-8117,,wos_scraped_20260205_183017.bib
,,WOS:001649337500001,UNMATCHED_WOS,0,1833-2595,,wos_scraped_20260205_183017.bib
,,WOS:001380158900001,UNMATCHED_WOS,0,0266-4909,,wos_scraped_20260205_183017.bib
,,WOS:001596046900001,UNMATCHED_WOS,0,1743-9884,,wos_scraped_20260205_183017.bib
,,WOS:001463177300001,UNMATCHED_WOS,0,0020-7543,,wos_scraped_20260205_183017.bib
,,WOS:001449590100001,UNMATCHED_WOS,0,0729-4360,,wos_scraped_20260205_183017.bib
,,WOS:001621285200001,UNMATCHED_WOS,0,1467-0895,,wos_scraped_20260205_183017.bib
,,WOS:001087046600008,UNMATCHED_WOS,0,1753-8548,,wos_scraped_20260205_183017.bib
,,WOS:001616729800001,UNMATCHED_WOS,0,0123-3033,,wos_scraped_20260205_183017.bib
,,WOS:001164825200002,UNMATCHED_WOS,0,2322-1291,,wos_scraped_20260205_183017.bib
,,WOS:001444157700001,UNMATCHED_WOS,0,,,wos_scraped_20260205_183017.bib
,,WOS:001334042400001,UNMATCHED_WOS,0,,,wos_scraped_20260205_183017.bib
,,WOS:001310545500011,UNMATCHED_WOS,0,1554-480x,,wos_scraped_20260205_183017.bib
,,WOS:001648904800001,UNMATCHED_WOS,0,0098-6283,,wos_scraped_20260205_183017.bib
,,WOS:001611480000001,UNMATCHED_WOS,0,0741-0883,,wos_scraped_20260205_183017.bib
,,WOS:001483145000041,UNMATCHED_WOS,0,2045-2322,,wos_scraped_20260205_183017.bib
,,WOS:001561114600006,UNMATCHED_WOS,0,,,wos_scraped_20260205_183017.bib
,,WOS:001457992600001,UNMATCHED_WOS,0,1360-2357,,wos_scraped_20260205_183017.bib
,,WOS:001601422000001,UNMATCHED_WOS,0,,,wos_scraped_20260205_183017.bib
,,WOS:001652555400010,UNMATCHED_WOS,0,1846-3312,,wos_scraped_20260205_183017.bib
,,WOS:001598569100001,UNMATCHED_WOS,0,0953-4814,,wos_scraped_20260205_183017.bib
,,WOS:001516294400003,UNMATCHED_WOS,0,1557-3087,,wos_scraped_20260205_183017.bib
,,WOS:001454252900001,UNMATCHED_WOS,0,,,wos_scraped_20260205_183017.bib
,,WOS:001627687700001,UNMATCHED_WOS,0,,,wos_scraped_20260205_183111.bib
,,WOS:001654443400033,UNMATCHED_WOS,0,2066-7329,,wos_scraped_20260205_183111.bib
,,WOS:001651583900009,UNMATCHED_WOS,0,2666-920x,,wos_scraped_20260205_183111.bib
,,WOS:001623669700001,UNMATCHED_WOS,0,,,wos_scraped_20260205_183111.bib
,,WOS:001502980300001,UNMATCHED_WOS,0,1470-3297,,wos_scraped_20260205_183111.bib
,,WOS:001543902300001,UNMATCHED_WOS,0,,,wos_scraped_20260205_183111.bib
,,WOS:001312001900001,UNMATCHED_WOS,0,2398-6352,,wos_scraped_20260205_183111.bib
,,WOS:001552750900001,UNMATCHED_WOS,0,2365-9440,,wos_scraped_20260205_183111.bib
,,WOS:001449870600001,UNMATCHED_WOS,0,1096-7516,,wos_scraped_20260205_183111.bib
,,WOS:001588466200001,UNMATCHED_WOS,0,0729-4360,,wos_scraped_20260205_183111.bib
,,WOS:001372038400001,UNMATCHED_WOS,0,1560-4292,,wos_scraped_20260205_183111.bib
,,WOS:001529254900015,UNMATCHED_WOS,0,1176-3647,,wos_scraped_20260205_183111.bib
,,WOS:001651583900002,UNMATCHED_WOS,0,2666-920x,,wos_scraped_20260205_183111.bib
,,WOS:001385807500001,UNMATCHED_WOS,0,1061-3773,,wos_scraped_20260205_183111.bib
,,WOS:001543321600001,UNMATCHED_WOS,0,2331-186x,,wos_scraped_20260205_183111.bib
,,WOS:001629739700001,UNMATCHED_WOS,0,8756-3894,,wos_scraped_20260205_183111.bib
,,WOS:001574140400006,UNMATCHED_WOS,0,1871-1871,,wos_scraped_20260205_183111.bib
,,WOS:001670281100001,UNMATCHED_WOS,0,,,wos_scraped_20260205_183111.bib
,,WOS:001529953500006,UNMATCHED_WOS,0,1809-0249,,wos_scraped_20260205_183111.bib
,,WOS:001551641800001,UNMATCHED_WOS,0,2211-1662,,wos_scraped_20260205_183111.bib
,,WOS:001605976600016,UNMATCHED_WOS,0,0951-5224,,wos_scraped_20260205_183111.bib
,,WOS:001614737300001,UNMATCHED_WOS,0,2948-2984,,wos_scraped_20260205_183111.bib
,,WOS:001670299300001,UNMATCHED_WOS,0,,,wos_scraped_20260205_183111.bib
,,WOS:001446215200015,UNMATCHED_WOS,0,,,wos_scraped_20260205_183111.bib
,,WOS:001194598900007,UNMATCHED_WOS,0,0148-0731,,wos_scraped_20260205_183111.bib
,,WOS:001168101700001,UNMATCHED_WOS,0,2056-4880,,wos_scraped_20260205_183111.bib
,,WOS:001461325900001,UNMATCHED_WOS,0,1464-7893,,wos_scraped_20260205_183111.bib
,,WOS:001475494900001,UNMATCHED_WOS,0,,,wos_scraped_20260205_183111.bib
,,WOS:001651702500001,UNMATCHED_WOS,0,2666-920x,,wos_scraped_20260205_183111.bib
,,WOS:001625878200014,UNMATCHED_WOS,0,2223-4683,,wos_scraped_20260205_183111.bib
,,WOS:001584108700001,UNMATCHED_WOS,0,2666-5573,,wos_scraped_20260205_183111.bib
,,WOS:001497043900002,UNMATCHED_WOS,0,1176-3647,,wos_scraped_20260205_183111.bib
,,WOS:001131092800001,UNMATCHED_WOS,0,2053-535x,,wos_scraped_20260205_183111.bib
,,WOS:001545504600001,UNMATCHED_WOS,0,1548-3908,,wos_scraped_20260205_183111.bib
,,WOS:001577126000001,UNMATCHED_WOS,0,0261-9768,,wos_scraped_20260205_183111.bib
,,WOS:001556608300001,UNMATCHED_WOS,0,1741-5659,,wos_scraped_20260205_183111.bib
,,WOS:001440855600001,UNMATCHED_WOS,0,2068-0473,,wos_scraped_20260205_183111.bib
,,WOS:001242084700001,UNMATCHED_WOS,0,1751-6234,,wos_scraped_20260205_183111.bib
,,WOS:001359314500001,UNMATCHED_WOS,0,1449-3098,,wos_scraped_20260205_183111.bib
,,WOS:001604843700001,UNMATCHED_WOS,0,2211-1662,,wos_scraped_20260205_183111.bib
,,WOS:001589735600001,UNMATCHED_WOS,0,0309-8249,,wos_scraped_20260205_183111.bib
,,WOS:001666126000001,UNMATCHED_WOS,0,,,wos_scraped_20260205_183111.bib
,,WOS:001324042600001,UNMATCHED_WOS,0,1049-4820,,wos_scraped_20260205_183111.bib
,,WOS:001508058000001,UNMATCHED_WOS,0,1360-2357,,wos_scraped_20260205_183111.bib
,,WOS:001602700000001,UNMATCHED_WOS,0,,,wos_scraped_20260205_183111.bib
,,WOS:001584263100001,UNMATCHED_WOS,0,2158-2440,,wos_scraped_20260205_183111.bib
,,WOS:001215053000002,UNMATCHED_WOS,0,8756-3894,,wos_scraped_20260205_183111.bib
,,WOS:001362154700002,UNMATCHED_WOS,0,,,wos_scraped_20260205_183111.bib
,,WOS:001609419600001,UNMATCHED_WOS,0,1449-3098,,wos_scraped_20260205_183111.bib
,,WOS:001414535000001,UNMATCHED_WOS,0,0219-6492,,wos_scraped_20260205_183111.bib
,,WOS:001524695800001,UNMATCHED_WOS,0,0309-877x,,wos_scraped_20260205_183111.bib
,,WOS:001519967500006,UNMATCHED_WOS,0,2341-2593,,wos_scraped_20260205_183111.bib
,,WOS:001182199500001,UNMATCHED_WOS,0,0266-4909,,wos_scraped_20260205_183111.bib
,,WOS:001427642900001,UNMATCHED_WOS,0,2217-8309,,wos_scraped_20260205_183111.bib
,,WOS:001338080800002,UNMATCHED_WOS,0,0742-5627,,wos_scraped_20260205_183111.bib
,,WOS:001596423200001,UNMATCHED_WOS,0,2223-2516,,wos_scraped_20260205_183111.bib
,,WOS:001667290000002,UNMATCHED_WOS,0,2467-5903,,wos_scraped_20260205_183111.bib
,,WOS:001570958300001,UNMATCHED_WOS,0,1096-3758,,wos_scraped_20260205_183111.bib
,,WOS:001651129200013,UNMATCHED_WOS,0,,,wos_scraped_20260205_183111.bib
,,WOS:001652135600004,UNMATCHED_WOS,0,1138-2783,,wos_scraped_20260205_183111.bib
,,WOS:001297006600001,UNMATCHED_WOS,0,0018-1560,,wos_scraped_20260205_183111.bib
,,WOS:001605647500001,UNMATCHED_WOS,0,0005-0067,,wos_scraped_20260205_183111.bib
,,WOS:001641279200006,UNMATCHED_WOS,0,2380-9418,,wos_scraped_20260205_183111.bib
,,WOS:001515224000001,UNMATCHED_WOS,0,,,wos_scraped_20260205_183111.bib
,,WOS:001192821000001,UNMATCHED_WOS,0,,,wos_scraped_20260205_183111.bib
,,WOS:001592984600001,UNMATCHED_WOS,0,1661-8556,,wos_scraped_20260205_183111.bib
,,WOS:001670123000001,UNMATCHED_WOS,0,,,wos_scraped_20260205_183111.bib
,,WOS:001628557400001,UNMATCHED_WOS,0,1049-4820,,wos_scraped_20260205_183111.bib
,,WOS:001579977500001,UNMATCHED_WOS,0,,,wos_scraped_20260205_183111.bib
,,WOS:001406387000001,UNMATCHED_WOS,0,0360-1315,,wos_scraped_20260205_183111.bib
,,WOS:001217487000001,UNMATCHED_WOS,0,2373-3799,,wos_scraped_20260205_183111.bib
,,WOS:001436494700010,UNMATCHED_WOS,0,2076-8184,,wos_scraped_20260205_183111.bib
,,WOS:001115427000006,UNMATCHED_WOS,0,1449-3098,,wos_scraped_20260205_183111.bib
,,WOS:001173963300005,UNMATCHED_WOS,0,1731-6758,,wos_scraped_20260205_183111.bib
,,WOS:001479744700001,UNMATCHED_WOS,0,,,wos_scraped_20260205_183111.bib
,,WOS:001623510800001,UNMATCHED_WOS,0,0260-2938,,wos_scraped_20260205_183111.bib
,,WOS:001450628200001,UNMATCHED_WOS,0,2095-2635,,wos_scraped_20260205_183111.bib
,,WOS:001519563800001,UNMATCHED_WOS,0,2050-7003,,wos_scraped_20260205_183111.bib
,,WOS:001211429500001,UNMATCHED_WOS,0,1741-5659,,wos_scraped_20260205_183111.bib
,,WOS:001604015300004,UNMATCHED_WOS,0,2218-3620,,wos_scraped_20260205_183111.bib
,,WOS:001651592800013,UNMATCHED_WOS,0,2666-920x,,wos_scraped_20260205_183111.bib
,,WOS:001639109000001,UNMATCHED_WOS,0,2331-186x,,wos_scraped_20260205_183111.bib
,,WOS:001649491800001,UNMATCHED_WOS,0,0066-4677,,wos_scraped_20260205_183111.bib
,,WOS:001535996900001,UNMATCHED_WOS,0,,,wos_scraped_20260205_183111.bib
,,WOS:001268515200010,UNMATCHED_WOS,0,,,wos_scraped_20260205_183111.bib
,,WOS:001198732300007,UNMATCHED_WOS,0,1529-3181,,wos_scraped_20260205_183111.bib
,,WOS:001377974100001,UNMATCHED_WOS,0,2365-9440,,wos_scraped_20260205_183111.bib
,,WOS:001497144300001,UNMATCHED_WOS,0,1934-8835,,wos_scraped_20260205_183111.bib
,,WOS:001514535400001,UNMATCHED_WOS,0,,,wos_scraped_20260205_183111.bib
,,WOS:001575865800001,UNMATCHED_WOS,0,1833-2595,,wos_scraped_20260205_183111.bib
,,WOS:001434755200001,UNMATCHED_WOS,0,1096-7516,,wos_scraped_20260205_183111.bib
,,WOS:001498761000022,UNMATCHED_WOS,0,2045-2322,,wos_scraped_20260205_183111.bib
,,WOS:001166271300001,UNMATCHED_WOS,0,,,wos_scraped_20260205_183111.bib
,,WOS:001597644900001,UNMATCHED_WOS,0,1356-2517,,wos_scraped_20260205_183111.bib
,,WOS:001559320900005,UNMATCHED_WOS,0,0141-8211,,wos_scraped_20260205_183111.bib
,,WOS:001493388300001,UNMATCHED_WOS,0,1059-0145,,wos_scraped_20260205_183111.bib
,,WOS:001423043300001,UNMATCHED_WOS,0,1042-1629,,wos_scraped_20260205_183111.bib
,,WOS:001645428300001,UNMATCHED_WOS,0,0368-492x,,wos_scraped_20260205_183111.bib
,,WOS:001417890700012,UNMATCHED_WOS,0,2013-584x,,wos_scraped_20260205_183111.bib
,,WOS:001646681200001,UNMATCHED_WOS,0,,,wos_scraped_20260205_183111.bib
,,WOS:001377298600002,UNMATCHED_WOS,0,2304-070x,,wos_scraped_20260205_183226.bib
,,WOS:001347696600001,UNMATCHED_WOS,0,1935-7877,,wos_scraped_20260205_183226.bib
,,WOS:001485882200001,UNMATCHED_WOS,0,1539-1523,,wos_scraped_20260205_183226.bib
,,WOS:001547797800001,UNMATCHED_WOS,0,0926-7220,,wos_scraped_20260205_183226.bib
,,WOS:001625713700001,UNMATCHED_WOS,0,2331-186x,,wos_scraped_20260205_183226.bib
,,WOS:001155880300009,UNMATCHED_WOS,0,2369-3762,,wos_scraped_20260205_183226.bib
,,WOS:001616482500001,UNMATCHED_WOS,0,1061-3773,,wos_scraped_20260205_183226.bib
,,WOS:001300694600010,UNMATCHED_WOS,0,1449-9789,,wos_scraped_20260205_183226.bib
,,WOS:001515323000001,UNMATCHED_WOS,0,,,wos_scraped_20260205_183226.bib
,,WOS:001283222100001,UNMATCHED_WOS,0,0142-159x,,wos_scraped_20260205_183226.bib
,,WOS:001397239700001,UNMATCHED_WOS,0,1049-4820,,wos_scraped_20260205_183226.bib
,,WOS:001601422600001,UNMATCHED_WOS,0,,,wos_scraped_20260205_183226.bib
,,WOS:001208324000001,UNMATCHED_WOS,0,0021-9584,,wos_scraped_20260205_183226.bib
,,WOS:001345028500001,UNMATCHED_WOS,0,,,wos_scraped_20260205_183226.bib
,,WOS:001672756300006,UNMATCHED_WOS,0,1695-288x,,wos_scraped_20260205_183226.bib
,,WOS:001621403300001,UNMATCHED_WOS,0,1560-4292,,wos_scraped_20260205_183226.bib
,,WOS:001307257000001,UNMATCHED_WOS,0,2365-9440,,wos_scraped_20260205_183226.bib
,,WOS:001475680100001,UNMATCHED_WOS,0,,,wos_scraped_20260205_183226.bib
,,WOS:001574382700001,UNMATCHED_WOS,0,2331-186x,,wos_scraped_20260205_183226.bib
,,WOS:001579772800001,UNMATCHED_WOS,0,,,wos_scraped_20260205_183226.bib
,,WOS:001587705400001,UNMATCHED_WOS,0,2046-469x,,wos_scraped_20260205_183226.bib
,,WOS:001471296000001,UNMATCHED_WOS,0,1049-4820,,wos_scraped_20260205_183226.bib
,,WOS:001425180700001,UNMATCHED_WOS,0,,,wos_scraped_20260205_183226.bib
,,WOS:001571567700001,UNMATCHED_WOS,0,,,wos_scraped_20260205_183226.bib
,,WOS:001326591200001,UNMATCHED_WOS,0,1050-6519,,wos_scraped_20260205_183226.bib
,,WOS:001670291200001,UNMATCHED_WOS,0,,,wos_scraped_20260205_183226.bib
,,WOS:001284355800001,UNMATCHED_WOS,0,,,wos_scraped_20260205_183226.bib
,,WOS:001192482500001,UNMATCHED_WOS,0,,,wos_scraped_20260205_183226.bib
,,WOS:001565996700001,UNMATCHED_WOS,0,1556-2646,,wos_scraped_20260205_183226.bib
,,WOS:001614080100001,UNMATCHED_WOS,0,1138-5820,,wos_scraped_20260205_183226.bib
,,WOS:001631902800001,UNMATCHED_WOS,0,1470-3297,,wos_scraped_20260205_183226.bib
,,WOS:001180409900001,UNMATCHED_WOS,0,0307-5079,,wos_scraped_20260205_183226.bib
,,WOS:001457932400001,UNMATCHED_WOS,0,1360-2357,,wos_scraped_20260205_183226.bib
,,WOS:001469026300001,UNMATCHED_WOS,0,1539-1523,,wos_scraped_20260205_183226.bib
,,WOS:001667177600004,UNMATCHED_WOS,0,1983-2664,,wos_scraped_20260205_183226.bib
,,WOS:001306137300001,UNMATCHED_WOS,0,0968-4883,,wos_scraped_20260205_183226.bib
,,WOS:001474827800001,UNMATCHED_WOS,0,,,wos_scraped_20260205_183226.bib
,,WOS:001615531400001,UNMATCHED_WOS,0,0022-0337,,wos_scraped_20260205_183226.bib
,,WOS:001670693900001,UNMATCHED_WOS,0,,,wos_scraped_20260205_183226.bib
,,WOS:001341829900001,UNMATCHED_WOS,0,,,wos_scraped_20260205_183226.bib
,,WOS:001437595300001,UNMATCHED_WOS,0,0260-2938,,wos_scraped_20260205_183226.bib
,,WOS:001592767400005,UNMATCHED_WOS,0,1759-7137,,wos_scraped_20260205_183226.bib
,,WOS:001651586500009,UNMATCHED_WOS,0,2666-920x,,wos_scraped_20260205_183226.bib
,,WOS:001387642800001,UNMATCHED_WOS,0,0729-4360,,wos_scraped_20260205_183226.bib
,,WOS:001411016400007,UNMATCHED_WOS,0,2172-7775,,wos_scraped_20260205_183226.bib
,,WOS:001644872900001,UNMATCHED_WOS,0,,,wos_scraped_20260205_183226.bib
,,WOS:001524614500001,UNMATCHED_WOS,0,2948-2925,,wos_scraped_20260205_183226.bib
,,WOS:001387210900001,UNMATCHED_WOS,0,2211-1662,,wos_scraped_20260205_183226.bib
,,WOS:001245053900018,UNMATCHED_WOS,0,2229-9327,,wos_scraped_20260205_183226.bib
,,WOS:001499217500001,UNMATCHED_WOS,0,,,wos_scraped_20260205_183226.bib
,,WOS:001487464300001,UNMATCHED_WOS,0,0260-2938,,wos_scraped_20260205_183226.bib
,,WOS:001529779400001,UNMATCHED_WOS,0,1462-3943,,wos_scraped_20260205_183226.bib
,,WOS:001570484900001,UNMATCHED_WOS,0,1750-1229,,wos_scraped_20260205_183226.bib
,,WOS:001536247700001,UNMATCHED_WOS,0,,,wos_scraped_20260205_183226.bib
,,WOS:001612833100001,UNMATCHED_WOS,0,0346-251x,,wos_scraped_20260205_183226.bib
,,WOS:001620164000001,UNMATCHED_WOS,0,1475-1585,,wos_scraped_20260205_183226.bib
,,WOS:001655998300002,UNMATCHED_WOS,0,1492-3831,,wos_scraped_20260205_183226.bib
,,WOS:001310883800001,UNMATCHED_WOS,0,2365-9440,,wos_scraped_20260205_183226.bib
,,WOS:001661247900001,UNMATCHED_WOS,0,2666-920x,,wos_scraped_20260205_183226.bib
,,WOS:001529688700001,UNMATCHED_WOS,0,2386-4303,,wos_scraped_20260205_183226.bib
,,WOS:001452838600001,UNMATCHED_WOS,0,,,wos_scraped_20260205_183226.bib
,,WOS:001489555200005,UNMATCHED_WOS,0,2045-2322,,wos_scraped_20260205_183226.bib
,,WOS:001499489200005,UNMATCHED_WOS,0,0743-9156,,wos_scraped_20260205_183226.bib
,,WOS:001614676600001,UNMATCHED_WOS,0,0747-5632,,wos_scraped_20260205_183226.bib
,,WOS:001368851500001,UNMATCHED_WOS,0,0018-1560,,wos_scraped_20260205_183226.bib
,,WOS:001461166000001,UNMATCHED_WOS,0,1360-2357,,wos_scraped_20260205_183226.bib
,,WOS:001472804500022,UNMATCHED_WOS,0,0949-149x,,wos_scraped_20260205_183226.bib
,,WOS:001329703100001,UNMATCHED_WOS,0,1478-0771,,wos_scraped_20260205_183226.bib
,,WOS:001430097900001,UNMATCHED_WOS,0,,,wos_scraped_20260205_183226.bib
,,WOS:001631635400001,UNMATCHED_WOS,0,2331-186x,,wos_scraped_20260205_183226.bib
,,WOS:001576194400001,UNMATCHED_WOS,0,1360-2357,,wos_scraped_20260205_183226.bib
,,WOS:001648806900001,UNMATCHED_WOS,0,1476-1270,,wos_scraped_20260205_183226.bib
,,WOS:001427043900001,UNMATCHED_WOS,0,2365-9440,,wos_scraped_20260205_183226.bib
,,WOS:001559321100010,UNMATCHED_WOS,0,0141-8211,,wos_scraped_20260205_183226.bib
,,WOS:001265557900003,UNMATCHED_WOS,0,2167-4779,,wos_scraped_20260205_183226.bib
,,WOS:001651706900013,UNMATCHED_WOS,0,2666-920x,,wos_scraped_20260205_183226.bib
,,WOS:001284914100002,UNMATCHED_WOS,0,,,wos_scraped_20260205_183226.bib
,,WOS:001519943800001,UNMATCHED_WOS,0,0015-718x,,wos_scraped_20260205_183226.bib
,,WOS:001370894400001,UNMATCHED_WOS,0,2055-2076,,wos_scraped_20260205_183226.bib
,,WOS:001382678300015,UNMATCHED_WOS,0,1837-6290,,wos_scraped_20260205_183226.bib
,,WOS:001590168200012,UNMATCHED_WOS,0,2236-8000,,wos_scraped_20260205_183226.bib
,,WOS:001666814400010,UNMATCHED_WOS,0,1538-2931,,wos_scraped_20260205_183226.bib
,,WOS:001656362200001,UNMATCHED_WOS,0,1975-5937,,wos_scraped_20260205_183226.bib
,,WOS:001131050900016,UNMATCHED_WOS,0,1386-6710,,wos_scraped_20260205_183226.bib
,,WOS:001587071900007,UNMATCHED_WOS,0,2076-8184,,wos_scraped_20260205_183226.bib
,,WOS:001174197400004,UNMATCHED_WOS,0,,,wos_scraped_20260205_183226.bib
,,WOS:001278773600001,UNMATCHED_WOS,0,1531-3220,,wos_scraped_20260205_183226.bib
,,WOS:001568557900001,UNMATCHED_WOS,0,0951-354x,,wos_scraped_20260205_183226.bib
,,WOS:001515379700001,UNMATCHED_WOS,0,,,wos_scraped_20260205_183226.bib
,,WOS:001083698900016,UNMATCHED_WOS,0,0091-4916,,wos_scraped_20260205_183226.bib
,,WOS:001549036700001,UNMATCHED_WOS,0,,,wos_scraped_20260205_183226.bib
,,WOS:001509911800001,UNMATCHED_WOS,0,1040-726x,,wos_scraped_20260205_183226.bib
,,WOS:001466850200001,UNMATCHED_WOS,0,0098-6283,,wos_scraped_20260205_183226.bib
,,WOS:001618953000017,UNMATCHED_WOS,0,1561-7793,,wos_scraped_20260205_183226.bib
,,WOS:001408617900001,UNMATCHED_WOS,0,,,wos_scraped_20260205_183226.bib
,,WOS:001161626700002,UNMATCHED_WOS,0,1669-6581,,wos_scraped_20260205_183226.bib
,,WOS:001631705000002,UNMATCHED_WOS,0,2666-5573,,wos_scraped_20260205_183308.bib
,,WOS:001449156000001,UNMATCHED_WOS,0,0729-4360,,wos_scraped_20260205_183308.bib
,,WOS:001446215200012,UNMATCHED_WOS,0,,,wos_scraped_20260205_183308.bib
,,WOS:001613703500001,UNMATCHED_WOS,0,0729-4360,,wos_scraped_20260205_183308.bib
,,WOS:001606541700001,UNMATCHED_WOS,0,1051-1253,,wos_scraped_20260205_183308.bib
,,WOS:001608688200001,UNMATCHED_WOS,0,1049-4820,,wos_scraped_20260205_183308.bib
,,WOS:001462769800001,UNMATCHED_WOS,0,1708-7570,,wos_scraped_20260205_183308.bib
,,WOS:000460482100021,UNMATCHED_WOS,0,2095-8099,,wos_scraped_20260205_183308.bib
,,WOS:001529254900017,UNMATCHED_WOS,0,1176-3647,,wos_scraped_20260205_183308.bib
,,WOS:001671216400001,UNMATCHED_WOS,0,,,wos_scraped_20260205_183308.bib
,,WOS:001609912400001,UNMATCHED_WOS,0,1741-5659,,wos_scraped_20260205_183308.bib
,,WOS:001623469500001,UNMATCHED_WOS,0,,,wos_scraped_20260205_183308.bib
,,WOS:001670272600001,UNMATCHED_WOS,0,,,wos_scraped_20260205_183308.bib
,,WOS:001552965000009,UNMATCHED_WOS,0,2288-7474,,wos_scraped_20260205_183308.bib
,,WOS:001614976300001,UNMATCHED_WOS,0,0019-042x,,wos_scraped_20260205_183308.bib
,,WOS:001646898300001,UNMATCHED_WOS,0,,,wos_scraped_20260205_183308.bib
,,WOS:001580206500001,UNMATCHED_WOS,0,,,wos_scraped_20260205_183308.bib
,,WOS:001182387700001,UNMATCHED_WOS,0,0040-1625,,wos_scraped_20260205_183308.bib
,,WOS:001447818900001,UNMATCHED_WOS,0,0958-8221,,wos_scraped_20260205_183308.bib
,,WOS:001515403500001,UNMATCHED_WOS,0,,,wos_scraped_20260205_183308.bib
,,WOS:001549036900001,UNMATCHED_WOS,0,,,wos_scraped_20260205_183308.bib
,,WOS:001114957800002,UNMATCHED_WOS,0,2369-3762,,wos_scraped_20260205_183308.bib
,,WOS:001453843300001,UNMATCHED_WOS,0,,,wos_scraped_20260205_183308.bib
,,WOS:001615771600006,UNMATCHED_WOS,0,,,wos_scraped_20260205_183308.bib
,,WOS:001472678400001,UNMATCHED_WOS,0,1935-7877,,wos_scraped_20260205_183308.bib
,,WOS:001385687400018,UNMATCHED_WOS,0,0030-9982,,wos_scraped_20260205_183308.bib
,,WOS:001470277900001,UNMATCHED_WOS,0,0142-6001,,wos_scraped_20260205_183308.bib
,,WOS:001338026500001,UNMATCHED_WOS,0,2514-9342,,wos_scraped_20260205_183308.bib
,,WOS:001635364300001,UNMATCHED_WOS,0,,,wos_scraped_20260205_183308.bib
,,WOS:001654901400001,UNMATCHED_WOS,0,1360-2357,,wos_scraped_20260205_183308.bib
,,WOS:001644209500001,UNMATCHED_WOS,0,1701-2163,,wos_scraped_20260205_183308.bib
,,WOS:001159901500001,UNMATCHED_WOS,0,2365-9440,,wos_scraped_20260205_183308.bib
,,WOS:001661354500001,UNMATCHED_WOS,0,2046-469x,,wos_scraped_20260205_183308.bib
,,WOS:001670282500001,UNMATCHED_WOS,0,,,wos_scraped_20260205_183308.bib
,,WOS:001487889400003,UNMATCHED_WOS,0,1043-4046,,wos_scraped_20260205_183308.bib
,,WOS:001206966700005,UNMATCHED_WOS,0,2366-5017,,wos_scraped_20260205_183308.bib
,,WOS:001318699000004,UNMATCHED_WOS,0,2366-5017,,wos_scraped_20260205_183308.bib
,,WOS:001667817100001,UNMATCHED_WOS,0,1096-3758,,wos_scraped_20260205_183308.bib
,,WOS:001672682000001,UNMATCHED_WOS,0,,,wos_scraped_20260205_183308.bib
,,WOS:001485538700001,UNMATCHED_WOS,0,0023-9690,,wos_scraped_20260205_183308.bib
,,WOS:001171635700001,UNMATCHED_WOS,0,0307-5079,,wos_scraped_20260205_183308.bib
,,WOS:001570151800001,UNMATCHED_WOS,0,1477-996x,,wos_scraped_20260205_183308.bib
,,WOS:001539745000001,UNMATCHED_WOS,0,,,wos_scraped_20260205_183308.bib
,,WOS:001611151000001,UNMATCHED_WOS,0,2369-3762,,wos_scraped_20260205_183308.bib
,,WOS:001621547300001,UNMATCHED_WOS,0,2095-2635,,wos_scraped_20260205_183308.bib
,,WOS:001022864300001,UNMATCHED_WOS,0,1324-4272,,wos_scraped_20260205_183308.bib
,,WOS:001429812200001,UNMATCHED_WOS,0,,,wos_scraped_20260205_183308.bib
,,WOS:001377758600001,UNMATCHED_WOS,0,,,wos_scraped_20260205_183308.bib
,,WOS:001642661100001,UNMATCHED_WOS,0,0092-055x,,wos_scraped_20260205_183308.bib
,,WOS:001248560400001,UNMATCHED_WOS,0,1356-2517,,wos_scraped_20260205_183308.bib
,,WOS:001562391000001,UNMATCHED_WOS,0,0735-6331,,wos_scraped_20260205_183308.bib
,,WOS:001381531300001,UNMATCHED_WOS,0,2331-186x,,wos_scraped_20260205_183308.bib
,,WOS:001405173400001,UNMATCHED_WOS,0,0260-1060,,wos_scraped_20260205_183308.bib
,,WOS:001651580200013,UNMATCHED_WOS,0,2666-920x,,wos_scraped_20260205_183308.bib
,,WOS:001605976600006,UNMATCHED_WOS,0,0951-5224,,wos_scraped_20260205_183308.bib
,,WOS:001452658100001,UNMATCHED_WOS,0,,,wos_scraped_20260205_183308.bib
,,WOS:001623369700001,UNMATCHED_WOS,0,,,wos_scraped_20260205_183308.bib
,,WOS:001573311600001,UNMATCHED_WOS,0,1475-1585,,wos_scraped_20260205_183308.bib
,,WOS:001372946600001,UNMATCHED_WOS,0,1470-3297,,wos_scraped_20260205_183308.bib
,,WOS:001617707400001,UNMATCHED_WOS,0,0735-6331,,wos_scraped_20260205_183308.bib
,,WOS:001629482900001,UNMATCHED_WOS,0,2666-5573,,wos_scraped_20260205_183308.bib
,,WOS:001658549800001,UNMATCHED_WOS,0,,,wos_scraped_20260205_183308.bib
,,WOS:001601008100001,UNMATCHED_WOS,0,2153-957x,,wos_scraped_20260205_183308.bib
,,WOS:001610908500001,UNMATCHED_WOS,0,0735-6331,,wos_scraped_20260205_183308.bib
,,WOS:001167911000015,UNMATCHED_WOS,0,1176-3647,,wos_scraped_20260205_183308.bib
,,WOS:001267745300004,UNMATCHED_WOS,0,2313-2272,,wos_scraped_20260205_183308.bib
,,WOS:001463594900001,UNMATCHED_WOS,0,,,wos_scraped_20260205_183308.bib
,,WOS:001512103400001,UNMATCHED_WOS,0,,,wos_scraped_20260205_183308.bib
,,WOS:001295047400002,UNMATCHED_WOS,0,2179-3565,,wos_scraped_20260205_183308.bib
,,WOS:001529254900013,UNMATCHED_WOS,0,1176-3647,,wos_scraped_20260205_183308.bib
,,WOS:001392487500001,UNMATCHED_WOS,0,2424-8355,,wos_scraped_20260205_183308.bib
,,WOS:001475032100001,UNMATCHED_WOS,0,,,wos_scraped_20260205_183308.bib
,,WOS:001468697100001,UNMATCHED_WOS,0,0968-4883,,wos_scraped_20260205_183308.bib
,,WOS:001473011600004,UNMATCHED_WOS,0,0127-9319,,wos_scraped_20260205_183308.bib
,,WOS:001250400300012,UNMATCHED_WOS,0,2158-107x,,wos_scraped_20260205_183308.bib
,,WOS:001286812700001,UNMATCHED_WOS,0,1751-6234,,wos_scraped_20260205_183308.bib
,,WOS:001446648700001,UNMATCHED_WOS,0,2451-9588,,wos_scraped_20260205_183308.bib
,,WOS:001498438600001,UNMATCHED_WOS,0,2331-186x,,wos_scraped_20260205_183308.bib
,,WOS:001496854100001,UNMATCHED_WOS,0,,,wos_scraped_20260205_183308.bib
,,WOS:001375375400001,UNMATCHED_WOS,0,2352-7218,,wos_scraped_20260205_183308.bib
,,WOS:001651773400010,UNMATCHED_WOS,0,2666-920x,,wos_scraped_20260205_183308.bib
,,WOS:001405106700001,UNMATCHED_WOS,0,1539-1523,,wos_scraped_20260205_183308.bib
,,WOS:001279780200001,UNMATCHED_WOS,0,0021-9584,,wos_scraped_20260205_183308.bib
,,WOS:001546991200001,UNMATCHED_WOS,0,2365-9440,,wos_scraped_20260205_183308.bib
,,WOS:001531369400009,UNMATCHED_WOS,0,2045-2322,,wos_scraped_20260205_183308.bib
,,WOS:001651586500017,UNMATCHED_WOS,0,2666-920x,,wos_scraped_20260205_183308.bib
,,WOS:001651577400027,UNMATCHED_WOS,0,2666-920x,,wos_scraped_20260205_183308.bib
,,WOS:001332129500001,UNMATCHED_WOS,0,1867-2477,,wos_scraped_20260205_183308.bib
,,WOS:001593338700001,UNMATCHED_WOS,0,0950-4222,,wos_scraped_20260205_183308.bib
,,WOS:001518726800011,UNMATCHED_WOS,0,1756-5383,,wos_scraped_20260205_183308.bib
,,WOS:001600511700001,UNMATCHED_WOS,0,2369-3762,,wos_scraped_20260205_183308.bib
,,WOS:001161509800013,UNMATCHED_WOS,0,,,wos_scraped_20260205_183308.bib
,,WOS:001377520700001,UNMATCHED_WOS,0,8756-3894,,wos_scraped_20260205_183308.bib
,,WOS:001435661400001,UNMATCHED_WOS,0,1049-4820,,wos_scraped_20260205_183308.bib
,,WOS:001584462000002,UNMATCHED_WOS,0,2213-2198,,wos_scraped_20260205_183308.bib
,,WOS:001654904300035,UNMATCHED_WOS,0,2306-4994,,wos_scraped_20260205_183308.bib
,,WOS:001646680800001,UNMATCHED_WOS,0,,,wos_scraped_20260205_183308.bib
,,WOS:001518405100001,UNMATCHED_WOS,0,0145-5613,,wos_scraped_20260205_183421.bib
,,WOS:001665341700001,UNMATCHED_WOS,0,,,wos_scraped_20260205_183421.bib
,,WOS:001665373300001,UNMATCHED_WOS,0,,,wos_scraped_20260205_183421.bib
,,WOS:001488144900001,UNMATCHED_WOS,0,,,wos_scraped_20260205_183421.bib
,,WOS:001508500600001,UNMATCHED_WOS,0,2046-469x,,wos_scraped_20260205_183421.bib
,,WOS:001582175000037,UNMATCHED_WOS,0,0020-8132,,wos_scraped_20260205_183421.bib
,,WOS:001651707400017,UNMATCHED_WOS,0,2666-920x,,wos_scraped_20260205_183421.bib
,,WOS:001303612400101,UNMATCHED_WOS,0,,,wos_scraped_20260205_183421.bib
,,WOS:001132966400001,UNMATCHED_WOS,0,1449-3098,,wos_scraped_20260205_183421.bib
,,WOS:001235481400001,UNMATCHED_WOS,0,2211-1662,,wos_scraped_20260205_183421.bib
,,WOS:001448703700001,UNMATCHED_WOS,0,0197-6664,,wos_scraped_20260205_183421.bib
,,WOS:001653196500001,UNMATCHED_WOS,0,1449-3098,,wos_scraped_20260205_183421.bib
,,WOS:001420175100001,UNMATCHED_WOS,0,1396-5883,,wos_scraped_20260205_183421.bib
,,WOS:001452840200001,UNMATCHED_WOS,0,,,wos_scraped_20260205_183421.bib
,,WOS:001536030600001,UNMATCHED_WOS,0,8756-3894,,wos_scraped_20260205_183421.bib
,,WOS:001601436700001,UNMATCHED_WOS,0,,,wos_scraped_20260205_183421.bib
,,WOS:001365769500032,UNMATCHED_WOS,0,2081-8491,,wos_scraped_20260205_183421.bib
,,WOS:001477685800001,UNMATCHED_WOS,0,1360-2357,,wos_scraped_20260205_183421.bib
,,WOS:001258127000001,UNMATCHED_WOS,0,0266-4909,,wos_scraped_20260205_183421.bib
,,WOS:001669171500009,UNMATCHED_WOS,0,2147-611x,,wos_scraped_20260205_183421.bib
,,WOS:001593696900001,UNMATCHED_WOS,0,,,wos_scraped_20260205_183421.bib
,,WOS:001242333800001,UNMATCHED_WOS,0,2304-070x,,wos_scraped_20260205_183421.bib
,,WOS:001104803500001,UNMATCHED_WOS,0,1878-8750,,wos_scraped_20260205_183421.bib
,,WOS:001163075800001,UNMATCHED_WOS,0,0926-7220,,wos_scraped_20260205_183421.bib
,,WOS:001613104300001,UNMATCHED_WOS,0,,,wos_scraped_20260205_183421.bib
,,WOS:001628014200001,UNMATCHED_WOS,0,2365-9440,,wos_scraped_20260205_183421.bib
,,WOS:001543902700001,UNMATCHED_WOS,0,,,wos_scraped_20260205_183421.bib
,,WOS:001633062900001,UNMATCHED_WOS,0,,,wos_scraped_20260205_183421.bib
,,WOS:001668254600001,UNMATCHED_WOS,0,2373-3799,,wos_scraped_20260205_183421.bib
,,WOS:001478551800001,UNMATCHED_WOS,0,1470-3297,,wos_scraped_20260205_183421.bib
,,WOS:001633584600001,UNMATCHED_WOS,0,1986-3497,,wos_scraped_20260205_183421.bib
,,WOS:001670252000001,UNMATCHED_WOS,0,,,wos_scraped_20260205_183421.bib
,,WOS:001569150500006,UNMATCHED_WOS,0,1449-9789,,wos_scraped_20260205_183421.bib
,,WOS:001514837500001,UNMATCHED_WOS,0,,,wos_scraped_20260205_183421.bib
,,WOS:001671130500001,UNMATCHED_WOS,0,,,wos_scraped_20260205_183421.bib
,,WOS:001633548400001,UNMATCHED_WOS,0,1307-7635,,wos_scraped_20260205_183421.bib
,,WOS:001602107900001,UNMATCHED_WOS,0,,,wos_scraped_20260205_183421.bib
,,WOS:001645720700001,UNMATCHED_WOS,0,,,wos_scraped_20260205_183421.bib
,,WOS:001636406700001,UNMATCHED_WOS,0,,,wos_scraped_20260205_183421.bib
,,WOS:001221819300002,UNMATCHED_WOS,0,0826-8185,,wos_scraped_20260205_183421.bib
,,WOS:001495915400001,UNMATCHED_WOS,0,,,wos_scraped_20260205_183421.bib
,,WOS:001453560800001,UNMATCHED_WOS,0,,,wos_scraped_20260205_183421.bib
,,WOS:001488300900007,UNMATCHED_WOS,0,2304-070x,,wos_scraped_20260205_183421.bib
,,WOS:001189674300001,UNMATCHED_WOS,0,2365-9440,,wos_scraped_20260205_183421.bib
,,WOS:001619527700001,UNMATCHED_WOS,0,,,wos_scraped_20260205_183421.bib
,,WOS:001668688700001,UNMATCHED_WOS,0,,,wos_scraped_20260205_183421.bib
,,WOS:001580291400001,UNMATCHED_WOS,0,,,wos_scraped_20260205_183421.bib
,,WOS:001149307300001,UNMATCHED_WOS,0,,,wos_scraped_20260205_183421.bib
,,WOS:001528910800001,UNMATCHED_WOS,0,0360-1315,,wos_scraped_20260205_183421.bib
,,WOS:001615523800007,UNMATCHED_WOS,0,0024-2594,,wos_scraped_20260205_183421.bib
,,WOS:001251937400001,UNMATCHED_WOS,0,0179-1958,,wos_scraped_20260205_183421.bib
,,WOS:001572670900014,UNMATCHED_WOS,0,0025-7974,,wos_scraped_20260205_183421.bib
,,WOS:001651577400004,UNMATCHED_WOS,0,2666-920x,,wos_scraped_20260205_183421.bib
,,WOS:001633461600003,UNMATCHED_WOS,0,0172-8172,,wos_scraped_20260205_183421.bib
,,WOS:001646360900001,UNMATCHED_WOS,0,,,wos_scraped_20260205_183421.bib
,,WOS:001652135600009,UNMATCHED_WOS,0,1138-2783,,wos_scraped_20260205_183421.bib
,,WOS:001410242000001,UNMATCHED_WOS,0,0141-8211,,wos_scraped_20260205_183421.bib
,,WOS:001524999200001,UNMATCHED_WOS,0,0142-6001,,wos_scraped_20260205_183421.bib
,,WOS:001500502700001,UNMATCHED_WOS,0,0040-0599,,wos_scraped_20260205_183421.bib
,,WOS:001299403200001,UNMATCHED_WOS,0,0017-8969,,wos_scraped_20260205_183421.bib
,,WOS:001570601400017,UNMATCHED_WOS,0,0148-4834,,wos_scraped_20260205_183421.bib
,,WOS:001573071800001,UNMATCHED_WOS,0,2046-3162,,wos_scraped_20260205_183421.bib
,,WOS:001475330300004,UNMATCHED_WOS,0,,,wos_scraped_20260205_183421.bib
,,WOS:001524478200002,UNMATCHED_WOS,0,0439-755x,,wos_scraped_20260205_183421.bib
,,WOS:001505730100001,UNMATCHED_WOS,0,,,wos_scraped_20260205_183421.bib
,,WOS:001031448800001,UNMATCHED_WOS,0,0952-8733,,wos_scraped_20260205_183421.bib
,,WOS:001332752900001,UNMATCHED_WOS,0,,,wos_scraped_20260205_183421.bib
,,WOS:001557453700001,UNMATCHED_WOS,0,,,wos_scraped_20260205_183421.bib
,,WOS:001424315100001,UNMATCHED_WOS,0,1044-7318,,wos_scraped_20260205_183421.bib
,,WOS:001583307400033,UNMATCHED_WOS,0,0266-4909,,wos_scraped_20260205_183421.bib
,,WOS:001445726600001,UNMATCHED_WOS,0,,,wos_scraped_20260205_183421.bib
,,WOS:001672915300018,UNMATCHED_WOS,0,1983-2664,,wos_scraped_20260205_183421.bib
,,WOS:001262987400017,UNMATCHED_WOS,0,0148-396x,,wos_scraped_20260205_183421.bib
,,WOS:001490129400001,UNMATCHED_WOS,0,0141-1926,,wos_scraped_20260205_183421.bib
,,WOS:001070818700002,UNMATCHED_WOS,0,0148-7043,,wos_scraped_20260205_183421.bib
,,WOS:001480526000001,UNMATCHED_WOS,0,,,wos_scraped_20260205_183421.bib
,,WOS:001590089000001,UNMATCHED_WOS,0,1067-5027,,wos_scraped_20260205_183421.bib
,,WOS:001539648400001,UNMATCHED_WOS,0,2073-431x,,wos_scraped_20260205_183421.bib
,,WOS:001513384000006,UNMATCHED_WOS,0,0957-4174,,wos_scraped_20260205_183421.bib
,,WOS:001651467900004,UNMATCHED_WOS,0,1357-6283,,wos_scraped_20260205_183421.bib
,,WOS:001403311100001,UNMATCHED_WOS,0,0742-5627,,wos_scraped_20260205_183421.bib
,,WOS:001632352500001,UNMATCHED_WOS,0,2666-5573,,wos_scraped_20260205_183421.bib
,,WOS:001624587700001,UNMATCHED_WOS,0,,,wos_scraped_20260205_183421.bib
,,WOS:001560497100001,UNMATCHED_WOS,0,2331-186x,,wos_scraped_20260205_183421.bib
,,WOS:001494742900001,UNMATCHED_WOS,0,0016-3287,,wos_scraped_20260205_183421.bib
,,WOS:001430233700001,UNMATCHED_WOS,0,,,wos_scraped_20260205_183421.bib
,,WOS:001292963100002,UNMATCHED_WOS,0,2155-7098,,wos_scraped_20260205_183421.bib
,,WOS:001117755600001,UNMATCHED_WOS,0,1793-9623,,wos_scraped_20260205_183421.bib
,,WOS:001245992200001,UNMATCHED_WOS,0,0020-8566,,wos_scraped_20260205_183421.bib
,,WOS:001543855200001,UNMATCHED_WOS,0,,,wos_scraped_20260205_183421.bib
,,WOS:001657276500001,UNMATCHED_WOS,0,2059-5891,,wos_scraped_20260205_183421.bib
,,WOS:001520725100014,UNMATCHED_WOS,0,2229-9327,,wos_scraped_20260205_183421.bib
,,WOS:001235764300017,UNMATCHED_WOS,0,,,wos_scraped_20260205_183421.bib
