Autor,Apariciones
"A R, Shameem Mohamed",1
"A, Aarthi",1
"A, Anny Leema",1
"A, Bhavya",1
"Aad, Samar",1
"Aaltonen, Kirsi",1
"Aathilakshmi, S.",1
"Abah, Joshua Abah",1
"Abas, Fazly Salleh",1
"Abasov, Mirfaraj",1
"Abbas, Asad",1
"Abbasi, Zubair",1
"Abdallah, Chaouki",1
"Abdel-Rahem, Rami A.",1
"Abdelalim,
Marwa",1
"Abdelalim, Mahmoud",1
"Abdelaziz, Doaa H.",1
"Abdelgadir Mohamed, Yasir",1
"Abdelmagid, Ahmed Sadek",1
"Abdelsattar, Amal",1
"Abdullah, M. A.",1
"Abdullah, Shubair",1
"Abdulmuhsin, Amir A.",1
"Abghari, Hirad",1
"Abidin, Intan Sorfina Zainal",1
"Abiodun, Taiwo Oluwadayo",1
"Abisado, Mideth B.",1
"Aboukhatwa, Merna Mahmoud",1
"Aboushi, Mosab M.",1
"Abowardah, Eman",1
"Abraham, Kochumol",1
"Abramenka-Lachheb, Victoria and
Sankaranarayanan, Rajagopal",1
"Abubakar, Naima Hafiz",1
"Abuelmaatti, Aisha",1
"Abuhaimed, Nouf Abdulaziz",1
"Abuhassna, Hassan",1
"Abulibdeh, Enas",1
"Abumeeiz, Mustafa",1
"Aburub, Faisal",1
"Abusorrah, Abdullah",1
"Acikgoz, Fulya and
Abbott, Je'Anna",1
"Acosta-Enriquez, Benicio Gonzalo",1
"Acosta-Vargas,
Patricia",1
"Acosta-Vargas, Patricia and
De-Moreta-Llovet, Javier",1
"Adali, Tülay",1
"Adam, Afzan",1
"Adamova, Karlygash",1
"Adarkwah, Michael Agyemang",1
"Ade-Thurow,
Benjamin",1
"Adebayo, Adejimi",1
"Adeel, Umar",1
"Adefemi, Kuburat Oyeranti",1
Adelia,1
"Adida, Samuel",1
"Adiel, Mousab A. E.",1
"Adji, Teguh Bharata",1
"Aduragba, Olanrewaju and
Poli, Francesca",1
ADVANCED Working Grp,1
"Advincula, Ma Jenny C.",1
"Afsarimanesh, Nasrin",1
"Aftabi, Elmira",1
"Aftabi, Hamidreza",1
"Agarwal, Gaurav",1
"Agarwal, Nitin and
Buell, Thomas J.",1
"Agarwal, Sheetal",1
"Aggarwal, Anubhav",1
"Agrawal, Anshul",1
"Aguayo-Gonzalez,
Ricardo",1
"Aguayo-Hernandez, Claudia H.",1
"Ahama, Shigeki",1
"Ahanger, Tariq Ahamed",1
"Ahiwale, Amarpali",1
"Ahlam, Anabousy",1
"Ahmad Fauzi, Mohammad Faizal",1
"Ahmad, Kashif",1
"Ahmad, Noor Wahyuni",1
"Ahmad, Norulhusna",1
"Ahmad, Norulhusna Binti",1
"Ahmad, Wan Siti Halimatul Munirah Wan",1
"Ahmadli, Firuza",1
"Ahmed, Hassan Safi",1
"Ahmed, Jawad",1
"Ahmed, Khawlah",1
"Ahmetogullari, Kayhan",1
"Ahn, Hong-min",1
"Ahn, Jae-Kwang",1
"Ahuja, Manju and
Albanna, Hanaa",1
"Ahumada, Giovanni",1
"Aijaz, Aqsa",1
"Aiordachioaie, Dorel",1
"Aissa, Noureddine",1
"Ajao, Oluwaseun and
Olayinka, Olakunle",1
"Ajaz, Aqsa",1
"Ajjawi, Rola",1
"Ajouz, Mousa",1
"Akar, Basak",1
"Akin, Murat",1
"Akpabio, Edidiong",1
"Akpanov, Altynbek",1
"Akre, Vishwesh",1
"Al Atraqchi, Osama Mohammed Ahmed",1
"Al Darayseh, Abdulla",1
"Al Issa, Hussein-Elhakim",1
"Al Muhaissen, Suha",1
"Al Naqbi, Humaid",1
"Al-Adwan, Ahmad Samed",1
"Al-Ali, Sebah",1
"Al-Ansi, Abdullah M.",1
"Al-Busaidi,
Adil S.",1
"Al-Busaidi, Adil S. and
Balakrishnan, Janarthanan",1
"Al-Dokhny, Amany",1
"Al-Fuqaha, Ala",1
"Al-Harthi,
Maha",1
"Al-Harthi, Aisha Salim Ali",1
"Al-Hashimi, Israa",1
"Al-Hatem, Ahmed Isam",1
"Al-humari,
Mustafa Ahmed",1
"Al-Jumaili, Ali Azeez",1
"Al-Khayyat, Ahmed",1
"Al-kumaim, Nabil Hasan",1
"Al-Mahzoum, Kholoud",1
"Al-Malki, Norah",1
"Al-Mohaya, Abdullah
Yahya",1
"Al-Remawi, Mayyas",1
"Al-Sharafi, Mohammed A.",1
"Al-Zahrani, Abdulrahman M.",1
"Al-Zubaidi, Dimah",1
"Aladsani, Hibah Khalid",1
"Alagoz Hamzaj, Yaprak",1
"Alahakoon, Damminda",1
"Alahmed, Mohammad A.",1
"Alajlan, Hayat",1
"Alajmi, Masoud",1
"Alalayah, Khaled M.",1
"Alam, Atm",1
"Alammari, Abdullah",1
"Alamri, Jamilah
Mohammed",1
"Alaraji, Haya",1
"Alasadi, Eman A. A.",1
"Alasiry, Areej",1
"Alazab, Mamoun",1
"Albashrawi, Mousa Ahmad",1
"Albayati,
Noor",1
"Albina, Erlito M.",1
"Alcala-Rueda, Ignacio and
Garcia-Curdi, Fernando",1
"Alcalde-Penalver,
Elena",1
"Alcantar, Maria del Rocio Carranza",1
"Aldaihani, Badr",1
"Alderden, Jenny",1
"Aldossary, Aminah Saad",1
"Aldossary, Haya",1
"Aldraiweesh, Ahmed A.",1
"Alduais, Ahmed",1
"Alebaikan, Reem",1
"Aleedy, Moneerh",1
"Alegría, Fernanda Gómez",1
"Aleidan, Ayda",1
"Alenzei, Shahad",1
"Aleshkovski, I. A.",1
"Alex Valenzuela-Fernandez, Luis",1
"Alexander,
Bryan",1
"Alexander, Bryan",1
"Alexandrova, Olga P.",1
"Alfandi, Omar",1
"Alfano, Mark",1
"AlFarhan, Fai",1
"Alfirevic, Niksa",1
"Alfredo Murano-Labastida, Daishi",1
"Algamdi, Shabbab Ali",1
"Alghamdi, A. K.",1
"Alghamdi, Atiyah A.",1
"Alghamdi, Norah Saleh",1
"Alghazo, Mohannad",1
"Alhaider, Noor",1
"Alhammadi, Ahmed",1
"Alharbi, Talal Ali F.",1
"Alharbi, Wael",1
"Alhawamdeh, Hamzeh",1
"Ali, Aftab",1
"Ali, Awad",1
"Ali, Dhakir Abbas",1
"Ali, Hassnian",1
"Ali, Reham Adel",1
"Ali, Sara",1
"Ali, Shahid",1
"Ali, Stephen R. and
Sharp, Gemma",1
"Ali, Thaer",1
"Ali, Usman",1
"Ali, Wanamina Bostan",1
"Alias, Abd Aziz",1
"Aliasgari, Mehrdad",1
"Aliberti, Stefano and
Artificial Intelligence Responses Asthma Study Task",1
"Alier-Forment, Marc",1
"Alif, Hasan Ahamed",1
"Aliif, Muhammad",1
"Alinursafa, Ibnu",1
"Alismaiel, Omar",1
"Aliverti, Andrea",1
"Alizadeh, Mojtaba",1
"Aljedaani, Wajdi",1
"Aljindi, Alia Abdullah",1
"Aljuaid, Hind",1
"Alkaabi, Sultan Ahmed",1
"Alkaissi, Aidah",1
"Alkan, Kaan",1
"Alkandari, Aisha and
Alkhaldi, Sarah",1
"Alkhalidi, Abdulsamad",1
"Alkhatib, Manar",1
"Alkinani, Edrees A.",1
"Allahham, Mahmoud",1
"Allaire, Stephane",1
"Allam, Hesham",1
"Allam, Hesham Mohamed",1
"Allan, Douglas M. C.",1
"Allen, Becky",1
"Allen, Elisha",1
"Allen, Kelly -Ann",1
"Allen, Kelly -Ann and
Wehmeyer, Michael",1
"Allen, Mia",1
"Alli, Adam A.",1
"Almajali, Wasef Ibrahim",1
"Almasre, Miada A.",1
"Almassaad, Ahmad",1
"Almatrafi, Omaima",1
"Almazan-Lopez, Oskar",1
"Almeida, Ines",1
"Almisad, Budour",1
"Almusawi, Muntather",1
"AlOmar, Ban",1
"Alomar, Zahraa",1
"Alon, Eran E. and
Glikson, Eran",1
"Alotaibi, Reyouf Mansour",1
"Alotaibi, Saqar Moisan F.",1
"Alpat, Muhammet Furkan",1
"Alqahtani, Ali",1
"Alqahtani, Jaber S.",1
"Alqahtani, Naifa",1
"AlQahtani, Salman A.",1
"Alqasayer, Lina Abdullah",1
"Alramlawi, Salwa",1
"Alreshidi, Salman M.",1
"Alsadhan, Abeer Abdullah",1
"Alsaif, Renad Fahad",1
"Alshamy, Alsaeed",1
"Alsharaydeh, Ethar",1
"Alshihri, Fatma",1
"Alsulami, Bassma Saleh",1
"Altakrouri, Saleh",1
"Alturki, Uthman",1
"Alvarado, Alberth",1
"Alvarez, Daniel Salas",1
"Alwashah, Zaid",1
"Alwawi, Abdallah",1
"Alwayle, Ibrahim M.",1
"Alwis, Hasini",1
"Alzahrani, Ahmad A.",1
"Alzahrani, Ahmed
Ibrahim",1
"Alzubaidi, Khairi",1
"Amador Nelke, Sofia",1
"Amakawa, Yuji",1
"Amalanathan, SelviaArokiya Mary",1
"Amani, Sara",1
"Amirov, Azamat",1
"Amodu, Oluwatosin Ahmed",1
"Amofa, Birago",1
"Amrane-cooper, Linda",1
"Amri, Farid",1
"Amrutha, V",1
"An, Gia Khuong",1
"An, Hang",1
"An, Xin",1
"An, Yuexuan",1
"An, Yunjo",1
"An, Zhijian",1
"Ana, Mamiseishvili",1
"Anand, Pritish",1
"Anandakrishnan, Jayakrishnan",1
"Anane, Chiraz",1
"Anastasia, Maria",1
"Anderson, Emma",1
"Anderson, Olivia S.",1
"Anderson, Sam",1
"Andrade-Abarca, Paola Salome",1
"Andres-Sanchez,
Jorge De",1
"Andresen, Christine",1
"Andrews, Grant",1
"Andročec, Darko",1
"Angelov, Delian",1
"Angelov, Dimitar",1
"Angelucci, Alessandra",1
"Angulo-Alvarez, Mishell Romina and
Sosa-Zuniga, David Ismael",1
"Anirudh R S IshaanGonnagar, Thrivikram",1
"Anisa, Nova Nur",1
"Ankalaki, Shilpa",1
"Annamalai, S.",1
"Anota, Mayra-Mineva Méndez",1
"Anpat, Deepali",1
"Ansone, Anna",1
"Antoni, L'ubomír",1
"Antoniuk, Dmytro",1
Anu,1
"Anuranjani, K.",1
"Anusha, Sigirisetty",1
"Anwar, Naila",1
"Apeji, Uje Daniel",1
"Apolo, Yvonne",1
"Apong, Rosyzie Anna",1
"Araka, Eric",1
"Araki, Nobuyuki
and Takahashi, Zaiya",1
"Arango-Vasquez, Sandra Isabel and
Osorio-Sanabria, Mariutsi Alexandra",1
"Araujo, Jose Luis",1
"Archibald, Audon",1
"Arcolin, Claudia",1
"Ardicoglu
Akisin, Nazife Yasemin",1
"Areepattamannil, Shaljan",1
"Arias-Oliva, Mario",1
"Aries, Aries",1
"Aristidou, Angela",1
"Arlati, Sara",1
"Arner, Tracy",1
"Arnold,
Alyssa",1
"Arnold, Matthew",1
"Arockiam, Arockiaraj",1
"Arora, Nidhi and
Rajesh Kumar, Korupalli V.",1
"Arowosegbe, Abayomi",1
"Arpaci, Ibrahim",1
"Arriaga,
Cristina",1
"Arslan, Hasan",1
"Artyukhova, Nadiia",1
"Asaari, Mohd Shahrimie Mohd",1
"Asahina, Mayumi",1
"Asana, I Made Dwi Putra",1
"Asanre, Akorede
Ayoola",1
"Ascui-Gac, Sebastian",1
"Asgarova, Vafa",1
"Asghar, Ehtisham",1
"Asghar, Muhammad Zaheer",1
"Ashirbekova, Gulmira",1
Ashmika,1
"Ashraf, Bashair and
Tanweer, Afifa",1
"Ashraf, Rabia",1
"Ashraf, Waqar Muhammad",1
"Ashwini, A",1
"Asino, Tutaleni iita",1
"Aslam, Atrubah",1
"Aslett, Duane",1
Asmarini,1
"Assaghir, Zainab",1
"Assali, Alia",1
"Assayed, Suha Khalil",1
"Astriratma, Ria",1
"Atallah, Zainab",1
"Atif, Amara",1
"Atilla-Aydin, Sogut",1
"Atiquzzaman, Mohammed",1
"Atmakuri, Aparna Rajesh",1
"Attal, Rebecca",1
"August, Ella T.",1
"Austin, Saundra Johnson",1
"Auwal, Aminu Muhammad",1
"Aw, Derrick Chen Wee",1
"Awae, Fareed",1
"Awwad, Fuad A.",1
"Axelsson, Andreas",1
"Ayanwale, Musa Adekunle and
Ayanwoye, Olubunmi Kayode",1
"Aydemir, Hamza",1
"Aydin Yildiz, Tugba",1
"Aydin-Gunbatar, Sevgi",1
"Ayoub, Noel F.",1
"Aysan, Ahmet Faruk",1
"Ayub, Ahmad Fauzi Mohd",1
"Ayyash, Moussa",1
"Ayyoub, Abdalkarim",1
"Ayyoub, Abedalkarim M.",1
"Azad, S.",1
"Azad, Salahuddin",1
"Azevedo, Roger",1
"Aziz, Keith T.",1
"Azizan,
Mohammad Tazli",1
"Azman, Azreen",1
"Azough, Ahmed",1
"B H, Karthik Pai",1
"B, Dineshkumar",1
"B, Rakesh Kumar",1
"B, Vamshi Krishna",1
"B., Karishram",1
"Ba, Ying",1
"Baabdullah, Abdullah
M.",1
"Baalaji, K",1
"Babasiz, Mari",1
"Babu, M. C.",1
"Babu, Polinati Vinod",1
"Bacchi, Stephen",1
"Badal, Matthew",1
"Bai, Haoran",1
"Bai, Haozhe",1
"Bai, John Y. H.",1
"Bai, John y. h.
and Nerantzi, Chrissi",1
"Bai, Qiong",1
"Bai, Tao",1
"Bai, Weiming",1
"Bai, Yun",1
"Baig, Maria Ijaz",1
"Baig, SMuhammad Zeeshan",1
"Baigabylov, Nurlan",1
"Baigusheva, Kanagat",1
"Baijal, Arpita",1
"Baines, Jackie",1
"Bairy, G. Muralidhar",1
"Baiz, Carlos R. R.",1
"Bajaj, Rohit",1
"Bakajic, Misa",1
"Bakare-Fatungase, Oluwabunmi",1
"Baker, Nick",1
"Bakir, Selim",1
"Bakirtzis, Stefanos",1
"Bakonyi, Viktória",1
"Bal, Anjali S.",1
"Balachandra, Mamatha",1
"Balachandran, Vithusha",1
"Balahadia, Francis F.",1
"Balaji, M. S. and
Santini, Fernando de Oliveira",1
"Balakrishnan, Arunkumar",1
"Balakumar, A.",1
"Balara, Viliam",1
"Balart, Trini",1
"Balderas-Díaz, Sara",1
"Bali, Maha",1
"Bali, Maha and
Leng, Jing",1
"Ballesteros, Marco Agustin Arbulu
and Morales, Ana Elizabeth Paredes",1
"Baloch, Fozia Ahmed",1
"Balta-Salvador, Roso",1
"Balula,
Ana",1
"Balusamy, Balamurugan",1
"Bandala, Argel A.",1
"Bandara, Isuru Sri",1
"Bandeppa, Lalitha",1
"Baneres, David and
Guerrero-Roldan, Ana Elena",1
"Bani Ahmad, Ahmad Y. A.",1
"Banoth, Dinesh Nayak",1
"Bansal, Gaurav",1
"Bansil, Joseph Alexander",1
"Banskota,
Ashok Kumar",1
"Banskota, Bibek",1
"Bao, Qian",1
"Bao, Shuang",1
"Baptista, Joao Pedro",1
"Bara, Adela and
Vespan, Dragos",1
"Baradari, Dünya",1
"Barak-Medina, Eran",1
"Baral, Manish Mohan",1
"Barchino Plata,
Roberto",1
"Bardhi, Enkeleda",1
"Barham,
Kefah A.",1
"Barillari, Maria R.",1
"Barlette, Yves",1
"Barr, Lesley",1
"Barrett, Alex",1
"Barrios, Michel Lopez",1
"Barros, Joao Paulo",1
"Barrot, Jessie S.",1
"Baruah, Bidyut",1
"Bary, Raphaël",1
"Bashar, Mohammad",1
"Bashir, Ali Kashif",1
"Bashir, Mohamed",1
"Bashir, Rania",1
"Bashir, Shahid",1
"Baskaran, P.",1
"Bassam Zoghoul, Sohaib",1
"Bassett, Mark Andrew",1
"Bastesen, Jarle",1
"Basu, Sriparna and
Bose, Indranil",1
"Batista, Joao",1
"Batool, Uzma",1
"Battle, Carolina",1
"Baucon, Andrea",1
"Bautista, Angelito",1
"Bawa, Ramneek",1
"Bayat-Makou, Nima",1
"Bayhan, Isa",1
"Bayly-Castaneda, K.",1
"Bayu, Teguh Indra",1
"BAZARGANI, J. A. L. A. L. S. A. F. A.
R. I.",1
"Bcharah,
Estefana",1
"Bcharah, George",1
"Bcharah, Hend",1
"Beardsley, Amanda K.",1
"Bearman,
Margaret",1
"Becerra, Álvaro",1
"Bechet, Paul",1
"Beg, Mohd Haider Raza",1
"Behravan, Majid",1
"Beisenova,
Lyazzat",1
"Beleva, Christina",1
"Belkacem, Abdelkader Nasreddine",1
"Belkina, Marina
and Hassan, Ghulam M. M.",1
"Bello, Fernando",1
"Beloudha, Fatima-Zahra",1
"Belous, Svetlana",1
"Belurkar, Sushma",1
"Ben Otman, Sajeda",1
"Ben Otman, Sourur",1
"Benavides-Lara, Raul",1
"Benis, Arriel",1
"Benkhelifa, Fatma",1
"Bensalem,
Elias",1
"Bensalem, Elias",1
"Benson, Spencer A",1
"Benteux, Berenger",1
"Bento, Antonio Carlos",1
"Berbekova, Adiyukh",1
"Berek, Laszlo",1
"Berenguer, Carmen
and Ortega-Baron, Jessica",1
"Berselli, Giovanni",1
"Bettahi, Abdelkarim",1
"Bharath Suhas, K. B.",1
"Bharti, Ajay Kumar",1
"Bhasvanth Dev, Vajrapu Venkata",1
"Bhat, Raghavendra S",1
"Bhat, Siddhanth",1
"Bhatt, Vishwa",1
"Bhaumik, Amiya",1
"Bhosale, Nilesh",1
"Bhosekar, Shailesh",1
"Bhusal, Rajan",1
"Bhuvaneswari, M.",1
"Bhyat, F.",1
"Bi, Fangming",1
"Bi, Hai",1
"Bi, Xiaoyang",1
"Bian,
Zhaoxiang",1
"Bian, Gui-Bin",1
"Bikulov, Damir",1
"Bilal, Muhammad Siraj",1
"Bilgihan,
Anil",1
"Bilgili, Asiye",1
"Bin Ibne Reaz, Mamun",1
"Bin Naeem, Salman",1
"Binjwair, Amani",1
"Biswas, Akash",1
"Bjelland, Camilla",1
"Björne, Jari",1
"Black, Erik W.",1
"Blackie, Margaret",1
"Blank,
Daniel",1
"Blanke, Jordan M.",1
"Blažeka, Kristinka Maček",1
"Bloch, Kristina A.",1
"Blomquist, Jason",1
"Blurton,
Steven",1
"Bo, Sun",1
"Bo, Wang",1
"Boerner, Emma",1
"Bogdanovskaya, I. Yu.",1
"Bogie, Bryce
J. M.",1
"Bohm,
Robert",1
"Bojko, Jessica and
Gathen, Martin",1
"Boland, Genevieve
M.",1
"Bolanos-Mendoza, Cindy",1
"Boldt, Kevin",1
"Bolivar-Cruz, Alicia",1
"Bonatti, Cristiane",1
"Bond, Melissa and
Gouverneur, Franziska",1
"Bonde, Lossan",1
"Bonk, Curtis J.",1
"Borasi, Raffaella",1
"Borchers, Conrad",1
"Bordia, Anav",1
"Borisova, Maria",1
"Borjigin, Ailiya",1
"Bornsztejn, Hannah and
Hogg, Alyce",1
"Borodulin, Aleksei",1
"Borodulin, Aleksei S.",1
"Borras-Gene, Oriol",1
"Bosch,
Tanja",1
"Bose, Binoy Kumar",1
"Bossios, Apostolos",1
"Bostan, Ecem",1
"Boubakri, Fatima-Ezzahra",1
"Boubakri, Meryem",1
"Boud, David",1
"Boud, David
and Ajjawi, Rola",1
"Bouguettaya, Sirine",1
"Boulton, Alex",1
"Bourekkache, Samir",1
"Boyapati, Neeraj",1
"Boyd, Jeanette",1
"Boyd, Nathan",1
"Boysen, Guy A.",1
"Boz, Nurgul",1
"Bozkurt,
Aras",1
"Bradshaw, Wayne",1
"Braham, Rafik",1
"Braido,
Fulvio",1
"Brandão Lent, Daniel M.",1
"Braso-Vives, Enric",1
"Bratkov, Marin",1
"Brennan, Robert",1
"Brezovec, Erik",1
"Bridges, Jenny",1
"Briganti, Giovanni and
Chiesa-Estomba, Carlos M.",1
"Briggs, Madasen",1
"Brinziková, Katarína",1
"Brock, James",1
"Brodsky, Victor",1
"Brodzeli,
Andrew",1
"Brooks, Laurence",1
"Broutin, Menekse Seden Tapan",1
"Brown, Gavin T. L.",1
"Brown, M.",1
"Browning, Jonathan W.",1
"Brun, Monica Punti",1
"Bruneault, Frederick",1
"Brunton, Ryan",1
"Brusilovsky, Peter and
Cukurova, Mutlu",1
"Bu, WenJuan",1
"Buathong, Suttipot",1
"Buhalis, Dimitrios",1
"Buhl, Alexandra",1
"Bui, Marilyn M.",1
"Buitrago-Ciro, Jairo",1
"Bukhari, Syed
Muhammad Salman",1
"Bukhshtaber, Natalia",1
"Bukoye, Oyegoke Teslim",1
"Buragohain, Dipima",1
"Burge, Legand",1
"Burke, Jay",1
"Burkitbayeva, Aizhan",1
"Burneo-Arteaga, Pablo",1
"Buruk, Banu",1
"Busch, Christoph",1
"Bustard, John",1
"Butt, Ahmed Ashraf",1
"Buu, Seok-Jun",1
"Buyakova, K. I.",1
"Bychkov, Andrey",1
"Bülbül, Halil İbrahim",1
"C, Manjith B",1
"Caballero, Arlene R.",1
"Cable, Laima and
Vincevica, Agnese",1
"Cabrera-Paniagua, Daniel",1
"Cabrera-Paniagua, Daniel and
Urra, Enrique",1
"Cabrera-Sánchez, Juan-Francisco",1
"Caccavale, Fiammetta",1
"Cacho, Reynald M.",1
"Cadavero, Allen and
Conrad, Stefanie",1
"Cadiz, Ruben Juarez",1
"Caeiro-Rodríguez, Manuel",1
"Cai, Dunbo",1
"Cai, Huiying",1
"Cai, Jijing",1
"Cai, Liyan",1
"Cai, Yijun",1
"Caiazzo, Alba",1
"Caidan, Zhao",1
"Cain,
Jeff",1
"Caiyun, Chen",1
"Cajander, Åsa",1
"Calderon, Angel",1
"Calhoun, Vince D.",1
"Callado, Ana",1
"Callaghan, Peta",1
"Caltenco-Castillo, Rafael",1
"Calzada, Martin Aubert Hernandez and
Ortega-Mohedano, Jose",1
"Camacho-Zúñiga, Claudia",1
"Camargo, Claudia
Barros",1
"Cambronero-Saiz, Belen",1
"Cammaroto, Giovanni",1
"Campbell, Chynna",1
"Campbell, Laurie O.",1
"Campbell, Mark",1
"Campo, Lucia
and Losada-Iglesias, Daniel",1
"Campon, Eva Maria Marquez",1
"Campos, Pedro",1
"Cang, Minnan",1
"Cano, Jhon R.",1
"Canonica, Giorgio W.",1
"Cao, Jiangzhong",1
"Cao, Jiannong",1
"Cao, Kai",1
"Cao, Li",1
"Cao, Lin",1
"Cao, Liying",1
"Cao, Meng",1
"Cao, Weiran",1
"Cao, Xiaoyu",1
"Cao, Xueyan",1
"Cao, Yi",1
"Cao, Yuanzhouhan",1
"Cao, Yuecheng",1
"Cao, Zhiguo",1
"Capano, Giliberto",1
"Cappello, Giancarlo and
Guerrero-Pico, Mar",1
"Car, Josip",1
"Carabantes, David",1
"Carbonell, Marc Romero",1
"Cardenas, Julian",1
"Cardoso Pereira, Ricardo",1
"Carlos-Arroyo, Martina",1
"Carmi, Golan",1
"Carmo, Inês",1
"Carnaz, Goncalo",1
"Caro, Jaime",1
"Carpenter, Beth",1
"Carrao, Lalaine Josefa",1
"Carrasco-Saez, Jose",1
"Carrasco-Saez, Jose Luis",1
"Carreon, Adam",1
"Carrigan, Mark",1
"Carruba, Maria Concetta",1
"Carsuzaa,
Florent",1
"Carter,
Lemuria",1
"Carter, Ryan J.",1
"Carvalho, Luiz F.",1
"Casan-Guerrero, Maria Jose",1
"Casan-guerrero, Maria-Jose and
Alier-forment, Marc",1
"Casmod, Y.",1
"Cassany, Daniel",1
"Castaneda, Guadalupe Montserrat Figueroa
and Guerra, Maria Azeneth Duana",1
"Castellanos-Ramirez, Juan Carlos and
Vega, Jose Eduardo Perezchica",1
"Castello-Sirvent,
Fernando",1
"Castillo, Darla A.",1
"Castillo, Karina Culebro",1
"Castillo-Martinez, Isolda Margarita",1
"Castillo-Segura, Pablo",1
"Castle, Mike",1
"Castro, Vania",1
"Catasus, Montse
Guitert",1
"Catta-Preta, Michelle",1
"Cavaco, Carmen",1
"Cazorla, Miguel",1
"Ceallaigh, T. J. O.",1
"Cegledi, Szabolcs",1
"Cekmegeli, Kuebra and
Farrell, Sean",1
"Celik, Arda",1
"Cellary, Wojciech",1
"Cerratto
Pargman, Teresa",1
"Cerratto-Pargman, Teresa",1
"Cervantes, Jorge",1
"Cervantes-Fernandez, Jerry",1
"Chaaban, Youmen and
Khraisheh, Majeda",1
"Chaeikar, Saman Shojae",1
"Chahar, Shagun",1
"Chai, Ching Sing",1
"Chai, Ching-Sing",1
"Chai, Chunlei",1
"Chai, Shaoming",1
"Chaisrimaneepan, Nattanicha",1
"Chaker, Sara C.",1
"Chakraborty, Chinmay",1
"Chakraborty, Sourojeet",1
"Chakraborty, Tanmoy",1
"Chamola, Vinay",1
"Chamorro-Mera, A.",1
"Chamorro-Mera, Antonio",1
"Chan, Anny",1
"Chan, Elaine Wan Ling",1
"Chan, H. Y.",1
"Chan, Ka Ian",1
"Chan, Lester Chi Him",1
"Chan, Ngai Seng",1
"Chan, Robin Kuok Cheong",1
"Chan, Vidya C.",1
"Chanana, Nisha",1
"Chandran, Aravind",1
"Chandrasekera, Tilanka",1
"Chang, Chuan-Yu",1
"Chang, Fuhao",1
"Chang, Li-Chun",1
"Chang, Maiga",1
"Chang, Shijie",1
"Chang, Won-Du",1
"Chang, Woojin",1
"Chang, Xiang",1
"Chang, Xinyu",1
"Chang, Yu Ping",1
"Changala, Ravindra",1
"Chanpaisit, Nattapol",1
"Chans, Guillermo M.",1
"Chanussot, Jocelyn",1
"Chao, Xiaopeng",1
"Chapman, David",1
"Charney, Max",1
"Charulatha, G.",1
"Chatterjee, Arunangsu",1
"Chatterjee, Suparna",1
"Chaudhari, Sakshi",1
"Chaudhary, Sushank",1
"Chaudhri, Shiv Nath",1
"Chaudhry, Ghulam",1
"Chauhan, Jahangir and
Faisal, K. P.",1
"Chauhan, Piyush",1
"Chavan, Pravin",1
"Chavira-Quintero, Rigoberto",1
"Chawla, Ayaan",1
"Che, Xiangming",1
"Cheamsiri, Wannisa",1
"Chekhovich, Yury",1
"Chen,
Dongxu",1
"Chen,
Junxin",1
"Chen,
Nian-Shing",1
"Chen, Baiyun",1
"Chen, Bingchu",1
"Chen, Bo",1
"Chen, Bo-siang",1
"Chen, Bodong",1
"Chen, Changkai",1
"Chen, Chen",1
"Chen, Da-Lun",1
"Chen, Dayou",1
"Chen, Di",1
"Chen, Feifei",1
"Chen, Feng",1
"Chen, Gang",1
"Chen, Guifen",1
"Chen, Hongyuan",1
"Chen, Huajing",1
"Chen, Hui",1
"Chen, Jiang",1
"Chen, Jiangjie",1
"Chen, Jianguo",1
"Chen, Jianling",1
"Chen, Jiayuan",1
"Chen, Jiefeng",1
"Chen, Jifa",1
"Chen, Jiming",1
"Chen, Jing",1
"Chen, Jing and
Huang, Le-Fu",1
"Chen, Jingqian",1
"Chen, Jinlin",1
"Chen, Jinshu",1
"Chen, Jinwen",1
"Chen, Jiusheng",1
"Chen, Junjie",1
"Chen, Junxin",1
"Chen, Ke",1
"Chen, Kong",1
"Chen, Li-Xian",1
"Chen, Lijia",1
"Chen, Liquan",1
"Chen, Liting",1
"Chen, Liu",1
"Chen, Min",1
"Chen, Mingkai",1
"Chen, Mingwen",1
"Chen, Mingying",1
"Chen, Mu-Yen",1
"Chen, Nian-Shing",1
"Chen, Pengfei",1
"Chen, Pingping",1
"Chen, Pingyi",1
"Chen, Qian",1
"Chen, Qiuyan",1
"Chen, Rongyuan",1
"Chen, Shuai",1
"Chen, Shuzhen",1
"Chen, Tin-Kai",1
"Chen, Weirui",1
"Chen, Wenlinag",1
"Chen, Xiaolong",1
"Chen, Xiaoming",1
"Chen, Xiaowen",1
"Chen, Xilin",1
"Chen, Xin",1
"Chen, Xinyuan",1
"Chen, Xuanning",1
"Chen, Yanli",1
"Chen, Yaolong",1
"Chen, Yifan",1
"Chen, Yijia",1
"Chen, Ying-Cong",1
"Chen, Yixin",1
"Chen, Yong-Xia",1
"Chen, Yujie",1
"Chen, Yuxiang",1
"Chen, Zetao",1
"Chen, Zhong",1
"Chen, Zhongzhou",1
"Chen, Ziqi",1
"Cheng,
Chuang",1
"Cheng, Cheng",1
"Cheng, Fei
and Chen, Lilan",1
"Cheng, Haoran",1
"Cheng, Kin Meng",1
"Cheng, Liang",1
"Cheng, Shang-Hao",1
"Cheng, Wei",1
"Cheng, Yichun",1
"Cheng, Yuan",1
"Cheng, Yuhao",1
"Cheok, Stephanie",1
"Cherif, Asma",1
"Cherner, Todd",1
"Chernobay, Elena",1
"Cheuquepán-Maldonado, Diego",1
"Chhabra, Gitanjaly",1
"Chiang, Hsiu-Sen",1
"Chiang, Yu-Hung",1
"Chiappe, Andres",1
"Chiasson, Rebekah M.",1
"Chichekian, Tanya",1
"Chin, Chee Keong",1
"Chin, Kai-Yi",1
"Chinapah, Vinayagum",1
"Ching, Yu-Hui",1
"Chinhamo, Edmore",1
"Chinoracky, Roman",1
"Chiu, Mai-Lun",1
"Chiu, Thomas k. f. and
Lee, Kyungmee",1
"Cho,
Sanggoo",1
"Cho, Jae Wook",1
"Cho, Li",1
"Cho, Yongsun",1
"Cho, Yoon Y.",1
"Chohan, Ikhlaq",1
"CHOI,
SOO-MI",1
"Choi, Eunjung",1
"Choi, Hyukjoon",1
"Choi, Hyun-Tae",1
"Choi, Jae",1
"Choi, Mi Jeong
and Shin, Hye-Rim",1
"Choi, Minseo",1
"Choi, Sung-Wook",1
"Cholewa, Mariusz",1
"Cholil, Widya",1
"Chomsuwan, Komkrit",1
"Chondamrongkul, Nacha",1
"Chong, Chee Keong",1
"Chong, Kelvin KL",1
"Chong, Teck Siong",1
"Chong-Quero, J. Enrique",1
"Choubin, Bahram",1
"Choudhary, Tavishi",1
"Chow, Steven Kwok Keung",1
"Chow, Tak Sang",1
"Chow, Yang-Wai",1
"Chowdhury, Muhammad E. H.",1
"Chowdhury, Soumyadeb",1
"Christ-Brendemuehl, Sonja",1
"Christen, Markus",1
"Christian, Gustavo and
Lopez-Vega, Corally",1
"Chu, Danny
and Narayan, Mayur",1
"Chu, Elvin Tsun Him",1
"Chu, Po-Ying",1
"Chu, Samuel Kai Wah",1
"Chu, Tzu-hsin and
Chang, Kuang-min",1
"Chu, Weiyi",1
"Chu, Xiaoyan",1
"Chu, Yi-Wen",1
"Chua, Sing Yee",1
"Chuding, Chen",1
"Chugh, R.",1
"Chugh, Ritesh",1
"Chun, Jiyong",1
"Chun, Jon",1
"Chung, Jennifer",1
"Chung, Vera",1
"Chung, Yeesook",1
"Chur-Hansen,
Anna",1
"Chávez, Santiago Santillán",1
"Cicha, Karina",1
"Cilsalar-Sagnak, Hatice
and Cheng, Wing Kin",1
"Cinar Yagci, Sule",1
"Cincera, Jan",1
"Ciolacu, Monica I.",1
"Cipriani, Enrico",1
"CK, Arunlal",1
"Clarke,
Karen-Ann",1
"Clarke, Sam",1
"Clarkson,
Anne",1
"Cloux, Marine",1
"Coaracy, Lucas",1
"Coates, Hamish",1
"Coatrieux, Gouenou",1
"Cobos, Ruth",1
"Codina, Lluis",1
"Collins, Bradley R.",1
"Connolly, Cornelia",1
"Connors, Priscilla",1
"Conti, Mauro",1
"Conti, Rachele",1
"Contreras, Mauricio Rojas",1
"Contreras-Saavedra,
Carolina",1
"Contreras-Saavedra, Carla E.",1
"Contreras-Saavedra, Carla E. and
Viveros-Munoz, Rhoddy",1
"Contreras-Saavedra, Carolina and
San-Martin-Quiroga, Sheny",1
"Conway, Elaine",1
"Cooper,
Simon",1
"Cooper, Grant",1
"Cooper, Laken",1
"Cooper, Martin",1
"Cooper, Martin
and Sims, Craig",1
"Cope, Bill",1
"Corbin, T.",1
"Cordero, Jorge",1
"Cordero-Castillo,
Alison",1
"Cornejo-Plaza, Isabel",1
"Cornell, Alan S.",1
"Coronado-Otavalo, Ximena",1
"Correia, Marisa",1
"Cortes, Cuauhtemoc Hidalgo and
Reyes, Juan de Jesus Amador",1
"Costa, Antonio Pedro",1
"Costa, Patrícia",1
"Costello, Eamon",1
"Costello, Martina",1
"Cotino-Arbelo, Andrea E.",1
"Coughlan, Emily and
Bektik, Duygu",1
"Coughlan, Tim",1
"Cowley, Benjamin Ultan",1
"Cox II, Larry A.",1
"Cox, Andrew",1
"Cram, Andrew and
Huber, Elaine",1
"Crick, Tom",1
"Crompton, Helen",1
"Crompton, Helen and
Hrastinski, Stefan",1
"Croucher, Gwilym",1
"Cruz, Gonçalo",1
"Cruz, Mario",1
"Cruz, Myka",1
"Cruz, Mário",1
"Csaki, Csaba",1
"Csaszar, Felipe A.",1
"Cuenca, Maria Elena",1
"Cuffe, Paul",1
"Cui, Chuanrui",1
"Cui, Fuhao",1
"Cui, Hutao",1
"Cui, Kai",1
"Cui, Kaiwen",1
"Cui, Shuguang",1
"Cui, Tianyi",1
"Cui, Xiangping",1
"Cui, Xiaohui",1
"Cui, Yiran",1
"Cui, Yu Lu",1
"Cukurova, Mutlu and
Shea, Peter",1
"Cumbreras, Miguel angel
Garcia",1
"Cummins, Eoin P.",1
"Cundiff, Kelsey",1
"Cundiff, Patrick R.",1
"Cunha, Carlos",1
"Cunningham, Christopher J. L.",1
"Cunningham, Scott W.
and Davies, Gareth H.",1
"Cuomo,
Roberto",1
"Currie, G.",1
"Currie, Geoffrey M.",1
"Currie, Josie",1
"Curtis, Guy J.",1
"Cutting, David",1
"Czerkawski, Betul",1
"D'Angelo,
Francesco Paolo",1
"D'Angelo, Francesco
Paolo",1
"D, Shofia Priyadharshini",1
"da Costa, Miguel Gomes",1
"da Silva Ruffo, Vitor G.",1
"da Silva, Marily Dilamar",1
"Da-Rugna, Jérôme",1
"Dabirian, Amir",1
"Dabis, Attila",1
"Dadhich, Manish",1
"Dagienė, Valentina",1
"Dagli, Mert Marcel",1
"Dagtas, Aysun",1
"Daher, Wajeeh",1
"Dai, Haipeng",1
"Dai, Haoran",1
"Dai, Hong-Hua",1
"Dai, Jian and
Gu, Xiaoqing",1
"Dai, Jincheng",1
"Dai, Qingyun",1
"Dai, Xiaowei",1
"Dai, Yang",1
"Dai, Yun",1
"Daiyrbayeva, Elmira",1
"Dajani, Khalil",1
"Damara, Ivan",1
"Dandekar, Aditya",1
"Dang, Anh",1
"Dang, Baobao",1
"Dang, Tran Khanh",1
"Dang, Yang",1
"Daniela, Linda",1
"Daniels, Mats",1
"Danilov,
N. A.",1
"Danumithra, S",1
"Daoud, Rana",1
"Dari, Sukhvinder Singh",1
"Darshitha, M",1
"Darvishy, Alireza",1
"Darwesh, Aso",1
"Das, Isha",1
"Das, Saikat",1
"Das, Swatismita",1
"Das, Udit K.",1
"Dash, Sisir Ranjan",1
"Datta, Sumit",1
"Dave, Vivek S.",1
"David, Nakama",1
"Davidkov, Tsvetan",1
"Davies, Austin J.",1
"Davin, Kristin J.",1
"Davison, Robert M.",1
"Davlatova, Madina",1
"Dawitz, Julia",1
"De
Vito, Andrea",1
"de Azevedo, Sandro
Torres",1
"de Barros, Manoel Joaquim Fernandes",1
"de Carvalho, Carlos Neto",1
"de Freitas Ribeiro, Louise Helena and
de Medeiros Fernandes, Thales Allyrio Araujo",1
"De Jesus Garza-Arriaga, Fernando",1
"De Jesus-Rojas, Wilfredo",1
"de la Garza, Luis Miguel Gonzalez",1
"De Los Angeles Segura-Azuara, Nancy",1
"De Los Angeles SáNchez-Trujillo, María",1
"De Maio, Carmela",1
"de Medeiros Martins, Allan",1
"De Silva, Liyanage",1
"De, Rahul",1
"Deb, Mayukh",1
"Debbah, Mérouane",1
"Debeljuh, A.",1
"Decamps, Sandrine",1
"Decker, Adrienne",1
"Dehbozorgi, Nasrin",1
"Dehghani, Mojgan",1
"del
Moral-Marcos, Maria Teresa",1
"del Castillo, H. Fernando Diaz",1
"del Pilar García-Chitiva, María",1
"Delcker, Jan",1
"Delgado, Fabiola Mabel Saez",1
"Delgado, Rosario del Pilar Gibert",1
"Delgado-Benito,
Vanesa",1
"Delgado-Benito, Vanesa",1
"Delgado-Parada, Joseba",1
"Deling, Yang",1
"Dellavalle, Robert",1
"Deluca, Christopher",1
"Demirtas, Idris",1
"Dempere, Juan",1
"Denecke, Kerstin",1
"Deng,
Shiyi",1
"Deng, Hansen
and Anand, Sharath Kumar",1
"Deng, Jianhua",1
"Deng, Kailing",1
"Deng, Kunyang",1
"Deng, Ming",1
"Deng, Qingyou",1
"Deng, Songyun",1
"Deng, Ye",1
"Deng, Ying",1
"Dengel, Andreas",1
"Denis, Constance",1
"Dennehy,
Denis",1
"Dequanter, Didier and
Saussez, Sven",1
"Derakhshan, Ali",1
"Deri, Catherine E.",1
"Deri, Elena",1
"Deric, Elena",1
"Deroncele-Acosta, Angel",1
"Dettmer, Sandra",1
"Devi, S. Durga",1
"Devkishan, Taneja Sanjay",1
"Devlin, Marie",1
"Dewan, Umama",1
Dhairya,1
"Dhanaraj, Rajesh Kumar",1
"Dhanasekaran, Balaji",1
"Dhand, Raman",1
"Dharamshi, Ravindra R",1
"Dhiman, Harsh",1
"Dhokotera, Tafadzwa",1
"Dhruv, Ajay",1
"Di Fuccio, Raffaele",1
"Diab, Hussam",1
"Dianelo, Roque Francis",1
"Dianova, Vera G.",1
"Diao, Haojie",1
"Dias, Cifha Crecil",1
"Dias-Calcas, Maria Amalia Pereira and
Moreira Melo, Alex",1
"Dick, Kevin",1
"Dimitriadis, Yannis",1
"Dimitrova-Grekow, Teodora",1
"Din, Fareed Ud",1
"Ding, Chen",1
"Ding, Ling",1
"Ding, Ting",1
"Ding, Wei",1
"Ding, Xiaotong",1
"Ding, Yinghao",1
"Disanayake, Chamara",1
"Dissanayaka, Harshana",1
"Divahar, S. Robin",1
"Divi, Vasu",1
"Divino, Harlen Cardoso",1
"Divino, Sthefano",1
"Divjak, Blazenka",1
"Divvela, Sudheer K.",1
"Divya, S.V.",1
"Diwakar, Manoj",1
"Diwakaran, S.",1
"Djaparova, Saltanat",1
"Dmitriev, Ya. A.",1
"Dobre, Stefania-Carmen",1
"Dobrokhotov, Denis A.",1
"Dogan, Miray",1
"Dogru, Tarik",1
"Dolgopolovas, Vladimiras",1
"Dombrowski, Ann-Kathrin",1
"Dominek, Dalma Lilla",1
"Dominguez, Caroline",1
"Dominguez-Oller, Juana Celia and
Baldaqui-Escandell, Josep Maria",1
"Donadel, Vanessa",1
"Donald,
Preethy Mary",1
"Dong,
Rebecca Kechen",1
"Dong, Changqi",1
"Dong, Chaoyan",1
"Dong, Chengrong",1
"Dong, Fang",1
"Dong, Hongbiao",1
"Dong, Jiajun",1
"Dong, Jinfang",1
"Dong, Li",1
"Dong, Qianyan",1
"Dong, Runmin",1
"Dong, Wenting
and Xiang, Li",1
"Dong, Xiaorui",1
"Dong, Yu",1
"Dong, Zhangkun",1
"Dong, Ziyue",1
"Donmez, Elif",1
"Donnelly, Margaret",1
"Dood, Amber J.",1
"Doorsamy, Wesley",1
"Dornburg, Alex",1
"dos Santos, Luciana Oliveira Penna and
Ramos, Alexandre Moraes",1
"dos Santos, Rafael Antunes",1
"dos Santos, Tamara Afonso",1
"Dosaru, Daniel-Florin",1
"Dou, Yu",1
"Draganov, Ivan",1
"Drago, Filippo",1
"Dragoni, Daniele",1
"Dragun, Maksim A.",1
"Draheim, Dirk",1
"Dream, Sophie Y.",1
"Drechsler, Andreas",1
"Dringo-Horvath, Ida",1
"Druga, Constantin George",1
"Drwish, Amr",1
"du Plessis, Elize",1
"Du, Changping",1
"Du, Chenghu",1
"Du, Jinming",1
"Du, Kangning",1
"Du, Miao",1
"Du, Shuangyan",1
"Du, Xiaogang",1
"Du, Xusheng",1
"Du, Yuxuan",1
"Du, Zhe",1
"Du, Zhenbang",1
"Du, Zhijun",1
"Duah, James Ewert",1
"Duan, Chao",1
"Duan, PeiPei",1
"Duan, Yanqing",1
"Duart, Josep",1
"Duart, Josep M.",1
"Duarte Dória Neto, Adrião",1
"Dube, Kaitano",1
"Dube, Raghav",1
"Dubey, Abhishek",1
"Dubey, Rameshwar",1
"Duch, Wlodzislaw",1
"Ducharme, Robin",1
"Dudenaite, Dovile
and Reynolds, Sally",1
"Dumancic, Mario",1
"Duo, Maoxing",1
"Durad, Muhammad Hanif",1
"Duraipandi, Oyyappan",1
"Durak, Hatice Yildiz",1
"Duran,
William Fernando",1
"Durgungoz, Ahmet",1
"Duron, Nora Gavira",1
"Durukan, Alper",1
"Durán, Mayra",1
"Dustdar, Schahram",1
"Dutz, Gregor",1
"Duursma, Elisabeth",1
"Dwivedi, Rohita and
Edwards, John S.",1
"Dworak, Ellie",1
"Dyer, Joseph-Omer",1
"Dyson, Bronwen
and Bjork, Collin",1
"Dzerve, Biruta",1
"Dzvapatsva, Godwin Pedzisai",1
"Díaz-Bautista, Juan Carlos",1
"Eager, Bronwyn",1
"Ebinraj, S",1
"Echeverria, Vanessa",1
"Eckerdal, Anna",1
"Eden, Sarah",1
"Edi, Doro",1
"Edirisinghe, Gihan S.",1
"Edsall, Dominic",1
"Edwards, John",1
"Egin, Figen",1
"Eglynas, Tomas",1
"Egorova, E. V.",1
"Ehmke, Sabrina D.",1
"Eidah, Belal Abu and
Khaldi, Mousa",1
"Eigner, Gyorgy",1
"Eilert, Meike",1
"Eiselt, Kurt",1
"Eitel, Chad",1
"Ejsing-Duun, Stine",1
"Ek, Jackeline Iturbe",1
"Ekaterina, Kldiashvili",1
"Ekmekci, Perihan Elif",1
"Ekuban, Audrey",1
"El Bassim, Hafsa",1
"El Emam, Khaled",1
"El Faddouli, Nour-Eddine",1
"El Haddad, May",1
"El Hassouni, Mahmoud",1
"El Kababji, Samer",1
"El Khodr, Mahmoud",1
"El Ouazzani, Rajae",1
"El-Gazar, Heba Emad",1
"El-Hassan, Ammar",1
"El-Howayek, Georges",1
"El-Malti, Wassim",1
"El-Soussi, Amira",1
"Eldardiry,
Hoda",1
"Elfadel, Maha Waleed",1
"Elfakharany, Ahmed",1
"ElFangary, Laila Mohamed",1
"Eliaš, Peter",1
"Elizondo-Garcia, Josemaria",1
"Elizondo-Garcia, Mariana E.",1
"Elkhodr, Mahmoud",1
"ElKhodr, Mahmoud",1
"Elkins, Katherine",1
"Ellappan, Vijayan",1
"Elliott, Lauren",1
"Elmasry, Wisam",1
"Elmore, Branden",1
"Elmotri, Bilel",1
"Elnaem, Mohamed Hassan",1
"Elsadig, Muawia A.",1
"Elsayed, Saber",1
"Elyasa, Yasir M.",1
"Emami, Kianoush",1
"Emerson, Lisa",1
"Emmanuel, A",1
"Enkhtur, Ariunaa",1
"Enrique Chong-Quero, J.",1
"Eppler,
Christie",1
"Eremeeva, Aziza",1
"Ershova, Tatiana",1
"Ersöz, Betül",1
"Ertz, Myriam",1
"Eryilmaz, Merve",1
"Escario, Ines",1
"Escobar, Alma-Delia Otero",1
"Eshun, Philippa",1
"Essien, Aniekan",1
"Etesse, Manuel",1
"Etkin, Hudson K.",1
"Etkin, Kai J.",1
"Etukudor, Christie",1
"Ewoldt, Kathy B.",1
"Eyglys Araújo Dos Santos, Keylly",1
"Ezoe, Mitsushiro",1
"F., Casillas-Muñoz",1
"Fadhel-Hernandez,
Valeria S.",1
"Fahim, Abrar",1
"Falebita, Oluwanife Segun",1
"Fan, Fu-You",1
"Fan, Lei",1
"Fan, Lifeng and
Liu, Tengyu",1
"Fan, Min",1
"Fan, Pingyi",1
"Fan, Rongbo",1
"Fan, Shujia and
Zhou, Qingguo",1
"Fan, Yujiao",1
"Fandy, Tamer E.",1
"Fang, Bo",1
"Fang, Jian-Wen",1
"Fang, Kai",1
"Fang, Pengfei",1
"Fang, Yinghe",1
"Fang, Yuning",1
"Farag, Antony",1
"Farana, Radim",1
"Farashahi, Mohammadreza",1
"Farbiarz, Alexandre",1
"Farooq, Mansoor",1
"Farran, Hani",1
"Farrelly, Tom",1
"Farrokhnia, Mohammadreza and
Banihashem, Seyyed Kazem",1
"Farrow, Robert",1
"Farrow, Robert and
Mulligan, Donal",1
"Farzad, Armin",1
"Fatima, Shahin",1
"Fatimah Abdul Razak, Siti",1
"Fatimah Abdul Razak, Siti and
Yogarayan, Sumendra",1
"Faustino, Florencio",1
"Fauzi, Muhammad Ashraf",1
"Favier, Valentin",1
"Fawaz, Mirna",1
"Fawns,
Tim",1
"Fawns, T.",1
"Fazackerley, L. A.",1
"Feher, Katalin",1
"Fei, Lunke",1
"Fei, Xuanjia",1
"Felipe, Anna Lyza",1
"Feliz, Salvora and
Feliz-Murias, Tiberio",1
"Feng, Donghui",1
"Feng, Dongzhu",1
"Feng, Fang",1
"Feng, Jiarong",1
"Feng, Lei",1
"Feng, Li",1
"Feng, Naixing",1
"Feng, Peng",1
"Feng, Qinna",1
"Feng, Quan",1
"Feng, Tiantian",1
"Feng, Xiang",1
"Feng, Xue",1
"Fern, James",1
"Fernandes, Alexandre Chaves
and Silva, Ana Beatriz Santana",1
"Fernandes, Fatima
Araujo Pereira",1
"Fernandes-Santos, Caroline",1
"Fernandez, Gerardo M.",1
"Fernandez-Garcia, Olga",1
"Fernandez-Scagliusi, Victoria",1
"Fernandez-Sogorb, Aitana",1
"Fernando, Emerson",1
"Fernández, Pablo",1
"Fernández-Concha, Rafael",1
"Fernández-Panadero, Carmen",1
"Ferrarelli, Mariana",1
"Ferreira, José Manuel Martins",1
"Ferreira, Sónia",1
"Ferrer I Pico, Jan and
Monguet-Fierro, Josep Maria",1
"Ferrer-Sapena, Antonia",1
"Feshchenko,
A. V.",1
"Feshchenko, V, Artyom and
Chechikhina, Antonina N.",1
"Feyijimi, Taiwo",1
"Fialho, Sergio Hage",1
"Figarola, Alfredo Figarola",1
"Figueroa, Beatriz Antonieta Moya",1
"Firdawsi, Carmel",1
"Firoz, Shaik",1
"Fischer, Martin R.",1
"Fitzgerald,
Rachel",1
"Fitzgerald, Rachel",1
"Flanagan, Sara M.",1
"Flavian, Carlos",1
"Fletcher, Richard",1
"Fletcher, Trina",1
"Flogie, Andrej",1
"Flores, Carme",1
"Flores-Bueno, Daniel and
Gomez-Puente, Sonia M.",1
"Flores-Erana, G.",1
"Flynn, Patrick D.",1
"Fogle, E'Lisha V.",1
"Fogle, Eli",1
"Fontanillas, Teresa Romeu",1
"Forte, Antonio
Jorge",1
"Fortino,
Giancarlo",1
"Fortuna, Aprilla",1
"Fosca-Pastor, Carlos",1
"Fouad, Fadoua",1
"Fouda, Basma",1
"Foulger, Teresa S.",1
"Fox, Armando",1
"Francis, Nigel J.",1
"Franco, Seth",1
"Frate, Sarah D.",1
"Frawley, Caitlin",1
"Frazee,
James P.",1
"Fredlin, Angelina",1
"Fredrik, E. J. Thomson",1
"Frigo, Luciana B.",1
"Fruscio, Robert",1
"Fteiha, Ahmad
and Joma, Amjad",1
"Fu, Daoyong",1
"Fu, Haohuan",1
"Fu, Huazhu",1
"Fu, Huijuan",1
"Fu, Liangzun",1
"Fu, Lidan",1
"Fu, Qian",1
"Fu, Tong",1
"Fu, Xueqian",1
"Fu, Yao",1
"Fu, Yihao",1
"Fu, Yuchen",1
"Fuchs, Christoph",1
"FUJIKAKE, Kazuhiro",1
"Fujimoto, Makoto",1
"Fulara, Vidhi",1
"Funa, Aaron A.",1
"Furze, Leon",1
"Fute, Antony",1
"G, Kaleeswari",1
"G, Sivagnanasekar",1
"Gabales Jr, Bonifacio G. and
Tudy, Ida G.",1
"Gabay, Renz Alvin E.",1
"Gabbouj, Moncef",1
"Gabriska, D.",1
"Gabrovsek, Rok",1
"Gadbail, Harshraj N.",1
"Gaftandzhieva, Silvia and
Pashev, George",1
"Gajjar, Avi A.",1
"Gal, Eran",1
"Galatro, Daniela",1
"Galindo-Cuesta, Jairo Alberto",1
"Galindo-Dominguez, Hector",1
"Galita, Joshua",1
"Gallent-Torres, Cinta",1
"Gallifa, Josep",1
"Galvao, Andrea",1
"Gamage, Gihan",1
"Gamage, Kelum A. A.",1
"Gamboa, Almer",1
GAMER Working Grp,1
"Gan, Baiqiang",1
"Gan, Shujuan",1
"Gangopadhyay, Aryya",1
"Gani, A.",1
"Ganjoo, Rohini",1
"Gannon, David",1
"Gantimurov, Andrei",1
"Gao, Bo",1
"Gao, Chenghai",1
"Gao, Da",1
"Gao, Feng",1
"Gao, Huihui",1
"Gao, Jinliang",1
"Gao, Karen",1
"Gao, Minghui",1
"Gao, Quan",1
"Gao, Quanxue",1
"Gao, Rong",1
"Gao, Shangce",1
"Gao, Tianjiao",1
"Gao, Tong",1
"Gao, Wenchao",1
"Gao, Xinbo",1
"Gao, Xuejin",1
"Gao, Yi",1
"Gao, Yihe",1
"Gao, Yizhu",1
"Gao, Yuchen",1
"Gao, Zan",1
"Gao, Zihan",1
"Garcia, Alejandro N.",1
"Garcia, Concepcion Gonzalez",1
"Garcia, Manuel",1
"Garcia, Manuel b.",1
"Garcia-Moran, Emmanuel",1
"Garcia-penalvo, Francisco-Jose",1
"García Castro, Jaime A.",1
"García-Castelán, Rosa M.G.",1
"Garg, Deepak",1
"Gargalo, Carina L.",1
"Garizurieta Bernabe, Jessica",1
"Garn, Myk",1
"Garrouri, Sihem",1
"Garudasu, Swathi",1
"Garvanova, Magdalena",1
"Garzon, Juan",1
"Gasevic,
Dragan",1
"Gasevic, Dragan and
Yan, Lixiang",1
"Gaspar Ribeiro,
Lucas",1
"Gasparishvili, A. T.",1
"Gatos, Gabe",1
"Gauld, Robin",1
"Gaur, Poonam",1
"Gawande, Mayur",1
"Gazca Herrera, Luis A.",1
"Gazda, Juraj",1
"Ge, Chenyang",1
"Ge, Hongwei",1
"Ge, Jiahao",1
"Ge, Long",1
"Ge, Rongjun",1
"Ge, Wenfei",1
"Gege, Luo",1
"Gelenbe, Erol",1
"Geng, Xin",1
"Gengler,
Isabelle M.",1
"Genovese, Ariana and
Trabilsy, Maissa",1
"George, William",1
"George-Reyes, Carlos Enrique",1
"Georgiadou, Sofia",1
"Georgieva, Galina and
Markov, Stefan",1
"Georgopoulou, Maria Sofia",1
"Gerard, Juliana",1
"Gering, Zsuzsanna",1
"Gerken, Jan E.",1
"Gerlowski, Lauren",1
"Gerstl-Pepin, Cynthia",1
"Gerszten, Peter C.",1
"Ghalati, Maryam K.",1
"Ghasem, Nayef",1
"Ghenbot, Yohannes",1
"Gheorghe, Georgica",1
"Ghimire, Aashish",1
"Ghulami, Hassan Rahnaward",1
"Giannakos, Michail",1
"Gibreel, Omer",1
"Gibson, Ryan M. B.",1
"Gil-Llario, Maria Dolores and
Estruch-Garcia, Veronica",1
"Gill, Sukhpal Singh",1
"Gillet, Denis",1
"Ginde, Gouri",1
"Giri, Jayant",1
"Girisha, S.",1
"Glauser, Robin",1
"Go, Kentaro",1
"Godinic, Danijela",1
"Godo, Amy",1
"Goel, Ashok",1
"Goel, Pooja",1
"Goldberg,
David M.",1
"Goldberg, David M.",1
"Goldman, Samantha R.",1
"Gomes, Cristina",1
"Gomes, Helena",1
"Gomez, Eduardo Nunez",1
"Gomez, Jorge Gomez",1
"Gomez-Cabello, Cesar A.
and Borna, Sahar",1
"Gomez-Diaz, Raquel and
Garcia-Rodriguez, Araceli",1
"Gomez-Gonzalez, Jose-Francisco and
Bourgain, Maxime",1
"Gomez-Pereira, Diana",1
"Goncalves, Bruno F.",1
"Gong, Chao",1
"Gong, Lili",1
"Gong, Lishu",1
"Gong, Min",1
"Gong, Peiliang",1
"Gong, Xin",1
"Gong, Yulin",1
"Gong, Zikun",1
"Gonsalves, Chahna",1
"Gonsalves, Tad",1
"Gonyeau, Michael J.",1
"Gonzales, Dina",1
"Gonzalez, Gizelle Guadalupe
Macias",1
"Gonzalez, Pilar A. Caceres",1
"Gonzalez-Bravo, Adrian E.",1
"Gonzalez-Buenrostro, Tanya
and Verdugo-Jasso, Yuridia A.",1
"Gonzalez-Geraldo, Jose L.",1
"Gonzalez-Gonzalez, Carina S. and
Molina-Gil, Jezabel",1
"Gonzalez-Nucamendi, Andrés",1
"Gonzalez-Rodriguez, Mario",1
"Gonzalez-Soler, Lazaro J.",1
"González Arreola, Mercedes Rosalía",1
"González Pérez, Maria Magdalena",1
"González Ruiz, Carlos J.",1
"González, Rafael",1
"González-Ibáñez, Roberto",1
"Goodboy, Alan K.",1
"Gopal B T, Venu",1
"Gopalakrishnan, Amudha",1
"Gopi, Sreekanth",1
"Gordillo-Espinoza, Emmanuel",1
"Gorecka, Anna",1
"Gosain,
Ankush",1
"Gou, Shuiping",1
"Grabovoy, Andrey",1
"Gradim, Anabela and
Perez-Curiel, Concha",1
"Graesser, Arthur C.",1
"Grandhi, Sri Harsha",1
"Grassini, Simone",1
"Grassini, Simone and
Ludvigsen, Kristine",1
"Gray, Sandra Leaton",1
"Gračanin, Denis",1
"Greeley, Luke",1
"Greenspan, Rachel Leigh",1
"Gregori, Patrick",1
"Gregory, Jonathan",1
"Grekow, Jacek",1
"Grey, Stuart",1
"Grimes, D.",1
"Grimm, David",1
"Grimmer, Marcel",1
"Gritsai, German",1
"Groesser, S.",1
"Grohs, Jacob R.",1
"Gross, Karin",1
"Grosseck, Gabriela",1
"Grotlueschen, Anke",1
"Grover, Priya",1
"Grover, Varun
and Hu, Mei-Chih",1
"Grubert, Jens",1
"Gu, Ke",1
"Gu, Ling",1
"Gu, Mingyue",1
"Gu, Xiao",1
"Gu, Xiaoqing",1
"Gu, Zhaoquan",1
"Guaman-Tabango, Juan Fernando",1
"Guan, Cuntai",1
"Guan, Dawei",1
"Guan, Naiqing and
Chan, Anny",1
"Guan, Xinping",1
"Guan, Ziyu",1
"Guberman, Daniel",1
"Guddeti, Ram Mohana Reddy",1
"Gudivaka, Raj Kumar",1
"Guerra, Gage A.",1
"Guerrero-Contreras, Gabriel",1
"Guettala, Manel",1
"Guevara, Arnoldo Jose de Hoyos",1
"Guillén-Yparrea, Nicia",1
"Guizani, Mohsen",1
"Gul, Faaiz",1
"Gul, Sarah",1
"Guler, Ozgur",1
"Guler, Tulay Dargut",1
"Gulhane, Zinee",1
"Gulson, Kalervo",1
"Gulyamov, Said",1
"Gumede, L. and
Hajat, A.",1
"Gumus, Muhammed Murat",1
"Gunarathne, Nuwan",1
"Gunbatar, Mustafa Serkan",1
"Gundewar, Swapnil",1
"Gundu, Tapiwa",1
"Guniš, Ján",1
"Gunn, Ariel",1
"Guo, Baoxin",1
"Guo, Donghui",1
"Guo, Feng",1
"Guo, Jianxiong",1
"Guo, Jiayuan",1
"Guo, Jingao",1
"Guo, Jun",1
"Guo, Lei",1
"Guo, Leixin",1
"Guo, Lili",1
"Guo, Pute",1
"Guo, Rong",1
"Guo, Runxia",1
"Guo, Tianyu",1
"Guo, Weitong",1
"Guo, Xiao-Ge",1
"Guo, Xiaojun",1
"Guo, Xinchang",1
"Guo, Xiwang",1
"Guo, Yanan",1
"Guo, Yanming",1
"Guo, Yifei",1
"Guo, Yuhao",1
"Guo, Yunxiao",1
"Guo, Zhaobo",1
"Guo, Zheng",1
"Guo, Zhongyuan",1
"Guoan, Zhao",1
"Gupta, Aniket",1
"Gupta, Ankur",1
"Gupta, Rupal",1
"Gupta, Sakshi",1
"Gupta, Sanjai",1
"Gupta, Vinti",1
"Guravaiah, Koppala",1
"Gusman, Elvina",1
"Guzman, Hazel
de los Angeles Rojas",1
"Guzman-Segura, Jose Guillermo",1
"Guzmán, Daniel Sánchez",1
"Gwatidzo, Sinikiwe",1
"Gyamfi, Benjamin",1
"H, Faseela M",1
"Haba, Cristian-Gyözö",1
"Haber, Nick",1
"Habib, Sajed A.",1
"Habibie, Pejman",1
"Hack, Sholem",1
"Haddad, Ziad",1
"Haddiya, Intissar",1
"Hadi, Wael",1
"Hadinejad, Neda",1
"Hadjilooei, Farimah",1
"Hagan, Lilly",1
"Hai, Tran Trieu",1
"Haider, Syed Ali",1
"Hala, Habayib",1
"Hall, Heather
and Clapp, Tod R.",1
"Hall, Richard",1
"Halliday, Sarah",1
"Hallman, Heidi",1
"Hamad, Faten",1
"Hamad, Nardin",1
"Hamal, Oussama",1
"Hamari, Juho",1
"Hamdard, Ali Juma",1
"Hamed, Ahmed Abdeen",1
"Hameed, Ibrahim A.",1
"Hamerlik, Endre",1
"Hamerman, Eric J.",1
"Hamid Bin Md Ali, Sawal",1
"Hamilton, D. Kojo",1
"Hamilton, Jennifer",1
"Hammond, J.",1
"Han, Bing",1
"Han, Chunxu",1
"Han, Fangting",1
"Han, Guang",1
"Han, Guangjie",1
"Han, Harry",1
"Han, Honggui",1
"Han, Jiaheng",1
"Han, Jideng",1
"Han, Jiqun",1
"Han, Kang",1
"Han, Qilong",1
"Han, Shijing",1
"Han, Shoudong",1
"Han, Sujy",1
"Han, Xiaolong",1
"Han, Yanyan",1
"Han, Yixuan",1
"Han, Yongyong",1
"Han, Yuexing",1
"Han, Yushan",1
"Han, Yuwei",1
"Han, Zhengbiao",1
"Hang, Ching Nam",1
"Hanh, Nguyen Van",1
"Hanks, Lydia",1
"Hanna, Philip",1
"Hans, Stephane and
Baudouin, Robin",1
"Hanson, Kenneth",1
"Hansson, Henrik",1
"Hao, Huijuan",1
"Hao, Jian",1
"Hao, Xiaoyang",1
"Hao, Xiaoyu",1
"Haputhanthri, Dilantha",1
"Haque, Rezwanul
and Lyden, Sarah",1
"Haraldsrud, Andreas",1
"Hardey, Mariann",1
"Hargett, Jennifer L.",1
"Hari, Daniel",1
"Hariharan, R.",1
"Harini, Rayala",1
"Harmat, Vanda",1
"Haroud, Samia",1
"Harouni, Moulay Hachem
Alaoui",1
"Harous, Saad",1
"Harris, Lynne",1
"Harroud, Hamid",1
"Hart, Ahren",1
"Hartley, Kendall",1
"Hartlova, Adela",1
"Hartmann, Philipp",1
"Hasan, D. A.",1
"Hasan, Md Jahid",1
"Hasbun, Helen",1
"Hash, Nicole",1
"Hashemi-Dezaki, Hamed",1
"Hashimoto, Chiaki",1
"Hashmi, Nada",1
"Hashmi, Zarqa Farooq",1
"Hasnah Hassan, Siti",1
"Hassan, Atiq",1
"Hassan, Inzimam Ul",1
"Hassan, Jahan",1
"Hassan, Noha M. A. M.",1
"Hassanein, Osama H. S.",1
"Hasseler,
Terri",1
"Hattab, Muayad K.",1
"Hattendorf, Jan and
Bohlius, Julia",1
"Hatzipanagos, Stylianos",1
"Haudeck, Helga",1
"Hauze, Sean W.",1
"Havelka, Stefanie",1
"Hawe, D.",1
"Hawken, Steven",1
"Hayes, Chloe",1
"Hayes, Josh",1
"Haynes,
Meagan",1
"Hays, Franklin Alan",1
"Hays, Lauren",1
"Hayward, Jake",1
"Hazaimeh, Manar",1
"Hazell, L.",1
"Hazra, Sumit",1
"He, Alex Jingwei",1
"He, Ben-Guo",1
"He, Bin",1
"He, Chao",1
"He, Huaiwu",1
"He, Jian-Biao",1
"He, Jun",1
"He, Li",1
"He, Peng",1
"He, Shouwu",1
"He, Sirui",1
"He, Wei",1
"He, Wenji",1
"He, Xiaoming",1
"He, Xin",1
"He, Xinman",1
"He, Yanglong",1
"He, Yigang",1
"He, Yinan",1
"He, Ying",1
"He, Yun",1
"He, Yuting",1
"He, Yuyu",1
"He, Zhangying",1
"He, Zhenhai",1
"He, Ziwen",1
"Heap,
Tania",1
"Hein, Myo Min",1
"Hell, Marko",1
"Helman, Joanna",1
"Hemachandran, K.",1
"Hemminki-Reijonen, Ulla",1
"Henadirage, Amali",1
"Henderson, M. and
Liang, Y.",1
"Henderson, Trevion",1
"Hendry, Hendry",1
"Henriques Abreu, Pedro",1
"Henry, Tracey
L.",1
"Heo, Seoyoon",1
"Heredia,
Jimena de Mello",1
"Heredia, Alfonso Serrano",1
"Heripracoyo, Sulistyo",1
"Herlau, Tue",1
"Herman, Jamie",1
"Hernandez, Hilene",1
"Hernandez, Hilene E.",1
"Hernandez-Andrade, Lorena",1
"Hernandez-Fernandez, Antonio",1
"Hernandez-Leo, Davinia and
Jaervelae, Sanna",1
"Hernandez-Marin, Alexander De Jesus",1
"Hernandez-Rizzardini,
Rocael",1
"Hernández-Rodríguez, Felipe",1
"Herranz-Larraneta, Jesus",1
"Hersh, William",1
"Hewis,
Johnathan",1
"Hewis, J.",1
"Heyang, Tuomeiciren",1
"Hidalgo, Carlos G.",1
"Hidayah, Indriana",1
"Hidayatullah, Akmal Nur Alif",1
"Higueras-Rodriguez, Lina",1
"Hijjawi,
Tharwat",1
"Himajyothi, K.",1
"Himmelbauer, Monika",1
"Hinda, Yaroslav",1
"Hinda, Yaroslav
and Thaw, Benjamin",1
"Hireche, Abdelhadi",1
"Hishamuddin, Nur Farissa Hazira",1
"Hitesh, P R",1
"Hmoud, Mohammad",1
"Hnoohom, Narit",1
"Ho, Chee Kit",1
"Ho, Chih-Chung",1
"Ho, Chun-Min
and Liao, Chin-Wen",1
"Ho, Eric Tatt Wei",1
"Ho, G. T. S.",1
"Ho, Marco",1
"Ho, Wei-sho",1
"Hodges, Charles B.",1
"Hodges, Charles B.
and Jandric, Petar",1
"Hodges, Charles b. and
Sharples, Mike",1
"Hoffmann, Carlos Alberto Kalinovski and
Varela, Daniel de Andrade",1
"Hofmann, Grady
and Gomez, David",1
"Hofmann, Hayden",1
"Holden, Michael",1
"Hollander, John",1
"Hollis, Kate Fultz",1
"Holotescu, Carmen",1
"Holzmann, Patrick",1
"Homen, Maja",1
"Honeychurch,
Sarah",1
"Honeychurch, Sarah",1
"Hong, Jang-Eui",1
"Hong, Yvonne",1
"Hongthong, Tew",1
"Honigsberg, Sarah",1
"Hoomanfard, Mohammadhamed",1
"Hopkins, Benjamin S. and
Dallas, Jonathan",1
"Horner, Matthew",1
"Horrer, Anna",1
"Horvat, Damir",1
"Hossain Chowdhury, Moajjem",1
"Hossain, Md Uzir",1
"Hosseini,
Samira",1
"Hosseini, Zahrasadat",1
"Hou, Dan",1
"Hou, Haiwei",1
"Hou, Huei-Tse",1
"Hou, Jie",1
"Hou, Weixia",1
"Hou, Xingsong",1
"Howard, Natalie-Jane",1
"Hrastinski, Stefan",1
"Hrishikesh, Jeeri",1
"Hristov, Georgi",1
"Hsia, Shih-Chang",1
"Hsiao, Allen",1
"Hsieh, Min-Hsiu",1
"Hsieh, Sun-Yuan",1
"Hsu, Victor Wei-Che",1
"Hsu, Yi-Chuan",1
"Hsu, Yu-Chang",1
"Hu, Anshu",1
"Hu, Bin",1
"Hu, Chang-Hui",1
"Hu, Changhui",1
"Hu, Chenfei",1
"Hu, Dianshun",1
"Hu, Hanchun",1
"Hu, Jinyu",1
"Hu, Ke",1
"Hu, Lixin",1
"Hu, Melinda",1
"Hu, Xiangen",1
"Hu, Xiangyun",1
"Hu, Xiao and
Downie, J. Stephen",1
"Hu, Xiaoling",1
"Hu, Xiaoyong",1
"Hu, Xiping",1
"Hu, Xuemin",1
"Hu, Zhenhua",1
"Hu, Zhiwen",1
"Hu, Zhuping",1
"Hua, Feng",1
"Hua, Zheng",1
"Hua, Zixun",1
"Huai, Rouxing",1
"Huang,
Tien-Chi",1
"Huang,
Tinglan",1
"Huang, Biyun",1
"Huang, Bo",1
"Huang, Chao",1
"Huang, Chi-Yu",1
"Huang, Chien-Shan",1
"Huang, Chih-Fang",1
"Huang, Chongwen",1
"Huang, Chun-Hsia",1
"Huang, Cui",1
"Huang, Hua",1
"Huang, Jingxiu",1
"Huang, Jirui",1
"Huang, Jiwu",1
"Huang, Min",1
"Huang, Qian",1
"Huang, Qin-Ru",1
"Huang, Shaonian",1
"Huang, Shiyu",1
"Huang, Sibo",1
"Huang, Siyuan",1
"Huang, Tingyu",1
"Huang, Wanrong",1
"Huang, Wei-Kai",1
"Huang, Wen",1
"Huang, Wendan",1
"Huang, Wenli",1
"Huang, Xiaoshan",1
"Huang, Xinyi",1
"Huang, Xiwei",1
"Huang, Yangpeng",1
"Huang, Yanze",1
"Huang, Yating",1
"Huang, Yi",1
"Huang, Yixiang",1
"Huang, Yixuan",1
"Huang, Yiyang",1
"Huang, Yueh-Min",1
"Huang, Zhengyong",1
"Huang, Zhongjian",1
"Huang, Ziqi",1
"Huda, Shayeb",1
"Hudson, Joseph S.",1
"Huesca, Gilberto",1
"Hugar, Vibha",1
"Huijser, Henk",1
"Hukkeri, Geetabai S",1
"Humber, James",1
"Hummel, Sandra",1
"Hung, Chao-Hsiang",1
"Hung, Jui-Long",1
"Hung, Li-Ling
and Lin, Hui-Ling",1
"Hung, Ling-Shan",1
"Hung, Ya-Ching",1
"Huot, Stephen J.",1
"Huotilainen, Minna
and Koivisto, Jaana-Maija",1
"Hur, Jaesung",1
"Husnain, Ghassan",1
"Hussain, Amir",1
"Hussain, Ihtisham",1
"Hussain, Khalid",1
"Hussain, Manzoor",1
"Hussain, Muzammil",1
"Hussain, Shahid",1
"Hussain, Zakir",1
"Hussein, Aya",1
"Huyan, Ning",1
"Huynh, Luna and
Tuunanen, Tuure",1
"Huynh, Nguyen Duc Khanh",1
"Huynh-Thanh, Tuan",1
"Hwang, Yohan",1
"Iannella, Giannicola",1
"Iatrellis, Omiros",1
"Ibada, Ali Jawad",1
"Ibrahim, Haidi",1
"Ibrahim, Roliana",1
"Ide, Kazuki",1
"Idris, Adi",1
"Ieong, Un-San",1
"Ignat, Andrei-Horia",1
"Illarionova, Svitlana",1
"Illés, Zoltán",1
"Immanuel, Jonathan Hans",1
"Imperial, Joseph Marvin R.",1
"In Kim, Dong",1
"Intayoad, Wacharawan",1
"Iqbal, Javed",1
"Iqbal, Muddesar",1
"Iqbal, Waleed",1
"Irawan, I Made Bayu Hadi",1
"Irshad, Azeem",1
"Irshad, Reyazur Rashid",1
"Irwanto, Irwanto",1
"Irwin, Derek",1
"Isa, Norulhidayah",1
"Ishak, Mohamad Khairi",1
"Ishaq, Waqar",1
"Ishimaru, Shoya",1
"Ishizawa, Tsukasa",1
"Iskender, Ali",1
"Islam Jishan, Rahadul",1
"Islam, Robiul",1
"Islam, Shayla",1
"Islam, Syeda Ramisa",1
"Islamoglu, Hakan and
Bakir-Yalcin, Eda",1
"Ismael,
Sakinah A.",1
"Ismail, Abdul Rashid Hj",1
"Ismail, Emad A. A.",1
"Ismail, Haifaa Bani",1
"Ismail, Maizatul Akmar",1
"Ismail, Mohamed Fadhil Bin Mohamed",1
"Ismail, Zawawi",1
"Ismail, Zool Hilmi",1
"Ismodes-Cascon,
Eduardo",1
"Isola, Miriam",1
Istiqomah,1
"Ito,
Shoichi",1
"Ito, Takayasu",1
"Ito, Yosuke",1
"Ivanov, Ivan",1
"Ivanova, A. S.",1
"Ivanova, Arina S.",1
"Ivanova, Malinka",1
"Ivanović, Martina Dragija",1
"Izani, M",1
"Izquierdo-alvarez, Vanessa",1
"Izquierdo-Alvarez, Vanessa and
Dolcet-Negre, Marta M.",1
"J, Alfred Daniel",1
"J, Janisha",1
"J., Enciso",1
"J., Miranda",1
"Jaber, Ala H.",1
"Jabli, Naif Mohammed",1
"Jaboob, Mohammed",1
"Jackson, Jonathan",1
"Jacobides, Michael G.",1
"Jacome-Ortega, Alexandra Elizabeth",1
"Jadhav, Pramod S.",1
"Jaffar, Mohammad",1
"Jagun, Zainab",1
"Jahani, Masoumeh",1
"Jaikham, Sirita",1
"Jain, Arpit",1
"Jain, Keerthi",1
"Jain, Vijal",1
"Jakovlev, Sergej",1
"Jalali, Mohammad",1
"Jaleesh, Jeeva",1
"JalilPiran, Md.",1
"Jalit, Rugved",1
"Jamal, Aleena",1
"Jamal, Naser",1
"James, Shadarra",1
"James, Trixie",1
"Jamshidi, Alireza",1
"Jamshidi, Mohammad",1
"Jamshidi, Morteza",1
"Jan, Tony",1
"Jane, Emma A.",1
"Jang, Hyewon",1
"Janowski,
Konrad",1
"Janson, Andreas",1
"Janssen, Marijn",1
"Jara, Haslyd Ramos",1
"Jaramillo-Moyano, Edgar",1
"Jarden, Judea J.",1
"Jarvenoja, Hanna",1
"Jaswanth, T.",1
"JAUHIAINEN, Jussi S.",1
"Javed, Iqra",1
"Javliev, Shakhzod",1
"Jawa, Randeep S.",1
"Jayasekera, Dinushe",1
"Jayasinghe, Shan",1
"Jayasuriya, Suren",1
"Jeffries, Pamela R.",1
"Jelin Taric, G",1
"Jemni, Mohamed",1
"Jendoubi, Takoua",1
"Jenks, Andrew",1
"Jennings, Madeleine",1
"Jensen, Lasse X.",1
"Jeong, Geum Hee",1
"Jeong, Seonggyun",1
"Jere, Nobert Rangarirai",1
"Jeremiah, Faith",1
"Jeyaraj, Anand",1
"Jha, Meena",1
"Jha, Saurabh",1
"Ji, Gaoyang",1
"Ji, Wei",1
"Ji, Xu",1
"Ji, Yixin",1
"Ji, Zhaonan",1
"Jia, Baoxiong",1
"Jia, Hao",1
"Jia, Junhao",1
"Jia, Lixia",1
"Jia, Weikuan",1
"Jia, Yingchen",1
"Jia, Zixi",1
"Jiang, Chunlan",1
"Jiang, Dingde",1
"Jiang, Feibo",1
"Jiang, Fenlong",1
"Jiang, Haozhe",1
"Jiang, Jingwen",1
"Jiang, Jun",1
"Jiang, Kui",1
"Jiang, Long",1
"Jiang, Pingjun",1
"Jiang, Rongtao",1
"Jiang, Rundong",1
"Jiang, Runhua",1
"Jiang, Shuo",1
"Jiang, Wenbo",1
"Jiang, Wenhui",1
"Jiang, Xiaoheng",1
"Jiang, Xiaoqin",1
"Jiang, Xiran",1
"Jiang, Xue",1
"Jiang, Yabing",1
"Jiang, Yihan",1
"Jiang, Yingying",1
"Jiang, Yizhang",1
"Jiang, Yongquan",1
"Jiang, Yuming",1
"Jiang, Zehua",1
"Jiao,
Pengcheng",1
"Jiao, Pengcheng",1
"Jiao, Yibo",1
"Jimale, Ali Olow",1
"Jimenez-Preciado, Ana Lorena",1
"Jiménez, Samantha",1
"Jin, Chao",1
"Jin, Daniel",1
"Jin, Fangzhou",1
"Jin, Jiangming",1
"Jin, Yeongbong",1
"Jingwei He, Alex",1
"Jitpattanakul, Anuchit",1
"Jo, Min Hyeong",1
"Jochim, Julia",1
"Jogezai, Nazir",1
"Jogezai, Nazir Ahmed",1
"Johnson, Nicole",1
"Johnson, Richard D.",1
"Johnston, Heather",1
"Jones, Karl",1
"Jones, Martin",1
"Jones, Paul",1
"Jones, Rachel A.",1
"Jong Na, Hyung",1
"Jong, Morris Siu-Yung",1
"Jordan, Olger Huamani",1
"Jorling, Moritz",1
"Jose, Emily Maria K.",1
"Joseph, Jeethu",1
"Joseph, Marina Mathew",1
"Joseph, Shenson",1
"Joshi, Amogh",1
"Joshi, Herat",1
"Joshi, Kapil",1
"Joshi, Rahul",1
"Joshi, Sujata",1
"Joshi, Varad",1
"Jothi S., Sachithanantha",1
"Jotsov, Vladimir",1
"Joubert, Nandi",1
"Jovanovic, Mladan",1
"Jover, Gonzalo",1
"Joya, Musa",1
"Ju, Xiaodong",1
"Juarez, Ruben",1
"Judson, Hannah",1
"Judy, M.V.",1
"Jugoo, Vikash",1
"Jukiewicz, Marcin",1
"Jung, Byungjun",1
"Jung, Soon Ki",1
"Junglas, Iris
and Khorana, Sangeeta",1
"Junio, Dylyn A.",1
"Justinia, Taghreed",1
"Juáres, Erika Cervantes",1
"Juárez-Ramírez, Reyes",1
"Jwair, Amani Abdullah Bin",1
"Jyothika, C.N.",1
"K, Manickaraj",1
"K, Navaprakash",1
"K, Ranganatha",1
"Kabaivanov,
Stanimir",1
"Kabassi, Katerina",1
"Kabata, Daijiro",1
"Kaczmarczyk, Robert",1
"Kadam, Sanjeev",1
"Kadel, Rajan",1
"Kadi, Maria",1
"Kadri, Mohammed",1
"Kaghat, Fatima Zahra",1
"Kahawala, Sachin",1
"Kahn, Peter",1
"Kaibassova, Dinara",1
"Kaimre, Joosep",1
"Kairy, Dahlia",1
"Kaisar, S.",1
"Kaisar, Shahriar
and Subramani, Sudha",1
"Kakde, Vinodkumar",1
"Kalaigian, Maddy",1
"Kalantzis, Mary",1
"Kaleem, Zeeshan",1
"Kalendra, Diane",1
"Kaliisa, Rogers",1
"Kaliisa, Rogers and
Saqr, Mohammed",1
"Kalinskaya, Ekaterina",1
"Kaluri, Rajesh and
Rajput, Dharmendra Singh",1
"Kalyani, A. Naga",1
"Kalyaniwala, Carmenne and
Schires, Marc",1
"Kalyatin, V. O.",1
"Kamal, Syed Ali",1
"Kamali, Jaber",1
"Kamata, Sei-Ichiro",1
"Kamath, Radhika",1
"Kamel Boulos, Maged
N.",1
"Kamelski, Tobias",1
"Kammies, C.",1
"Kamruzzaman, M M",1
"Kamudyariwa, Xebiso Blessing",1
"Kanaparthy, Naga S.",1
"Kanev, Gabriel",1
"Kang, Bongsoo",1
"Kang, Jiayin",1
"Kang, Wei",1
"Kangwa, Daniel",1
"Kao, Wen-Chung",1
"Kapse, Leena",1
"Kapur, P. K.",1
"Kar, Arpan Kumar",1
"Kara, Mehmet",1
"Karadağ, Ayyüce Aydemir",1
"Karadeniz, Abdulkadir",1
"Karahoda, Bertan",1
"Karakas, Alice and
White, Steven",1
"Karal, Yasemin",1
"Karam, Mark",1
"Karamizadeh, Sasan",1
"Karnalim, Oscar",1
"Karns, Allen",1
"Karpenko, Andrii",1
"Karpenko, O. I. and
Salihov, D. P.",1
"Karram, Omar
and Daher, Wajeeh",1
"Kasadha, Juma",1
"Kasai, Hajime",1
"Kasaii, Marzie Sadat",1
"Kasapovic, Adnan",1
"Kasare, Aarya",1
"Kashihara, Shigeru",1
"Kastania,
Nikoleta Polyxeni",1
"Kasu, Venugopala Reddy",1
"Katarci, Selin",1
"Katebzadeh, Shahbaz",1
"Katsamakas, Evangelos",1
"Katz, James E.",1
"Kauppinen, Antti",1
"Kaur, Anureet",1
"Kaur, Arashdeep",1
"Kaur, Tejinder",1
"Kauschinger, Elaine D.",1
"Kavadella, Argyro",1
"Kavuran,
Esin",1
"Kawakami, Chihiro",1
"Kawakami, Eiryo",1
"Kaya, Deniz",1
"Kayalvili, S.",1
"Kazanidis, Ioannis",1
"Kazar, Okba",1
"Kazley, Abby Swanson",1
"Ke Du, Xing",1
"Kellam, Nadia",1
"Kelley, Michelle",1
"Kerrigan, Paraic",1
"Keshwani, Savita Nanakram",1
"Kessel, Pan",1
"Kessler, Matt",1
"Kevin, Kativu",1
"Kewalramani, Divya",1
"Khaing, Nu Yin",1
"Khaire, Sneha Arjun",1
"Khalaily, Awham",1
"Khalid, Jamshed",1
"Khan, Abdul Hafeez",1
"Khan, Faiza Babar",1
"Khan, Farrukh Aslam",1
"Khan, Ijaz",1
"Khan, M. Laeeq",1
"Khan, Mansoor",1
"Khan, Muhammad Asghar",1
"Khan, Muhammad Ijaz",1
"Khan, Salabat",1
"Khan, Zakir",1
"Khanaa, V.",1
"Khanan, Akbar",1
"Khapekar, Amit",1
"Khapre, Aman",1
"Kharat, Mukesh",1
"Khawaja, Khalid",1
"Kheterpal, Myra",1
"Khilji,
Gulab",1
"Khlaif, Zuheir",1
"Khodadadi, Touraj",1
"Khomyakov, Michael and
Rosienkiewicz, Maria",1
"Khor, See Yee",1
"Khribi, Mohamed Koutheair",1
"Khristodulo, O. I.",1
"Khuat, Huy Q.",1
"Khumprom, Phattara",1
"Khwakhali, Ushik Shrestha",1
"Kiani, Sarah",1
"Kilinc, Oner",1
"Kim, Changshik",1
"Kim, Daemin",1
"Kim, Duck-Woo
and Kang, Sung-Bum",1
"Kim, Han-joon",1
"Kim, Hyejin",1
"Kim, Idam",1
"Kim, Jee Hyun",1
"Kim, Jeongsoo",1
"Kim, Ji-Hoon",1
"Kim, Jin A.",1
"Kim, Jiwon",1
"Kim, Jiyoung",1
"Kim, Junghwan",1
"Kim, Ki Su",1
"Kim, Min-Jun",1
"Kim, Sang Tae",1
"Kim, Sungyoung",1
"Kim, Tae Ho",1
"Kim, Taylor",1
"Kim, Yaebin",1
"Kim, Yeon Kyu",1
"Kimura, Yasuhiko and
Tsukamoto, Tomoko",1
"Kin, Cheng
Wing",1
"Kinahan, Paul E.",1
"King, Irwin
and Wong, Savio",1
"KINOSHITA, Fumiya",1
"Kinshuk, Sonsoles",1
"Kir, Seyda",1
"Kiran, Ramadugu Sai",1
"Kiranda, Hanan Karimah",1
"Kiryushina, Margarita and
Platonova, Daria",1
"Kise, Koichi",1
"Kissau, Scott",1
"Kitabayashi, Shota",1
"Kittur, Javeed",1
"Kituku, Benson",1
"Kizilates, Sezer",1
"Kizildag, Murat",1
"Klein-Rodriguez,
Alejandro",1
"Klimeš, Cyril",1
"Klisarova-Belcheva, Stanislava and
Dimitrov, Angel",1
"Klopfer, Michelle",1
"Klymash, Mykhailo",1
"Knoth, Nils",1
"Knuppel, Maria Aparecida Crissi",1
"Ko, Bonggyun",1
"Ko, Eun Jeong",1
"Ko, Yu-yuan",1
"Kobets, Vitaliy V.
and Valko, Nataliia V.",1
"Koc, Sara",1
"Kodikal, Rashmi",1
"Kodmalwar, Pratik",1
"Kodumuri,
Preetham",1
"Koenen, Jenna and
Erduran, Sibel",1
"Koh, Elizabeth",1
"Kohen-Vacs, Dan",1
"Kok, Chiang Liang",1
"Kokkalis,
Panagiotis",1
"Kokkinos, Konstantinos",1
"Kolumbayeva, Sholpan",1
"Komaclo, Emmanuelle",1
"Kompella, Ramana",1
"Kondrashev,
V, Sergey",1
"Koo, Tebbin",1
"Koohang, Alex",1
"Koontz, Megan",1
"Kopcha, Theodore J.",1
"Koro, Mirka",1
"Koroleva, Diana",1
"Kosmopoulou, Ioanna",1
"Kostas, Apostolos",1
"Kot, Alex",1
"Kothari, Dhruval Kenal",1
"Kotlárová, Dominika",1
"Kou, Feifei",1
"Kou, Hanbing",1
"Kou, Rong",1
"Koul, Surabhi",1
"Koutropoulos,
Apostolos",1
"Koutropoulos, Apostolos",1
"Kovacheva, Aleksandra",1
"Kow, Alfred
Wei Chieh",1
"Kow, Jason Fok",1
"Kozan, Kadir",1
"Kozhanov, Murat",1
"Koziorek, Jiri",1
"Krabbe,
Hanif",1
"Krabbe, Julia",1
"Krajči, Stanislav",1
"Kralova, Maria",1
"Krasteva, Neviana",1
"Kraus, Sascha",1
"Kraus, Thomas",1
"Krishnamoorthy, Durga",1
"Krishnan, Sidharth",1
"Krouska, Akrivi",1
"Krouska, Akrivi and
Mylonas, Phivos",1
"Krueger, Ralph",1
"Kruger, Donnavan",1
"Kruglova, Larisa",1
"Kuang, Zihao",1
"Kubota, Naoyuki",1
"Kudabekov, Medet",1
"Kudryavtsev, Aleksei A.",1
"Kujala, Jaakko",1
"Kukuljan, D.",1
"Kulaksiz,
Taibe",1
"Kulwa, Frank",1
"Kumar Bairwa, Amit",1
"Kumar Gantayat, Pradosh",1
"Kumar Kar, Mithun",1
"Kumar Ramamoorthy, Arun",1
"Kumar, Akhil",1
"Kumar, Alok",1
"Kumar, Amit",1
"Kumar, Anoop",1
"Kumar, Anu G.",1
"Kumar, Anup",1
"Kumar, Biresh",1
"Kumar, Ganesh",1
"Kumar, Narendra",1
"Kumar, Parveen",1
"Kumar, Praveen",1
"Kumar, Preetham",1
"Kumar, Rohit Prem",1
"Kumar, Satish",1
"Kumar, Senthil",1
"Kumar, Sujith",1
"Kumar, Sushant",1
"Kumar, Swapna",1
"Kumar, Vinesh",1
"Kumar, Visesh",1
"Kumari, Sabnam",1
"Kumari, Shreya",1
"Kumari, Suman",1
"Kuna, Siva Sarana",1
"Kuo,
Cathleen C.",1
"Kuo, Ping-Huan",1
"Kurashkin, Sergei",1
"Kurniawan, Sandy",1
"Kurtz, Gila",1
"Kusci, Ismail",1
"Kushwaha, Bijay Prasad
and Das, Madhumita",1
"Kutty, S.",1
"Kwarteng,
Joseph",1
"Kwon, Ki-Ryong",1
"Kwon, Seong-Geun",1
"Kwon, Young-Woo",1
"Kóczy, László T.",1
"L, Gururaj H",1
"Laato, Samuli",1
"Labib, Wafa",1
"Lachheb, Ahmed",1
"Ladeira, Wagner Junior",1
"Laflamme, Andreane Sabourin",1
"Lai, Chiu-Lin",1
"Lai, Edmund M-K",1
"Lai, I-Ju",1
"Lai, Jasmine",1
"Lai, Jennifer W. M.",1
"Lai, Joel Weijia",1
"Lai, Liangni",1
"Lai, Sichen",1
"Lai, Xianghui",1
"Lai, Xiaoyun",1
"Lai, Yaoxin",1
"Lai, Zhihui",1
"Laishram, Lamyanba",1
"Lakhani, Farha",1
"Lakshmanna, Kuruva",1
"Lakshmi Gudivaka, Rajya",1
"Lakshmi, L.",1
"Laksov, Klara
Bolander",1
"Lalbakhsh, Ali",1
"Lalbakhsh, Pedram",1
"Lam, Kyle",1
"Lamb, John",1
"Lambie, Glenn W. and
Cabrera, Karina S.",1
"Lammasniemi, Laura",1
"Lampela, Hannele",1
"Lampropoulos, Georgios and
Huang, Ronghuai",1
"Lan, Guipeng",1
"Lan, Guoshuai",1
"Lan, Haoyong",1
"Lan, Jingjing",1
"Lan, Lan",1
"Lan, Xiang",1
"Lan, Xin",1
"Landes, Dieter",1
"Langote, Meher",1
"Lanoue, Marianna D.",1
"Lap, Trinh Quoc",1
"Lappas, Georgios",1
"Lapshun, Alexander L.",1
"Lara, Melvin A.",1
"Lara-Navarra, Pablo",1
"Lara-Steidel, Henry",1
"Larsen, Kai R. and
Latreille, Paul",1
"Latif, Kamran",1
"Lau, Kim",1
"Laubepin, Frederique A.",1
"Laumer, Sven",1
"Laupichler, Matthias Carl",1
"Lavis, Tiffany",1
"Lazarte-Aguirre, Andrea",1
"Lazcano, Christian",1
"Lazzeretti, Riccardo",1
"Le Bouquin Jeannes, Regine",1
"Le, Hoanh-Su",1
"Le, John",1
"Le, Tung",1
"Le, Xinyi",1
"Leahy, Keelin",1
"Lecchini-Visintini, Andrea",1
"Lechien,
Jerome R.",1
"Lee,
Ernesto",1
"Lee,
Woojin",1
"Lee, Alwyn Vwen Yen",1
"Lee, Benjamin",1
"Lee, Chang-Shing",1
"Lee, D.",1
"Lee, Deanna Wai Ching and
Low, Siew Ching",1
"Lee, Geumgu",1
"Lee, Gyeong-Geon",1
"Lee, Gyeonggeon",1
"Lee, Hyeon-Ju",1
"Lee, Jang Ho",1
"Lee, Jenny Tung Hiong",1
"Lee, Joanne",1
"Lee, Johee",1
"Lee, John S. Y.",1
"Lee, Jong Taek",1
"Lee, Kang-Eun",1
"Lee, Kyungmee and
Costello, Eamon",1
"Lee, Liang-Hsuan",1
"Lee, Min",1
"Lee, Minwoo",1
"Lee, Nayoung",1
"Lee, Patrick",1
"Lee, Sang-Hoon",1
"Lee, Sangjin",1
"Lee, Seo-Young",1
"Lee, Seong-Whan",1
"Lee, Sophia Soomin",1
"Lee, Suk-Hwan",1
"Lee, Tae Bok",1
"Lee, Tae Kyung",1
"Lee, Tae-Gyun",1
"Lee, Tseng-Pin",1
"Lee, Yi-Fang",1
"Lee, Youngho",1
"Lee, Yu-Jin",1
"Lee, Yuan-Hsuan",1
"Legarreta, Andrew D.",1
"Lei, Yue",1
"Lei, Zhenyu",1
"Lei, Zhiyong",1
"Leimeister, Jan
Marco",1
"Leite, Higor",1
"Leke, Collins A.",1
"Lekkas, Dimitra and
Palmer, Edward",1
"Lemes Proença, Mario",1
"Lenart, Regina",1
"Leng,
Jing",1
"Leni, A Ezil Sam",1
"Lenus, C. Reeda",1
"Lenz-Kesekamp, Vera Kristina",1
"Leon-Chimbolema, Jose",1
"Lepage, Alexandre",1
"Lepp, Marina",1
"Lerttiendamrong, Bhoowit and
Shotelersuk, Varote",1
"Lestari, Made Irma",1
"Letaief, Khaled Ben",1
"Leung, I, Tiffany",1
"Leung, Javier",1
"Levin, Ilya",1
"Lewis, Jovita Relasha",1
"Lewis, S.",1
"Li, Angze",1
"Li, Ao",1
"Li, Beibei",1
"Li, Belle",1
"Li, Bo",1
"Li, Cheng-Tai",1
"Li, Chengyuan",1
"Li, Cuixin",1
"Li, Dahui",1
"Li, Dalin",1
"Li, Dantong",1
"Li, Dong",1
"Li, Fanbo",1
"Li, Fangyu",1
"Li, Fei",1
"Li, Feifei",1
"Li, Feng",1
"Li, Gang",1
"Li, Guangyu",1
"Li, Guanyu",1
"Li, Guian",1
"Li, Guohe",1
"Li, Guowen",1
"Li, Haisheng",1
"Li, Han",1
"Li, Hanhui",1
"Li, Hanlin",1
"Li, Hao-Jun",1
"Li, Haodong
and Ren, Yaxuan",1
"Li, Hongda",1
"Li, Honglin",1
"Li, Jiahuan",1
"Li, Jiajing",1
"Li, Jiajun",1
"Li, Jianan",1
"Li, Jianzhao",1
"Li, Jiarui",1
"Li, Jiayi",1
"Li, Jiayuan",1
"Li, Jie",1
"Li, Jielu",1
"Li, Jin",1
"Li, Jingjie",1
"Li, Jingxiong",1
"Li, Jingyi",1
"Li, Juan",1
"Li, Jun",1
"Li, Kailiang",1
"Li, Kangkang",1
"Li, Kexin",1
"Li, Liangqing",1
"Li, Liangya",1
"Li, Licheng",1
"Li, Lijiang",1
"Li, Linfeng",1
"Li, Lingbing",1
"Li, Linhao",1
"Li, Lixiang",1
"Li, Lou",1
"Li, Lu",1
"Li, Manjia",1
"Li, Manli",1
"Li, Mei-Ran",1
"Li, Mengying",1
"Li, Ming",1
"Li, Nuoen",1
"Li, Panke",1
"Li, Peipei",1
"Li, Puhao",1
"Li, Qiankun",1
"Li, Qingjun",1
"Li, Qingyong",1
"Li, Qinwei",1
"Li, Qishen",1
"Li, Qiufeng",1
"Li, Shanshan",1
"Li, Shaojie",1
"Li, Shen",1
"Li, Shengrong",1
"Li, Shutao",1
"Li, Sigan",1
"Li, Sihui",1
"Li, Sijia",1
"Li, Siran",1
"Li, Siyao",1
"Li, Suhong",1
"Li, Suqi",1
"Li, Tenghui",1
"Li, Tianrui",1
"Li, Tianxiang",1
"Li, Tongde",1
"Li, Weijia",1
"Li, Wen",1
"Li, Wenhao",1
"Li, Wenmin",1
"Li, Wenqing",1
"Li, Xiang",1
"Li, Xiao",1
"Li, Xiaocan",1
"Li, Xiaofei",1
"Li, Xiaohui",1
"Li, Xiaojun",1
"Li, Xiaolan",1
"Li, Xiaoying",1
"Li, Xin",1
"Li, Xingang",1
"Li, Xingchen",1
"Li, Xingjiao",1
"Li, Xinting",1
"Li, Xue Jun",1
"Li, Yanda",1
"Li, Yang",1
"Li, Yangxi",1
"Li, Yaopeng",1
"Li, Yi",1
"Li, Yingjie",1
"Li, Yishan",1
"Li, Yongbin",1
"Li, Yu",1
"Li, Yu Ming",1
"Li, Yuanyuan",1
"Li, Yule",1
"Li, Yunan",1
"Li, Yunlong",1
"Li, Yunsong",1
"Li, Ze",1
"Li, Zhiyuan",1
"Li, Zixi",1
"Li, Zonghang",1
"Lian, Denise Koh Choon",1
"Liang, Chuang",1
"Liang, Congxiao",1
"Liang, Echo Shang",1
"Liang, Feng",1
"Liang, Haixia",1
"Liang, Haiying",1
"Liang, Jiadong",1
"Liang, Jingjing",1
"Liang, Na",1
"Liang, Nan",1
"Liang, Qiaokang",1
"Liang, Shangsong",1
"Liang, Tengfei",1
"Liang, Xiaoyu",1
"Liang, Xinxian and
Chen, Ruiqing",1
"Liang, Yin",1
"Liang, Yingyi",1
"Liang, Yo-Wen",1
"Liang, Zhou",1
"Liao, Chin-wen",1
"Liao, Jian",1
"Liao, Li-Ling",1
"Liao, Qi",1
"Liao, Qingke",1
"Liao, Shengcai",1
"Liao, Yu-Cheng",1
"Licen, Sabina",1
"Liebregts, Ryan",1
"Liepina,
Kristine",1
"Lighter, Taylor",1
"Ligña, Viviana Galarza",1
"Likhitha, Gonuguntla",1
"Lim, Cher Ping",1
"Lim, Claudia",1
"Lim, Joanne Mun-Yee",1
"Lim, Junwei Vincent",1
"Lim, Sangguk",1
"Lim, Weilee
and Cherukuri, Aswani Kumar",1
"Lin Zeng, Man",1
"Lin, Chin-Hsi",1
"Lin, Chun-Han",1
"Lin, Dahua",1
"Lin, En-shiuh",1
"Lin, Guan Ning",1
"Lin, Guojun",1
"Lin, Hao-Yang",1
"Lin, Jiacheng",1
"Lin, Jiadong",1
"Lin, Jiale",1
"Lin, Jiani",1
"Lin, Jie",1
"Lin, Jing",1
"Lin, Jingjing",1
"Lin, Jingqi",1
"Lin, Jinyi",1
"Lin, Jionghao",1
"Lin, Kai",1
"Lin, Leo S. F.",1
"Lin, Limei",1
"Lin, Michael Pin-Chuan",1
"Lin, Mingbao",1
"Lin, Nan",1
"Lin, Tong",1
"Lin, Tzung Jin",1
"Lin, Weisi",1
"Lin, Xiao-fan",1
"Lin, Yi-Jun",1
"Lin, Yijing",1
"Lin, Yiming",1
"Lin, Yuhang",1
"Lin, Zeyu",1
"Lin, Zhangyan",1
"Lin, Zhicheng",1
"Lin, Zhijian",1
"Linares, Byron",1
"Lincoski, Austin",1
"Lindsay, Euan",1
"Line, Nathana",1
"Ling, Shuzhen",1
"Lingesh, B.",1
"Lira, La",1
"Lira, Yakamury",1
"Liu,
Xiaoxiao",1
"Liu, Ang",1
"Liu, Anmin",1
"Liu, Binglin",1
"Liu, Bowen",1
"Liu, Chen-Chen",1
"Liu, Chengxin",1
"Liu, Chun",1
"Liu, Chuying",1
"Liu, Eric Zhi-Feng",1
"Liu, Fangxue",1
"Liu, Feng",1
"Liu, Gaowen",1
"Liu, Guangyuan",1
"Liu, Guoning",1
"Liu, Hai",1
"Liu, Haiqiang",1
"Liu, Haoyang",1
"Liu, Hexu",1
"Liu, Hongyan",1
"Liu, Huan",1
"Liu, Huizheng",1
"Liu, Ji'an",1
"Liu, Jiachun",1
"Liu, Jiahao",1
"Liu, Jiangyue",1
"Liu, Jiaqi",1
"Liu, Jiefeng",1
"Liu, Jihong",1
"Liu, Jin",1
"Liu, Jingyi",1
"Liu, Jinyang",1
"Liu, Jixin",1
"Liu, Juhong Christie",1
"Liu, Lei",1
"Liu, Li-Hua",1
"Liu, Liang",1
"Liu, Lirong",1
"Liu, Lu",1
"Liu, Lulu",1
"Liu, Mengjie",1
"Liu, Mengqi",1
"Liu, Peng",1
"Liu, Qian",1
"Liu, Qianjun",1
"Liu, Qiegen",1
"Liu, Qin",1
"Liu, Qing",1
"Liu, Qiwen",1
"Liu, Qiyu",1
"Liu, Ruixia",1
"Liu, Sanya",1
"Liu, Shaobo",1
"Liu, Shengjun and
Yang, Yingying",1
"Liu, Shuang",1
"Liu, Shuangrong",1
"Liu, ShuChang",1
"Liu, Siqi",1
"Liu, Tengyu",1
"Liu, Tongliang",1
"Liu, Wei",1
"Liu, Weijiang",1
"Liu, Weitong",1
"Liu, Wenyue",1
"Liu, Wu",1
"Liu, Xia",1
"Liu, Xianbei",1
"Liu, Xiaobo",1
"Liu, Xiaohong",1
"Liu, Xinhui",1
"Liu, Xinxin",1
"Liu, Xinyu",1
"Liu, Xuerui",1
"Liu, Ya",1
"Liu, Yali",1
"Liu, Yanan",1
"Liu, Yang",1
"Liu, Yanheng",1
"Liu, Yanhua",1
"Liu, Yaxue",1
"Liu, Ye",1
"Liu, Yi",1
"Liu, Yi-Lin Elim",1
"Liu, Yichen",1
"Liu, Yici",1
"Liu, Yijia",1
"Liu, Yinsheng",1
"Liu, Yonggui",1
"Liu, Yuanling",1
"Liu, Yuanwei",1
"Liu, Yufei",1
"Liu, Yuhan",1
"Liu, Yunjie",1
"Liu, Yuxin",1
"Liu, Zeyu",1
"Liu, Zhang",1
"Liu, Zhi",1
"Liu, Zhonghua",1
"Liu, Zifeng",1
"Liu, Zih-Syuan",1
"Liu, Zile",1
"Liu, Ziwei",1
"Liyanage, Pasindu",1
"Lizdenis, Dovydas",1
"Llamas-Nistal, Martín",1
"Llerena-Aguirre, Leonel",1
"Llewellyn, Sarah",1
"Llorens-Largo,
Faraon",1
"Lloret, Jaime",1
"Lodge, Jason",1
"Lojo, Nelson",1
"Lokeswar, Repalle",1
"Lombardi, Philip",1
"Long, Jinyu",1
"Long, Yun",1
"Looi, Lai-Meng",1
"Loper, A. Jane",1
"Lopez-Alvarez, Carlos Alberto",1
"Lopez-Galisteo, Antonio Julio",1
"Lopez-Pernas,
Sonsoles",1
"Lopez-Pernas, Sonsoles",1
"Lopez-Vasco, Flavio Eduardo",1
"Lopezosa, Carlos",1
"Losonczy, Attila",1
"Lou, Jiong",1
"Louca, Loucas",1
"Lough, Tom",1
"Louis Coatrieux, Jean",1
"Louis, Peter",1
"Lourdes
Garro-Aburto, Luzmila",1
"Louvrier,
Manon",1
"Low, Mei Peng",1
"Lowell, Victoria",1
"Lowry, Brandon",1
"Lowry, Presly F. and
Hosey, Lisa K.",1
"Loyd, Jenna M.",1
"Lu, Binchun",1
"Lu, C.G.",1
"Lu, Hui",1
"Lu, Ji",1
"Lu, Jiachao",1
"Lu, Joan",1
"Lu, Qiang",1
"Lu, Qinghua",1
"Lu, Shijian",1
"Lu, Sifang",1
"Lu, Wei",1
"Lu, Wu",1
"Lu, Xiaoshan",1
"Lu, Xiaoxia",1
"Lu, Yang",1
"Lu, Yu-Ling",1
"Lu, Yuqin",1
"Lu, Yuwu",1
"Lu, Yuxi",1
"Lu, Zhaolin",1
"Lubbe, Anitia",1
"Lucena-Rodriguez, Carmen",1
"Luckett, Kathy",1
"Luckin, Rosemary",1
"Lugo, Nohemi",1
"Luhach, Suman",1
"Lui, Richard Wing Cheung",1
"Lukasiewicz-Wieleba, Joanna",1
"Lukhmanov, Yevgeniy",1
"Lun, Wong Wei",1
"Lund, Brady D.",1
"Luntovskyy, Andriy",1
"Luo, Haonan",1
"Luo, Jinwen",1
"Luo, Jiutong",1
"Luo, Liling",1
"Luo, Limin",1
"Luo, Ma",1
"Luo, Min",1
"Luo, Mingxin",1
"Luo, Qianjun",1
"Luo, Qinxuan",1
"Luo, Shaobo",1
"Luo, Shouhua",1
"Luo, Shouxi",1
"Luo, Siqi",1
"Luo, Wen-jun",1
"Luo, Xiaoqing",1
"Luo, Xin",1
"Luo, Xufei",1
"Luo, Yangyang",1
"Luo, Zhiheng",1
"Lurie, Lilach",1
"Lurie, Lilach
and Cholcman, Tamar",1
"Lutskovskai, Larisa Yu.",1
"Luzin, Alexey",1
"Lv, Jingguo",1
"Lv, Shengnan",1
"Lv, Xiao-Yang",1
"Lv, Yong",1
"Lwembawo, Ibrahim",1
"Lwin, Chit Htay",1
"Lynch, Andrea",1
"Lynch, Erin",1
"Lyu, Guanru",1
"Lyu, Meng Meng and
Levett-Jones, Tracy",1
"Lyu, Siyuan",1
"López, Juan M. Espín",1
"López, Omar Olmos",1
"López-Pernas, Sonsoles",1
"M S, Lisa Bojamma",1
"M, Ashiq V.",1
"M, Dakshayani",1
"M, Kabilan",1
"M, Mohanapriya",1
"M, Swathi Pai",1
"M., Maraboto J.",1
"Ma, Chao",1
"Ma, Chunjie",1
"Ma, Huadong",1
"Ma, Jialong",1
"Ma, Jiarui",1
"Ma, Kun",1
"Ma, Lianbo",1
"Ma, Ling",1
"Ma, Mengru",1
"Ma, Peixuan",1
"Ma, Qianli",1
"Ma, Rui",1
"Ma, Shiming",1
"Ma, Weiwei",1
"Ma, Xiangcheng",1
"Ma, Xiaomin",1
"Ma, Xu",1
"Ma, Yanchun",1
"Ma, Yuxi",1
"Ma, Zhiyuan",1
"Ma, Zhuoqi",1
"Mabona, Anele",1
"Mac, Son",1
"Machado, Ariel Philippi",1
"Machová, Kristína",1
"Mack, William J.",1
"Mackay, James
and Danidou, Yianna",1
"Mackay, Laci O. and
Foradori, Chad D.",1
"Mackay, Sean",1
"Macleod, Morgan",1
"Macvaugh, Jason",1
"Madhavan C, Hari",1
"Madhukar Rao, G.",1
"Madhuri, D. Krishna",1
"Madsen,
Dag Oivind",1
"Maerz, Maren",1
"Mago, S.",1
"Magombe, Yasin",1
"Magrill, Barry",1
"Magrill, Jamie",1
"Mahalle, Amruta",1
"Mahdy, Abeer
Yahia",1
"Maher, Mary Lou",1
"Maheshwari, Greeni",1
"Maheswaran, S",1
"Maheta, Dhaval",1
"Mahlaola, T. B. and
Mokoena, L.",1
"Mahmood, Faisal",1
"Mahmood, Jamilah",1
"Mahmoud, Hatem",1
"Mahmud,
Imran",1
"Mahrishi, Mehul",1
"Mahto, Mala",1
"Mai, Duong Thi Thuy",1
"Mai, Tianle",1
"Mai, Weijian",1
"Maia, Zarnadze",1
"Majhi, Madhusmita",1
"Makino, Kohei",1
"Makransky, Guido",1
"Maksymyuk, Taras",1
"Malashin, Ivan",1
"Malashin, Ivan P.",1
"Malchykova, Daria S.",1
"Maldonado-Nunez, Pedro E.",1
"Maleho, Lazarus",1
"Malek, Zahra",1
"Malenica, Marko",1
"Malik, Aqdas",1
"Malik, F. Tegwen",1
"Malik, Fakhar
Hussain",1
"Malik, Sohail Iqbal",1
"Malik, Tegwen",1
"Mambetakunov, Esenbek",1
"Mamun, Md Abdullah Al",1
"Mamunur, Rashid Md",1
"Man Ho, Sin",1
"Mandar, P",1
"Mane, Abhijit M.",1
"Mane, Suresh D.",1
"Mangalagiri, Jayalakshmi",1
"Mangmang, Geraldine B.",1
"Mani, Ganesh",1
"Maniaci, Antonino",1
"Manikandan, T.",1
"Mannuru, Nishith Reddy",1
"Manoj, R.",1
"Manongga, Danny",1
"Manousou, Evangelia",1
"Manrique Molina, Luisa Fernanda",1
"Manrique-Losada, Bell",1
"Mansor, Zulkefli",1
"Mansukhani, Kumar",1
"Manurung, Putri E.",1
"Mao, Jin",1
"Mao, Shasha",1
"Mao, Weilong",1
"Mao, Xu",1
"Maphoto, Kgabo
Bridget",1
"Marais, Elma",1
"Maratov, Zhanbolat",1
"Marchese, Charles",1
"Marchesini, Maurizio and
Piraccini, Emanuele",1
"Marcinkevage, Carrie",1
"Mardani, Abbas
and Mariani, Marcello",1
"Marengo, Agostino",1
"Marghescu, Cristina",1
"Margottini, Massimo",1
"Marin, Victoria I.",1
"Mariyono, Dwi",1
"Markham, Reuben P.",1
"Marquez-Carpintero, Luis",1
"Marr, Liz",1
"Martin, Colin A.",1
"Martin-Guart, Ramon",1
"Martinez, Cesar Munoz",1
"Martinez-Abad, Fernando",1
"Martinez-Tovar, Julio",1
"Martins Ferreira, José Manuel",1
"Martins, Chrissy",1
"Martín-Gómez, Sebastián",1
"Marulanda, Camilo",1
"Marvez, G.
R.",1
Marvin,1
"Mary Mariyal, P",1
"Marzougui, Mehrez",1
"Masalimova, Alfiya R.",1
"Mascia, Maria
Lidia",1
"Mashankar, Amol",1
"Mashburn, Patricia",1
"Mashrafi, Md. Jisan",1
"Mashudi, Nurul Amirah",1
"Masich, Igor",1
"Mateen, Azfar",1
"Mateus, Julio-Cesar",1
"Mathew, Rita",1
"Mathur, Mihir",1
"Matobobo, Courage",1
"Matos, Frances",1
"Matsiola, Maria",1
"MATSUURA, Yasuyuki",1
"Mattar, Ihsan",1
"Matthews, Joshua",1
"Matthews, K. E.",1
"Matthews, Kelly E.",1
"Mattiello, Diana",1
"Mattiello, Hamid",1
"Mauermeister, Sylvi",1
"Maurya, Jay Prakash",1
"Mavrenko, Tatjana",1
"Mavrikis, Manolis",1
Mayank,1
"Maybank, Stephen",1
"Mayekar, Onkar",1
"Mayo-Yanez, Miguel",1
"Mayrose, Hilda",1
"Mays, Kate",1
"Maza-Solano, Juan and
Saibene, Alberto M.",1
"Mazel, Norah",1
"Mazher, Noman",1
"Mazzi-Chaves, Jardel Franciso and
Magri, Lais Valencise",1
"McCarthy, Kathryn S. and
McNamara, Danielle S.",1
"McDermott,
Brenda",1
"McDermott, Roger",1
"McDonald, Nora",1
"McGaughran, James",1
"Mcginley, Sean",1
"McGivern, Paul",1
"McGough, Andrew Stephen",1
"McGowan, Aidan",1
"McGrath, Samantha",1
"Mcgrew, Hannah",1
"McGuinnes, Claire",1
"McKay,
Michael",1
"McLaughlin, Daniel Peter",1
"McMahan, Larry",1
"McMillian-Bohler, Jacquelyn M.",1
"Meakin, Lynsey",1
"Medina Merodio, Jose Amelio",1
"Medina-Garcia,
Marta",1
"Meftah, Leila Haj",1
"Mehdian, Noosha",1
"Mehmood, Arif",1
"Mehndiratta, Vandana",1
"Mehrotra, Tushar",1
"Meinlschmidt, Gunther",1
"Meisz, Gracyn C.",1
"Mejuto-Torreiro, Lara",1
"Mekonnen, Geberew Tulu",1
"Melchior, Melissa De Oliveira",1
"Melnick, Edward R. and
Levy, Deborah R.",1
"Melo,
Paulo Marcio Silva",1
"Memari, Majid",1
"Menaka, D.",1
"Mendonca, Jorge M.P.",1
"Mendonça, Jorge M.P.",1
"Meng, Han",1
"Meng, Helen",1
"Meng, Shijun",1
"Meng, Xianchuan",1
"Meng, Xiao-Pei",1
"Meng, Yifan",1
"Mengov, George",1
"Mengting, Pan",1
"Menon, Sumeet",1
"Mercullo, Harriette Mae A.",1
"Merhej Sayegh, May",1
"Merino-Soto, César",1
"Mersin, Nazan",1
"Meshoul, Souham",1
"Mesquita, Anabela",1
"Mhiri, Hédia Sellami",1
"Mi, Chunqiao",1
"Mi, Liangyu",1
"Mi, Peng",1
"Miao He, Wei",1
"Miao, Haifei",1
"Miao, Lizhi",1
"Miao, Long",1
"Miao, Qiguang",1
"Miari, Tahereh",1
"Michael, Katina",1
"Michel, Justin",1
"Michel-Villarreal, Rosario",1
"Michelot, Florent",1
"Mielkov, Yurii",1
"Mihailescu, Bogdan",1
"Mihelich,
Karen",1
"Mijwil, Maad
M.",1
"Miki,
Yukio",1
"Mikic-Fonte, Fernando-Ariel",1
"Miklohoun, Sylvain",1
"Mikroyannidis, Alexander",1
"Miles, Rob",1
"Milkovic, Marin",1
"Millan, Ivan Condori",1
"Miller, Robin Elizabeth",1
"Mills, Laura",1
"Milner, Patricia",1
"Min, Yuandong",1
"Minett, G. M.",1
"Minyar-Beloruchev, Konstantin",1
"Mirabal, Luis Fernando Morán",1
"Miranda, F. J.",1
"Miranda, F. Javier",1
"Miranda, John Paul",1
"Miranda, John Paul P.",1
"Mirmozafari, Mirhamed",1
"Miron, Jennie",1
"Mishra, Sushruta",1
"Mitchell, Alanah",1
"Mitha, Sara Bibi",1
"Mithas, Sunil",1
"Mitre, Xhulio",1
"Mittal, Uday",1
"Mitwally,
Mohamed A. A.",1
"Mitwally, Mohamed",1
"Miwa, Makoto",1
"Mjlae, Salameh A.",1
"Mladenova, Tsvetelina",1
"Mo, Xiaolan",1
"Modiba, F. S.",1
"Mody, Makarand",1
"Mogaji, Emmanuel",1
"Mohale, Ntshimane Elphas",1
"Mohamadzade, Bahare",1
"Mohamed,
Ghulam Masudh",1
"Mohamed, Abdul Hakim H. M.",1
"Mohamed, Hasiah",1
"Mohammad, Daher",1
"Mohammed, Awwad Ahmed",1
"Mohammed, Fathey",1
"Mohammed, Saad",1
"Mohanty, Sasmita",1
"Mohd Noor, Mohd Halim",1
"Mohd Noor, Norliza",1
"Moheno, Jessica Mendoza",1
"Mohseni, Zeynab",1
"Mohyuddin, Wahab",1
"Mokmin, Nur Azlina Mohamed",1
"Molasy,
Mateusz",1
"Molero, David",1
"Mollen, Kevin",1
"Molnar, Tuende Lengyelne",1
"Mombay, Christine Dawn
S.",1
"Mon, Chit Su",1
"Monesh, M.S.",1
"Monib, Wali Khan",1
"Monica, C. L.",1
"Montes, Julian Nevarez",1
"Montgomery, Catherine",1
"Monticolo, Davy",1
"Montufar, Cindy Susana",1
"Monzon, Noahlana",1
"Mooney, Shannon",1
"Moore, Robert l.",1
"Moorhouse, Benjamin L.",1
"Moraes, Fabio Ynoe",1
"Morais, Ana",1
"Morales Chan, Miguel",1
"Morales, Katiuska Fernández",1
"Moraliyage, Harsha",1
"Morano-Okuno, H. R.",1
"Morari, Violeta",1
"Moreira, Jose Antonio",1
"Morell-Mengual, Vicente",1
"Moreno, Verónica",1
"Moreno-Marcos, Pedro Manuel",1
"Moret, Ross",1
"Morita-Alexander, A.",1
"Moro, Francielli",1
"Morris, Michael",1
"Morschheuser, Benedikt",1
"Morshed, A.",1
"Morshed, Ahsan",1
"Morton, D.",1
"Moss,
Simon",1
"Mostafavi, Amir",1
"Motamedi, Ali",1
"Moufti, Mohammad-Adel",1
"Mousa, Allam
and Itmazi, Jamil",1
"Moya, Beatriz Antonieta",1
"Moylan, Rachel",1
"Mrayhi, Salwa",1
"Mrowka, Sammi",1
"Msafiri, Mgambi Msambwa",1
"Mu, Xidong",1
"Mubarak, Naeem",1
"Mudalinayake, Rashmika",1
"Mueller, Shane T. and
Shao, Xiaoyun",1
"Mufti, Tabish",1
"Mugo, Mercy",1
"Muhamad, Gilang Aulia",1
"Muhammad Umer, Arshad",1
"Mukaida, Norihiro",1
"Mukherjee, Madhav",1
"Mukherjee, Subhodeep",1
"Mukhesh, N.",1
"Mukora, Fungai Nora",1
"Mula-Grau, Jesus",1
"Muller, Catalina Nicoleta",1
"Mund, Angela and
Blankenship, Clint",1
"Muneesawang, Paisarn",1
"Munir, Arslan",1
"Muniyandi, Amutha Prabakar",1
"Munoz-Lopez, Johana",1
"Murad, Md Wahid",1
"Murali, S.",1
"Murano-Labastida, Daishi Alfredo",1
"Murdoch, Kane",1
"Murray, Peter
M.",1
"Murtagh, Lisa and
Liu, Ruirui",1
"Murti, Muhammad Ary",1
"Murzi, Homero",1
"Mushtak, Adam",1
"Mustafa, Muhammad Yasir",1
"Mutahar, Ahmed M.",1
"Mutanga, Murimo Bethel",1
"Muthu, Shanmugam",1
"Muthukumaravel, A.",1
"Muthuperumal, S",1
"Muthuvel, P.",1
"Muuro, Elizaphan",1
"Muzahidul Islam, A. K. M.",1
"Muñoz-Merino, Pedro J.",1
"Myler, P.",1
"Mymbilly Balakrishnan, Jayaraj",1
"N, Gomathi",1
"N, Jothiaruna",1
"N, Mathivanan",1
"N, Ranjith Kumar",1
"N, Sudha",1
"Nacionales, Joseph P. and
Entino-Senorita, Antonia D.",1
"Nadim, Muhammad Amin",1
"Naffi, Nadia",1
"Nafil, Khalid",1
"Nagy, Judit T.",1
"Naik, Ganesh R.",1
"Naik, Nithesh",1
"Nair, Sumesh",1
"Nakajima, Shinichi",1
"Nakajima, Taira",1
"NAKANE, Kohki",1
"Nakaphan, Pannathorn",1
"Nakata, Mitsuru",1
"Nakatani, Kazuo",1
"Nallanathan, Arumugam",1
"Nalvarte, Edita Huamán",1
"Nam, Benjamin H.",1
"Namasivaya Naveen, S",1
"Namratha, M.",1
"Nan, Mengting",1
"Nanda, Ankita",1
"Nandanan, Krishna",1
"Nannas, Natalie J.",1
"Narasimha, Pathipati Lakshmi",1
"Narbona-Reina, Beatriz and
Sacha, Gomez-Monivas",1
"Narbut, N. P. and
Krukhmaleva, O. V.",1
"Nartey, Emmanuel K.",1
"Nasimov, Rashid",1
"Nasimova, Nigorakhon",1
"Nasir, Nazim",1
"Nasongkhram, Aphichai",1
"Nasr,
Nermeen",1
"Nasrudin, Mohammad Faidzul",1
"Nassif, S. A.",1
"Nastase, Irina
Albastroiu",1
"Nath, Anik Dev",1
"Nathaniel, Jemimah",1
"Naunheim, Matthew R.",1
"Nayak, Tushar",1
"Naz, Isra",1
"Nazar, Nor Ilyani
Mohamed",1
"Nazareth, Derek L.",1
"Ncube, Prince Daughin Ngqabutho",1
"Ndjiongue, Alain R.",1
"Neal,
Peter",1
"Neethu Priya, Gudisa",1
"Negreanu, Lorina-Cristina",1
"Neittaanmaki, Noora",1
"Neluyb, Vladimir",1
"Nelyub, Vladimir A.",1
"Nemer, Hazem",1
"Nerantzi, Chrissi",1
"Neri, Luis",1
"Neufeld, Katharina",1
"Neumann, Maureen D.",1
"Newton, Philip M.",1
"Ng, Hilary Ka Yan",1
"Ng, S. H. S.",1
"Ng, Sai-Leung",1
"Ng, Siew Hiang Sally",1
"Ngajie,
Berty Nsolly",1
"Ngaw, Michael",1
"Ngesimani, Nomputumo Linah",1
"Ngo, Bang",1
"Ngo, Thi Thuy An",1
"Ngo, Xuan Minh",1
"Nguyen,
Vincent N.",1
"Nguyen,
Vinh",1
"Nguyen, Alexander",1
"Nguyen, Anh Tuan",1
"Nguyen, Ha",1
"Nguyen, Kha and
Pratima, F. N. U.",1
"Nguyen, Khoa Viet",1
"Nguyen, Ly and
Nguyen, Hung",1
"Nguyen, Minh",1
"Nguyen, Paloma Reyes
and Puranik, Chaitanya Prakash",1
"Nguyen, Phuong",1
"Nguyen, Phuong Thy",1
"Nguyen, Thanh Ngoc",1
"Nguyen, Thau",1
"Nguyen, Thi Thu Huyen",1
"Nguyen, Thomas",1
"Nguyen, Thu Ha",1
"Nhat, Minh Nguyen",1
"Ni, Bingbing",1
"Ni, Jiancheng",1
"Nichols, Mark",1
"Nichols, Mark
and Sidorkin, Alexander m.",1
"Nichols, Robert",1
"Nickel, Robert",1
"Nicola-Richmond, Kelli",1
"Nicolas, Samira",1
"Nie, Jiangtian",1
"Nie, Xinxiao",1
"Nieto-Hidalgo, Mario",1
"Nigro, Mattia",1
"Nihit, Jonnalagadda",1
"Nikhare, Samiksha",1
"Nikita, Turumella",1
"Nikitina, Svetlana A.",1
"Nimal, R. J. Golden Renjith",1
"Nimer, Baya'A",1
"Nimri, Rawan",1
"Ning, Jing",1
"Ning, Yilin",1
"Ning, Zhaolong",1
"Nino-Carrasco, Shamaly Alheli",1
"Niqotaini, Zatin",1
"Niranjana, S.",1
"Nishimoto, Matthew",1
"Nisioiu,
Codrin-Florentin",1
"Nkenyereye, Lewis",1
"Nneli, Nkemdilim Cecilia",1
"Noel Newton Fernando, Owen",1
"Nogra, James Arnold",1
"Nogueira, Marie Alice de Faria and
Espinosa-Mirabet, Silvia",1
"Noguez, Julieta",1
"Nomura, Osamu",1
"Nonis, Karen",1
"Noor Mukta, Jannatun",1
"Noor,
Norah Md",1
"Noor, Norliza Mohd",1
"Noor, Nurhafihz",1
"Norabuena-Figueroa, Emerson Damian",1
"Nord,
Jeretta Horn",1
"Noroozi, Omid",1
"Notari, Michele",1
"Novak, Matija",1
"Novozhilova, Ekaterina",1
"NTINDA, Maria Ndapewa",1
"Nunes, Catarina S.",1
"Nunez, Ana-Maria",1
"Nurymova, Ainar",1
"Nwokeji, Joshua C.",1
"Nyamapfene, Abel",1
"Nych, Tamara",1
"Núñez, Nicolás",1
"O' Brien, Emma",1
"O'Brien, Casey",1
"O'Connor, Siobhan",1
"O'Dea, Christine",1
"O'Dea, Christine and
Kremantzis, Marios",1
"O'Dea, Xianghan",1
"Oberg, G.",1
"Obidallah,
Waeal J.",1
"Obidallah, Waeal J.",1
"Obrenovic, Bojan",1
"Oc, Yusuf",1
"Ocak, Ceren",1
"Ocana-Fernandez, Yolvi",1
"Occhigrossi, Felice and
Gregoretti, Cesare",1
"Odden, Tor Ole B.",1
"Oettl, Felix Conrad",1
"Ogunleye, Bayode",1
"Oh, Heung-Kwon",1
"Oh, Sung-Kwun",1
"Ohly, Sandra",1
"Ohno, Kasumi",1
"Ohno, Shiroh",1
"Oke,
Adekunle",1
"Oksche,
Alexander",1
"Okulich-Kazarin, Valery",1
"Okumus, Fevzi",1
"Okuyan, Betul",1
"Oladiran, Olayiwola and
Hossain, Marjia",1
"Olais-Govea, Jose Manuel",1
"Oliva-Córdova, Luis Magdiel",1
"Oliveira Nzinga René, António",1
"Oliveira, Daphne Viena",1
"Oliveira, Luciana",1
"Oliveira, Marcio A.",1
"Olivos, Francisco",1
"Olla, Phillip",1
"Olson, Joshua",1
"Olteanu, Alexandru-Corneliu",1
"Omar, Amal",1
"Omarsaib, Mousin",1
"Omelchuk, Serhii A.",1
"Omenaca, Alex Trejo",1
"Omisade, Omobolanle",1
"Onan, Aytug",1
"Onder, Irem and
Ozdemir, Ozgur",1
"Ong, Jade",1
"Ong, Jasmine Chiat Ling",1
"Ong, Shawn Y.",1
"Ongowarsito, Henkie",1
"ONO, Rentaro",1
"Onodera, Misaki",1
"Onufer, Lindsay",1
"Oon, P. T.",1
"Oprea, Simona-Vasilica",1
"Oprescu, Florin",1
"Oraibi, Zakariya A.",1
"Orakzai, Farooq Alam",1
"Oraño, Jannie Fleur V.",1
"Orfanidis, Christos",1
"Orhan, Ali",1
"Oropeza, Ricardo Swain",1
"Orozco, Charla",1
"Ortego-Hernando,
Jose Luis",1
"Ortiz-Rojas,
Margarita",1
"Ortúzar, Soledad",1
"Osadcha, Kateryna",1
"Osadcha, Maryna",1
"Osman, Shahinaz Abdelrahman",1
"Osman, Waleed Abd Elwahab Abd Elmajid",1
"Osobajo, Oluyomi Abayomi",1
"Ospina Galíndez, Johann Alexis",1
"Osta, Alain",1
"Osuna-Acedo, Sara",1
"Otte, Nelly",1
"Otto, Sofie",1
"Ou, Chaohua",1
"Oubibi, Mohamed",1
"Ouyang, Guichong",1
"Ouyang, Yong",1
"Oyedokun, Tunbosun",1
"Oyelade, Tope",1
"Oyelere, Solomon Sunday",1
"Ozbay, Ozkan",1
"Ozbay, Sevil Cinar and
Sarikahya, Selma Durmus",1
"Ozer, Ekin",1
"Ozogul, Gamze",1
"Ozolina, Sandra and
Innuse-Breidaka, Gunta",1
"Ozturk,
Ali K.",1
"P, Balakrishnan",1
"P, Subha",1
"Packham,
Christopher",1
"Padayachee, Kershree",1
"Padilla, Alma Azucena Jimenez
and Montes, Fatima Montserrath Jacobo",1
"Padilla-Castillo, Graciela",1
"Pagani,
Margherita",1
"Pagano,
Alessandro",1
"Pai, Deepthi G",1
"Paik, Joonki",1
"Paik, Sejin",1
"Palacios-Rodriguez, Antonio and
Loaiza-Aguirre, Maria Isabel",1
"Palani, S.",1
"Palarimath, Suresh",1
"Paliwoda, Ethan D.",1
"Palla, Dominik",1
"Pallares, Nina",1
"Pallavi, L.",1
"Pallavi, M.",1
"Pallivathukal, Renjith George",1
"Palliwar, Aakash",1
"Palmer, Edward",1
"Paltalidis, Nickos",1
"Pan, Chunhong",1
"Pan, Cunhua",1
"Pan, Da",1
"Pan, Haiyang",1
"Pan, Lixia",1
"Pan, MingHui",1
"Pan, Ruilin",1
"Pan, Ruoqi",1
"Pan, Weihao",1
"Pan, Xianwei",1
"Pan, Yunqiu",1
"Pan, Zhaoqing",1
"Panda, Santosh",1
"Pandala, Madhavi Latha",1
"Pandey, Geetika Silakari",1
"Pandey, Krishna",1
"Pandey, Kshitija",1
"Pandey, Neeraj",1
"Pang,
Wai-Chung",1
"Pang, Dong",1
"Pang, Goh Ching",1
"Pang, Weina",1
"Pangal, Dhiraj J.",1
"Pange, Jenny",1
"Panghe, Qianhui",1
"Paniotova, Victoria",1
"Panja, Suman Kalyan",1
"Panmei, Benjamin",1
"Panwong, Patcharaporn",1
"Pané–Farré, Jan",1
"Papadopoulos, Pantelis M.",1
"Papagiannidis, Savvas",1
"Papini, Allison",1
"Pappas,
Ilias O.",1
"Para, Raghu",1
"Parakash, Divya",1
"Parapadakis, Dimitris",1
"Parasar, Anuradha",1
"Paraschou, Vasilios",1
"Pardede, Chandro",1
"Paredes-Aguirre, Milton",1
"Pareek, Purvi",1
"Parejo, José Antonio",1
"Parente, Daniel J.",1
"Pargman, Teresa Cerrato",1
"Parida, Prasanta Kumar",1
"Parihar, Anil Singh",1
"Park, Eunil",1
"Park, Jaeuk",1
"Park, Jennifer Jihae",1
"Park, Jiyoon",1
"Park, Ju Won",1
"Park, Seong Min",1
"Parker, Luke",1
Parmod,1
"Parra, Julia Lynn",1
"Parsons, Bryony N.",1
"Parte, Yogesh",1
"Parthiban, Rajendran",1
"Partridge, Helen and
Macfarlane, Susie",1
"Patel, Preeti",1
"Patel, Sarah E.",1
"Pathak, Nishith",1
"Pathan, Sameena",1
"Pather, James",1
"Patil, Disha P.",1
"Patil, Ratna",1
"Patino, Eddy",1
"Patni, Jagdish Chandra",1
"Patrick, Pamela Marie",1
"Patwadi, Rahul",1
"Paul, Rahul",1
"Pautler, Benjamin",1
"Pavlenko, Olha",1
"Pavlin, Samo",1
"Pavlov, Oleg V.",1
"Pavlova, Yoana",1
"Pawar, Pratik",1
"Pawar, Vilis",1
"Pazin-Filho, Antonio",1
"Pazurek, Angelica",1
"Pazurek, Angelica
and Stracke, Christian M.",1
"Pearce, Bridget",1
"Pedraza-Goyeneche, Clara Esperanza and
Fredy-Montes, John",1
"Pedrosa, A. M.",1
"Pedrycz, Witold",1
"Pei, Leisi",1
"Pei, Ruiyuan",1
"Pei, Shiji",1
"Pelaez-Sanchez, Iris Cristina",1
"Peláez, Carlos Alberto",1
"Pena, Juan Miguel Palma",1
"Pena, Marta",1
"Penalver, Elena
Alcalde",1
"Penecilla, Elmer",1
"Peng, Fei",1
"Peng, Haipeng",1
"Peng, Jincheng",1
"Peng, Shiqing",1
"Peng, Yi",1
"Peng, Yuhuai",1
"Peng, Yujia",1
"Peng, Zhen",1
"Penna, Maria Pietronilla",1
"Pereira, Carolina",1
"Pereira, Neusa da Silva",1
"Pereira, Silvia",1
"Pereira-Varela,
Juan Antonio",1
"Pereira-varela, Juan-Antonio",1
"Perera, K. G. D. K.",1
"Perera, Ubhaya and
Hyscher, Anna Bazhaw",1
"Perez,
Jonathan Hernandex",1
"Perez, Carlos",1
"Perez, Carlos Santiago Pinel",1
"Perez, Greses",1
"Perez, Juan Ernesto Perez",1
"Perez-Montesdeoca, Hector",1
"Perez-Portabella, Antonio",1
"Peroutka, Zdeněk",1
"Perrin, D.",1
"Perveen, Asma",1
"Pesovski, Ivica",1
"Pessoa, Kaline Ligia",1
"Petocz,
Peter",1
"Pham,
Thi Thu Tra",1
"Pham, Nghiem",1
"Phan, Nguyen Truong Phuoc",1
"Phansrisuk, Panjit",1
"Philip, Rohan",1
"Phooduong, Pongsatorn",1
"Phung, Trinh",1
"Phutela, Nidhi",1
"Pian, Yang",1
"Pianon, Kompakron",1
"Piao, Jinlong",1
"Picek, Ruben",1
"Pickett-Nairne, Kaci",1
"Pierce, Meghan E.",1
"Pierre, Takeshia",1
"Pierres, Oriane",1
"Pike, Dale",1
"Pilgram, Lisa",1
"Pimmer,
Christoph",1
"Ping, Hongjie",1
"Pinnock,
Hilary",1
"Pinto, Carla M.A",1
"Pinto, Carla M.A.",1
"Pinto-Llorente, Ana Maria",1
"Pires, Gabrielly R.",1
"Pise, Anil
Audumbar",1
"Pitrone, Andrea",1
"Piyawardana, Vijani",1
"Plastow,
Katrina",1
"Plaza, Antonio",1
"Pliego, Aida",1
"Pliego, Lesly",1
"Ploae, Catalin",1
"Ploeckl, Florian",1
"Podlog, Stefanie",1
"Poellhuber, Bruno",1
"Poirazi, Panayiota",1
"Pok, Wei Fong",1
"Polanco Pino, Ymbar",1
"Pollard, Rhiannon and
Johnson, Margeaux",1
"Polusmiak, Yuliia",1
"Polyakova, L. Y.",1
"Pombo, Nuno",1
"Ponce, Lubeck Abrahamhuaman",1
"Pont-Sorribes, Carles",1
"Poojary, Ramaprasad",1
"Poon, King Wang",1
"Popenici,
Stefan",1
"Popescu, Elvira",1
"Popescu, Maria-Alexandra",1
"Portilla Jaimes, Jorge Omar",1
"Portillo, Roberto",1
"Portuguez-Castro, M.",1
"Portuguez-Castro, May",1
"Poser, Valeria",1
"Postma, Darius and
Hickerson, Don",1
"Potluri, Sirisha",1
"Potter, Andrew H.",1
"Powell, Pippa",1
"Prabha, Srinivasagam",1
"Prabhakar, Sanjana",1
"Pradeep, D. John",1
"Pradhan, Bibhuti Bhusan",1
"Prasad, Kokkula Shiva",1
"Prasad, Sathya",1
"Prasadika, J.",1
"Prasanna, Akshara",1
"Prasetya, Febri",1
"Prasetyo, Judhi",1
"Prashant Kudare, Roopali",1
"Prathaban, Banu Priya",1
"Praveen, RVS",1
Premlata,1
"Prena,
Kelsey",1
"Pressman, Sophia M.",1
"Prethipa, Roland",1
"Pretorius, Lynette",1
"Prevost, Lionel",1
"Pribilova, K.",1
"Prichard, Roslyn",1
"Pries-Heje, Jan",1
"Princiotta, Allison L.",1
"Priya, D. Karthika",1
"Priya, Shashi",1
"Priyanka, Vuddagiri Naga",1
"Prohorovs, Anatolijs",1
"Prosen, Mirko",1
"Proust-Androwkha, Sonia",1
"Przybyszewski, Jan",1
"Przybyła-Kasperek, Małgorzata",1
"Pu, Qiaolin",1
"Pugliese, Giorgia",1
"Pulasinghe, Koliya",1
"Pullman, Madeleine",1
"Pupo, Francesco",1
"Putjorn, Pruet",1
"Putjorn, Tat",1
"Puttajanyawong, Nuttapon",1
"Pyng, How Shwu",1
"Pyo, Heesu",1
"Qadhi, Saba Mansoor",1
"Qadir, Junaid
and Benhaddou, Driss",1
"Qadir, Junaid
and Tarhini, Ali",1
"Qahmash, Ayman",1
"Qazi, Atika",1
"Qi, Cong",1
"Qi, Dong",1
"Qi, Huihui",1
"Qi, Lei",1
"Qi, Liang",1
"Qi, Mengnan",1
"Qi, Pan",1
"Qi, Shile",1
"Qi, Shouliang",1
"Qi, Shutong",1
"Qi, Siyuan",1
"Qi, Tianyu",1
"Qi, Wei",1
"Qi, Xiaoming",1
"Qian, Baotong",1
"Qian, Jiansheng",1
"Qian, Li",1
"Qian, Wei",1
"Qian, Yufeng",1
"Qiao, Ailing",1
"Qiao, Yinghan",1
"Qin, A.K.",1
"Qin, Hai",1
"Qin, Huafeng",1
"Qin, Lang",1
"Qin, Qingwang",1
"Qin, Tian",1
"Qin, Xiaoqi",1
"Qin, Yinghong",1
"Qing, Zehu",1
"Qiu, Anjie",1
"Qiu, Han",1
"Qiu, Jianguo",1
"Qiu, Kehai",1
"Qiu, Ye",1
"Qiu, Yepeng",1
"Qiu, Zhao",1
"Qiu, Zhijun",1
"Qiu, Ziying",1
"Qorich, Mohammed",1
"Qu, Bo",1
"Qu, Hongjia",1
"Qu, Shaojun",1
"Qu, Shuyi",1
"Quamina, La Toya",1
"Quan, Guotao",1
"Queiros, Ricardo",1
"Queirós, Ricardo",1
"Quemada, Pablo Baztan",1
"Qureshi, Farah",1
"R G, Ragitha",1
"R, Prabavathi",1
"R, Ramamoorthi",1
"R, Sundarrajan",1
"Rabello, Cintia",1
"Racsko, Reka",1
"Radovanovic, Danica",1
"Raduescu, Corina",1
"Radulesco, Thomas",1
"Rafael Morano-Okuno, Hector",1
"Rafatirad, Setareh",1
"Raffay, Violetta",1
"Rafiee, Gholamreza",1
"Rafiq, Muhammad",1
"Raghavan, Vishnupriya",1
"Raghavendra Bhat, Smita",1
"Raghavendra, S.",1
"Raghavendran, N.",1
"Ragini, Y P",1
"Rahaman, Md Mamunur",1
"Rahim, Norsafinar",1
"Rahiman, Habeeb Ur",1
"Rahman
Khan, Md. Mashiur",1
"Rahman, Zahid Ur",1
"Rai, Megan E.",1
"Rai, Nitin",1
"Raj, Petheru",1
"Rajan, Amala",1
"Rajaram, Kumaran and
Chiu, Thomas K. F.",1
"Rajive Gandhi, C",1
"Rajki, Zoltan",1
"Rajkumar, Alwin K.",1
"Rakhimov, Mekhriddin",1
"Rakibul Islam, Md",1
"Ramachandra, Raghavendra",1
"Ramachandran, Vignesh",1
"Raman, Ramakrishnan
and Rana, Nripendra P.",1
"Ramanan, K.",1
"Ramanjaneyulu Gudivaka, Basava",1
"Ramatillah, Diana Laila and
Isah, Abdulmuminu",1
"Rameau, Anais",1
"Ramesh, G.P.",1
"Ramirez, Alejandra Morales",1
"Ramirez, Camilo Andres",1
"Ramirez, Norman and
Ramos-Benitez, Marcos J.",1
"Ramirez-Montoya, M-s.",1
"Ramirez-Montoya, Maria Soledad and
Molina-Espinosa, Jose Martin",1
"Ramlawi, Serine
and Sugati, Faisal",1
"Ramos, Jennifer Garcia",1
Ramyashree,1
"Ramírez-Montoya, Maria Soledad",1
"Ranade, Nupoor",1
"Ranasinghe, Harshani",1
"Ranasinghe, Naduni",1
"Ranjbaran Madiseh, Fatemeh",1
"Rankin, James",1
"Rao, Abhishek S.",1
"Rao, Daivik",1
"Rao, G. Siva Nageswara",1
"Rao, L Malleswara",1
"Rao, Purnima",1
"Rao, Vemuri Sudarsan",1
"Rao, Vuda Sreenivasa",1
"Rappa, Natasha",1
"Rarey, Kyle E.",1
"Rasheed, Assad",1
"Rashid, M.
M.",1
"Rasool, Ghulam",1
"Rasul, Tareq",1
"Rather,
Raouf Ahmad",1
"Rathgeb, Christian",1
"Rathod, Ganesh",1
"Ratna, Rajnish",1
"Ratul, Qudrat E Alahy",1
"Raudys, Aistis",1
"Raupach, Tobias and
Stober, Sebastian",1
"Rawas, Soha",1
"Ray, Anubha",1
"Ray, Biplob",1
"Rayan, Anwar",1
"Razak, A",1
"Razak, Siti Fatimah Abdul and
Yogarayan, Sumendra",1
"Razali, Rozilawati",1
"Razali, Samirah",1
"Razi-ur-Rahim, Mohammad",1
"Reategui, Eliseo Berni",1
"Reddy Basani, Dinesh Kumar",1
"Reddy, Abhigna",1
"Reddy, Tokala Purushotham",1
"Reed,
Janet Marie",1
"Reed, Katrina B.",1
"Regmi, Kapil Dev",1
"Rego, Belmiro",1
"Rehm, Sven-Volker",1
"Rehman,
Shafique Ur",1
"Rehman, Muhammad Habib Ur",1
"Rehman, Zaka Ur",1
"Reich, Yoram",1
"Reichenpfader, Daniel",1
"Reidy, Thibault",1
"Reiter, Leonhard",1
"Remer, Eric",1
"Ren, Boyuan",1
"Ren, Jie",1
"Ren, Yingying",1
"Ren, Yu Xiao",1
"Ren, Yuhong",1
"Ren, Zhongle",1
"Rendulic, Darko",1
"Renganathan,
Krishnamoorthy",1
"Reusch, Pascal",1
"Revanesh, M.",1
"Revesai, Zvinodashe",1
"Reyes Adams, Rebekah",1
"Reynolds, Staci S.",1
"Riano, Velssy Hernandez",1
"Ribeirinha, Teresa",1
"Ribeiro-Navarrete,
Samuel",1
"Ricafort, Jhonner D.",1
"Richardson, Clare",1
"Richter, Alexander",1
"Ricoy, Maria-Carmen",1
"Rifaath, Mohamed",1
"Rihtarsic, David",1
"Ripolles, Maria",1
Rismiyati,1
"Rister, Alex",1
"Rito, Pedro",1
"Ritzhaupt, Albert D.",1
"Rivas-de-Roca, Ruben",1
"Rivera, Diana and
Flandoli, Ana Beltran",1
"Rivoire, Antoine",1
"Rizki, Iqbal Ainur",1
"Rizun, Mariia",1
"Rizwan, Muhammad",1
"Roberts, Richard",1
"Robinson, Stefanie",1
"Robledo-Rella, Víctor",1
"Rockett, Eleanor",1
"Rodea-Sánchez, Marco A.",1
"Rodrigues, Ana Luisa",1
"Rodrigues, Joel J. P. C.",1
"Rodrigues-Pereira, Paula",1
"Rodriguez,
Karely",1
"Rodriguez, Alexandra",1
"Rodriguez, Elvia Sánchez",1
"Rodriguez, Horacio Gomez",1
"Rodriguez, Jesuan Adalberto Sepulveda",1
"Rodriguez, Kevin Baldrich",1
"Rodriguez, M. Elena",1
"Rodriguez, Ramon L.",1
"Rodriguez, Raul V.",1
"Rodriguez-Cano,
Sonia",1
"Rodriguez-Cano, Sonia",1
"Rodriguez-Jaramillo, Johanna",1
"Rodriguez-Ortiz, Miguel Angel",1
"Rodriguez-Rodriguez, Daniel",1
"Rodráguez Flores, Eduar Antonio",1
"Roehrer,
Erin",1
"Roengtam, Sataporn",1
"Roger-Monzo, Vanessa",1
"Rogulja, Natasa",1
"Rohwer, Kira",1
"Rojas-Rodriguez, Debora",1
"Roll, Ido",1
"Rolle,
Camarin E.",1
"Romaniuk, Milosz Wawrzyniec",1
"Romero, Abel",1
"Romero-Gutiérrez, José Marcelino",1
"Rong, Weihan",1
"Ronney, Morgan",1
"Roopesh, Maddina Sai",1
"Roos, Jonas",1
"Ropelato, Douglas",1
"Ros, Montserrat
and Middleton, Rebekkah",1
"Rose, Robert",1
"Rosenthal, Kristina",1
"Roshani, Saeed",1
"Roshani, Sobhan",1
"Ross, Edward A. S.",1
"Rossetti, Rosaldo J. F.",1
"Rostran Valle, Juan M.",1
"Rosunally, Yasmine Z.",1
"Rote, Aubrianne E.",1
"Rouhana, Rima",1
"Routray, Sudhir K.",1
"Rowe, Frantz",1
"Rozen, Warren M.",1
"Rudolph, Jurgen",1
"Rudra, Bhawana",1
"Rudra, Susmita and
Weber, Peter",1
"Rufasto, Jhoanna Santiago",1
"Rughiniș, Răzvan",1
"Ruseva, Margarita",1
"Rush, Libby",1
"Ruslan, Suzana",1
"Rustam, Furqan",1
"Rutecka, Paulina",1
"Rutherford, Derek and
Silva, Paulo Goberlanio Barros",1
"Ryoo, Jeeho",1
"S, Adithya",1
"S, Aravind",1
"S, Aswath",1
"S, Kubersrinivash",1
"S, Logeswaran",1
"S, Vijayalakshmi",1
"S, Vijayarajan",1
"S., Ramírez-Montoya M.",1
"Saad, Mariam
and Slater, Elizabeth D.",1
"Saajid, Mehdi",1
"Saavedra Munar, Leonardo",1
"Sabando-Garcia, Angel Ramon",1
"Sabando-Garcia, Bosco
Javier",1
"Sabatini, John",1
"Sabet, Asal",1
"Saboor, Sara",1
"Sabouni, Sumaia",1
"Saboury, Babak",1
"Sabrina,
Fariza",1
"Sabrina, F.",1
"SADEGHI-NIARAKI, A. B. O. L. G. H. A. S. E. M.",1
"Sadik,
Olgun",1
"Safavi, Ali Akbar",1
"Safirin Yusri, Jane",1
"Safonov, Alexander",1
"Sagar, Ankita",1
"Sagar, Athith",1
"Saha, Sayantika",1
"Sahin, Remziye Semerci",1
"Sahithi, Chalamala Teja",1
"Sahu, Rakesh",1
"Sai Susmitha, Katta Siva",1
"Sai, Siva",1
"Saibene, Alberto Maria",1
"Saidu, Musa Kallah",1
"Saifi, Abdel Ghani",1
"Saiki, Takuya",1
"Saini, Akash K.",1
"Sainz-de-la-Maza, Martin",1
"Saito, Kenichi",1
"Saito, Nagayuki",1
"Sakai, Koga",1
"Sakenov, Bakzhan",1
"Saklad, Ryan",1
Sakshi,1
"Salahaldeen, Mohammad",1
"Salameh, Nisreen",1
"Saleem, Nudrat",1
"Saleh, Abdulrazak Yahya",1
"Salehi,
Parsa P.",1
"Salehi, Shima",1
"Salem, Gihan Mohamed Mohamed",1
"Salha, Soheil and
Xu, Lin",1
"Salhab, Reham",1
"Salim, Vincent",1
"Salimi, Ghasem",1
"Sallam, Malik",1
"Salman, Husain",1
"Salman, Marwah T.",1
"Salomao Filho, Alfredo",1
"Salvador-Ullauri, Luis",1
"Sam, Ka-Lok",1
"Sam, L. and
Privitera, A. J.",1
"Samala, Agariadne Dwinggo",1
"Samantaray, Bishnu Prasad",1
"Samarajeewa, Chamod",1
"Samaras, Nicholas",1
"Samek, Wojciech",1
"Samir, Amira",1
"Samokishyn, Marta",1
"Sampathila, Niranjana",1
"Samson, Renu Sarah",1
"Samuel, Sylvia",1
"San Miguel, Carolina",1
"San-Martin-Quiroga, Sheny",1
"Sanal, Seda Ozer",1
"Sanapala, Srinuvasarao",1
"Sanchez Barrueco, Alvaro",1
"Sanchez Munoz, Jonathan Arturo",1
"Sanchez, Alexander Gorina and
Reyes-Palau, Nayade Caridad",1
"Sanchez, Charles",1
"Sanchez-Fortun, Jose Manuel de Amo",1
"Sanchez-Mendoza, Milena and
Moreno-Abramowicz, Maria",1
"Sanchez-Perez, Enrique A.",1
"Sanchez-Perez, Joselito",1
"Sanchez-Prieto, Jose Carlos",1
"Sanders, Jeanne",1
"Sandison, Carolyn",1
"Sandison, Caz",1
"Sandoval, Jorge",1
"Sandoval-Benitez, G.",1
"Sandu, Nitirajsingh",1
"Sandu, Raj",1
"Sang, Yijing",1
"Sangamaeswaran, R.",1
"Sangeetha, K N",1
"Sanghi, Akash",1
"Sangwan, Devika",1
"Santamaria-Urbieta, Alexandra",1
"Santana, Pedro",1
"Santana-Mancilla, Pedro C. and
Anido-Rifon, Luis E.",1
"Santana-Soriano, Edwin",1
"Santiuste, Javier Gil",1
"Santos, Patricia",1
"Santos, Raquel",1
"Sanz, Javier",1
"Sanz-Tejeda, Aranzazu",1
"Sapraz, Mohamed",1
"Saputra, Sharon Levina",1
"Saqri, Nadia",1
"Sarabadani, Jalal",1
"Sarangi, Padmalaya",1
"Saraswati, N. W. Sumartini",1
"Saravanakumar, R.",1
"Saravu, Kavitha",1
"Sarfraz, Isra",1
"Sarialioglu, Rabia Ozdemir",1
"Sarker, Suprateek and
Stahl, Bernd Carsten",1
"Sarp, Salih",1
"Sasaki, Yuta",1
"Sasaki, Yutaka",1
"Sasongko, Priyo Sidik",1
"Sathis Kumar, N R",1
"Sathya, K.",1
"Sathyamoorthy, Malathy",1
"Satpute, Reena",1
"Sattarshetty, Kabir",1
"Saude, Isabel",1
"Saude, Sandra",1
"Savchenko, Ulyana A.",1
"Savchenko, V, Natalia and
Smirnova, Lyudmila M.",1
"Savina, N. E.",1
"Saviour, Mariya Princy Antony",1
"Savitha, G.",1
"Sawada, Ryo",1
"Sawant, Tanishk",1
"Sawhney, Sahil",1
"Sawyer, Kathryn",1
"Saxena, Urvashi Rahul",1
"Sayadi, Hossein",1
"Sayan-Rivera, Rosa Maria Elizabeth and
Mendoza-Lopez, Angel Deciderio",1
"Sayed, Nasir",1
"Sayeed, Md Shohel",1
"Sağıroğlu, Şeref",1
"Schaefer, William",1
"Scheffler, Patrick",1
"Scheuermann, Konstantin",1
"Schirmer, Liam",1
"Schneider, Michael",1
"Schoon, Alette",1
"Schotten, Hans D.",1
"Schultz, Mario D.",1
"Schumann, Arnold Walter",1
"Schwamm, Lee
H.",1
"Schwartz, Lisa",1
"Schwarz, Erich J.",1
"Scuotto, Chiara and
Savioni, Lucrezia",1
"Seaman, Jeff",1
"Seaman, Julia",1
"Searsmith,
Duane",1
"Seba, Freddie",1
"Sebdani, Abbas Mazrouei",1
"Seco, D.",1
"Sedefoglu-Ulucak, Didem and
Steinhardt, Isabel",1
"Sedelmaier, Yvonne",1
"Sedlarova, Katarina",1
"Sedlbauer, Josef",1
"Seedhouse, Paul",1
"Seet, Boon-Chong",1
"Segal, Rick",1
"Segarra-Saavedra, Jesus",1
"Sehmi, Amandeep",1
"Sekhon, Harmehr",1
"Sekli, G. Marchena",1
"Sekli, Giulio F. Marchena",1
"Sekli, Giulio Marchena",1
"Sela, Shiyrah Theosebes",1
"Selig, Ian",1
"Selvakumaran, Ravi Varman",1
"Selvi, S. Saravana",1
"Sen, Sujoy",1
"Sengstack, Patricia",1
"Sengstack, Patricia and
Phillippi, Julia",1
"Senthil Pandi, S",1
"Sergeeva, Olga V.",1
"Sergeeva, V, Olga",1
"Serra,
Ilka Marcia Ribeiro de Souza",1
"Seta, Henki Bayu",1
"Seth, Ishith",1
"Setiawan, Heru",1
"Seufert, Sabine
and Spirgi, Lukas",1
"Sevilla-Campoverde, Giomara",1
"Sevnarayan, Kershnee",1
"Sgouropoulou,
Cleo",1
"Sgouropoulou, Cleo",1
"Sha, Liao",1
"Sha, Xianzheng",1
"Shaalan, Khaled",1
"Shaari, Ariana L.",1
"Shadid, Omar",1
"Shafiabady, Niusha",1
"Shafiq, Muhammad",1
"Shafique, Rahman",1
"Shah, Jamal Hussain",1
"Shaheenur Islam Sumon, Md.",1
"Shaheryar, Muhammad",1
"Shahzad, Muhammad",1
"Shaiba, Hadil and
Atwell, Eric",1
"Shaik, Arif Basha",1
"Shailendra, Samar",1
"Shaked, Nava",1
"Shakhatova, Aliya",1
"Shakir, Muhammad Zeeshan",1
"Shalini, M",1
"Shamali, Mahmoud and
Abu Eideh, Belal",1
"Shammari,
Fatma",1
"Shams Siam, Zakaria",1
"Shamsi, Yaser",1
"Shan, Juhao",1
"Shan, Yinglu",1
"Shanckin, Shyam",1
"Shang, Changjing",1
"Shang, Junjie",1
"Shang, Shizhe",1
"Shanks, Elizabeth M. and
Boey, Timothy",1
"Shannon, Holly",1
"Shao, Huijun",1
"Shao, Yang",1
"Shao, Yilin",1
"Shaobo, Wang",1
"Shapiai, Mohd Ibrahim",1
"Shapiro, Sidney",1
"Shaqour, Ali Zuhdi",1
"Sharma,
Ramesh chander",1
"Sharma, Anjali",1
"Sharma, Ankita",1
"Sharma, Chetan",1
"Sharma, Hemlata",1
"Sharma, Jyoti",1
"Sharma, Mansi",1
"Sharma, Nirwan",1
"Sharma, Prakhar",1
"Sharma, Ramesh Chander",1
"Sharma, Ramesh Chander and
Singh, Lenandlar",1
"Sharma, Ravindra",1
"Sharma, Ritesh",1
"Sharma, Sunaina",1
"Sharma, Surbhi",1
"Sharma, Tanusree",1
"Sharma, Vandana",1
"Sharma, Vinod",1
"Sharmila, R.",1
"Sharp, Julie",1
"Sharples, Mike",1
"Shea, Peter and
Duart, Josep m.",1
"Sheet, Sabah Abdul Wahab",1
"Sheets, Deanna M.",1
"Shen, An ran",1
"Shen, Bairong",1
"Shen, Hanshu",1
"Shen, Huoming",1
"Shen, Jialiang",1
"Shen, Lin",1
"Shen, Linlin",1
"Shen, Ruizi",1
"Shen, Weipeng",1
"Shen, Wenzhuo",1
"Shen, Xinyi",1
"Shen, Zhixuan",1
"Sheneman, Lucas",1
"Sheng, Kai",1
"Sheng-Ming, Wang",1
"Sheridan, Lynn",1
"Shermila, P. Josephin",1
"Shetty, Dasharathraj K.",1
"Shi, Boxin",1
"Shi, Guangming",1
"Shi, Guolong",1
"Shi, Huaifeng",1
"Shi, Hui",1
"Shi, Jiajia",1
"Shi, Lizhen",1
"Shi, Ping",1
"Shi, Xiaojing",1
"Shi, Yanting",1
"Shi, You",1
"Shi, Yuecheng",1
"Shi, Yunhui",1
"Shi, Yunqing",1
"Shi, Yuxia",1
"Shi, Yuxuan",1
"Shih, An-Ching",1
"Shih, Bono Po-Jen",1
"Shikino, Kiyoshi",1
"Shilpa, N.",1
"Shimizu, Ikuo",1
"Shin, Dong-Hyeon
and Oh, Eun Hye",1
"Shin, Dongkwang",1
"Shin, Ha-Young",1
"Shin, Jaewook",1
"Shin, Juyong",1
"Shin, Minkyoung",1
"Shin, Minwoo",1
"Shin, Teh Chong",1
"Shin, Wunjong",1
"Shin, Yong Jae",1
"Shintani, Yukihiro",1
"Shirazi, Badrosadat Nategholeslam",1
"Shirazi, Syed Hamad",1
"Shiwalia, Ban M.",1
"Shoaib, Muhammad",1
"Shou, Yuancong",1
"Shoustikova, Tatyana
and Tukhvatullina, Leysan R.",1
"Shreya, P",1
"Shriram, R S",1
"Shrivastava, Abhishek",1
"Shrivastava, Archana",1
"Shroff, Swati",1
"Shryock, Kristi J.",1
"Shu, Chao",1
"Shu, Hui",1
"Shu, Jin",1
"Shu, Jinqiu",1
"Shu, Lei",1
"Shu, Xin",1
"Shui, Wuyang",1
"Shuib, Liyana",1
"Shum, Simon Buckingham",1
"Shyr, Wen-Jye",1
"Shyyab, Yaser and
Zouria, Ayoub",1
"Si, Chenyang",1
"Si, Jongwook",1
"Siah, Chiew-Jiat Rosalind",1
"Sidana, Sagar",1
"Siddiqui, Shadab",1
"Siddle, David R.",1
"Sidlichovska, Zuzana",1
"Sidorkin, Alexander",1
"Sifri, Ziad",1
"Sigel, Matthew",1
"Silaloi, Kamonporn",1
"Silva,
Manuel",1
"Silva, Adriano",1
"Silva, Katie A.",1
"Silva-Campos,
Juan Manuel",1
"Silva-Ramírez, Esther-Lydia",1
"Siládi, Vladimír",1
"Simacek, Thomas",1
"Simangunsong, Daniel A.",1
"Simaremare, Mario E. S.",1
"Simelane, Phiwe M.",1
"Simhadri, L.",1
"Simion, Diana-Maria",1
"Simkin, Ivan V.",1
"Simon, Francois",1
"Simon, Jordi Serra",1
"Sinagra, Emanuele",1
"Sinagra, Emanuele and
Mercadante, Sebastiano",1
"Singh,
Rajendra S.",1
"Singh, Ajay Kumar",1
"Singh, Anshuman",1
"Singh, Chandralekha",1
"Singh, Deepali",1
"Singh, Harendra",1
"Singh, Lenandlar",1
"Singh, M.",1
"Singh, Muskaan",1
"Singh, Prabhishek",1
"Singh, Prabhu Jyot",1
"Singh, Pragya",1
"Singh, Rounakdeep",1
"Singh, Sahajpreet",1
"Singh, Seema",1
"Singh, Som P.",1
"Singh, Somya",1
"Singh, Sumendra",1
"Singh, Vikrant Vikram and
Gupta, Aditya Kumar",1
"Singh, Vishakha",1
"Singhania, Shubham",1
"Sinha, Ambrisha",1
"Sinha, Anurag",1
"Sinha, Deepti",1
"Sinha, Garima",1
"Sinha, Sachin",1
"Sir, Gül Didem Batur",1
"Sirbu, Gabriel",1
"Sisilitsyn, Yurii O.",1
"Siu, Ben",1
"Sivapriya, G.",1
"Skalka, Ján",1
"Skowranek, Kristin",1
"Skrbinjek, Vesna",1
"Slade, Christine",1
"Slade, Emma
Louise",1
"Slavik, Martin",1
"Slavov, Vladislav",1
"Slehat, Aya Saleh",1
"Slim, Ahmad",1
"Slim, Ameer",1
"Sloka, Biruta",1
"Slomp, Edesio Marcos",1
"Smarr, Simone",1
"Smit, Alexia",1
"Smith, David P.",1
"Smith, Paul",1
"Smith, Paul Vincent",1
"Smith, Ruth",1
"Smith, Sean J.",1
"Smyrnova-Trybulska, Eugenia",1
"Sneha, Yerram",1
"Sobhani, Sina",1
"Sobirova, Guzal",1
"Sobral, Filomena",1
"Sockalingam, Nachamma",1
"Soe, Htoo Htoo Kyaw",1
"Sofos, Alivisos",1
"Sofronieva, Ekaterina",1
"Sohail, Shahab Saquib",1
"Solano, Andrés",1
"Soleimani, Saba",1
"Soliman, Mohamed",1
"Solís, Germán Domínguez",1
"Son, Seungjae",1
"Song,
Fan",1
"Song, Andrew H.
and Walk, Eric E.",1
"Song, Daeun",1
"Song, Dan",1
"Song, Diping",1
"Song, Donggil",1
"Song, Fangtong",1
"Song, Hao",1
"Song, Huanan",1
"Song, Hui",1
"Song, Jeyong",1
"Song, Jing",1
"Song, Li",1
"Song, NaYoung",1
"Song, Ruiming",1
"Song, Ruiyuan",1
"Song, Shijun",1
"Song, Tianheng",1
"Song, Tianshu",1
"Song, Wanru",1
"Song, Weichen",1
"Song, Wootaek",1
"Song, Xuping",1
"Song, Yanqing",1
"Song, Ze",1
"Sonu, Gollapalli Persis",1
"Soon Ong, Yew",1
"Sorecau, Emil",1
"Sorecau, Mirela",1
"Sorenson, Benjamin",1
"Soroudi, Daniel",1
"Sosa-Cabrera,
Silvia",1
"Sousa, Catarina Carneiro de",1
"Southgate,
Erica",1
"Souto, Maria Eduarda Varela Cavalcanti",1
"Spacnlchauer, Basile",1
"Spada, Luigi La",1
"Spanos, Dimitrios and
Tzortzoglou, Filippos",1
"Spantidi, Ourania",1
"Spector, Jonathan Michael",1
"Sperling, Katarina",1
"Spilbergs, Aivars",1
"Spirgi, Lukas",1
"Spivakovsky, V, Oleksandr",1
"Spoladore, Daniele",1
"Sporrong, Elin",1
"Springmier, Kaitlin",1
"Sreekanth, Devananda",1
"Sreenivasulu, Pasupuleti",1
"Sri Krishna, A. P.",1
"Sri, S. Navya",1
"Srimathy, G.",1
"Srimlika, Nomula",1
"Srinath, R.",1
"Srinivasan, Vignesh",1
"Sriram, P Yatish",1
"Srivastava, Amit",1
"Srivastava, Awaneesh Jee",1
"Srivastava, Gautam",1
"Srock, Philipp",1
"Stadler, Matthias",1
"Stalmasekova, Natalia",1
"State, Olimpia",1
"Stefaniak, Jill E.",1
"Stendardi,
David",1
"Stephens, Jason M.",1
"Stephens, Lauren E.",1
"Sterczl, Gábor",1
"Stewart, Craig",1
"Stone, Brian W.",1
"Stowell, Jeffrey R.",1
"Stracke,
Christian m.",1
"Stratopoulos, Theophanis C.",1
"Strelan, Peter",1
"Strelecki, Carey Ann",1
"Stupina, Mariya",1
"Su, HanJun",1
"Su, Henghua",1
"Su, Mengqing",1
"Su, Shih-Wen",1
"Su, Shixiang",1
"Su, Xueping",1
"Su, Yuecheng",1
"Su, Zhao",1
"Suamuang, Wuttiporn",1
"Suarez, Oscar J.",1
"Subirats, Laia",1
"Subramani, S.",1
"Suchanek, Petr",1
"Sudarshan, Vidya",1
"Suess, Courtney",1
"Sughosh, Pundarika",1
"Sugiartawan, Putu",1
"SUGIURA, Akihiro",1
"Suharto, Edy",1
"Suhonen, Jarkko and
Tedre, Matti",1
"Suhyoon Lee, Mimi",1
"Sui, Qingya",1
"Sukar, Haider Kareem",1
"Sukhanov, Denis A.",1
"Suliman, Zuleika",1
"Sullivan, Miriam",1
"Sumilong, Marielle Justine",1
"Summers, Anthony",1
"Sun, Bo",1
"Sun, Dandan",1
"Sun, Gan",1
"Sun, Hongbin",1
"Sun, Jiayue",1
"Sun, Lanfang",1
"Sun, Lihui",1
"Sun, Lingcui",1
"Sun, Lingling",1
"Sun, Long",1
"Sun, Meng",1
"Sun, Mengying",1
"Sun, Mengze",1
"Sun, Ning",1
"Sun, Qian",1
"Sun, Qianru",1
"Sun, Shaohua",1
"Sun, Shouqian",1
"Sun, Wei",1
"Sun, Xiaoyan",1
"Sun, Xiaoyu",1
"Sun, Xinyu",1
"Sun, Yili",1
"Sun, Yinguang",1
"Sun, Yuxuan",1
"Sun, Zemin",1
"Surana, Priya",1
"Surenthar, Mouttoukichenin",1
"Surya, S.",1
"Suryawanshi, Ashish",1
"SUTINEN, Erkki",1
"Suwannakan, Thanakorn",1
"Suárez Jasso, Elsa",1
"Suárez-Pizzarello, Marianella",1
"Svejdarova, Eva",1
"Svetec, Barbi",1
"Svetlik, Ivan",1
"Swaity, Hadeel",1
"Swancutt, Makayla and
Beutel, Bryan G.",1
"Swarat, Su",1
"Swinnerton, Bronwen J.",1
"Symeou, Loizos",1
"Sypniewska, Barbara A.",1
"Syzenko, Anastasiia",1
"Szuts, Zoltan",1
"T, Nithyanandhan",1
"T, Ramakrishnan",1
"Tadimalla, Sri Yash",1
"Tadvi, Irfan",1
"Taha, Mohamed Hassan",1
"Tahir, Muhammad",1
"Tahir, Zarmeen",1
"Tai, Joanna",1
"Tairi, Hamid",1
"Tait,
Alan",1
"TAKADA, Hiroki",1
"TAKADA, Masumi",1
"Takagi, Masanori",1
"Takagi, Toru",1
"Takaha,
Ritsuki",1
"Takahashi, Miyuki",1
"Takaoka, Ryo",1
"Takata, Tomoki",1
"Takita, Hirotaka",1
"Taksande, Aastha",1
"Takáč, Martin",1
"Tala, Madalina Lavinia",1
"Talal, Entesar B.",1
"Talele, Harsha",1
"Talla, Jakub",1
"Tallant, April C.",1
"Tamassy, Reka",1
"Tampubolon, Irma N. I.",1
"Tan, Dongxu",1
"Tan, Huachao",1
"Tan, Lizhuang",1
"Tan, Roy Jun Yi",1
"Tan, Shalyn",1
"Tan, Shan",1
"Tan, Siok Yee",1
"Tan, Xiao",1
"Tan, Yaling Lily",1
"Tan, Yang",1
"Tan, Ying",1
"Tan, Yuanjun",1
"Tang, Ci",1
"Tang, Gaohua",1
"Tang, Hong",1
"Tang, Hui",1
"Tang, Jiao",1
"Tang, Lingli",1
"Tang, Lixin",1
"Tang, Rong",1
"Tang, Su-Kit",1
"Tang, Yangsong",1
"Tang, Yichun",1
"Tang, Yuxia",1
"Tang, Zhiqing",1
"Tao, Cui",1
"Tao, Xiaolong",1
"Tapia-Sosa, Ermel Viacheslav and
Moposita, Segundo Fabian Siza",1
"Tariq, Rasikh",1
"Tarnpradab, Sansiri",1
"Tasa, Fauzan Azhima",1
"Tasnuva Hasan, Rubyat",1
"Tasoglu, Savas
and Ozcan, Aydogan",1
"Tavares, Celia",1
"Tayseer Ayasrah, Firas",1
"Tbaishat, Dina",1
"Tbaishat, Dina Mansour",1
"Tchaleu, Boriane Y.",1
"Teel, Zoe A.",1
"Tegethoff,
Marion",1
"Tej, Medam Bhanu",1
"Teja, Kondepati",1
"Teleb, Ahmed Ali",1
"Temdee, Punnarumol",1
"Teng, Shougan",1
"Teng, Yueyang",1
"Tep, Puthyrom",1
"Teraif, Zainab",1
"Terentev,
Evgeniy",1
"Terentev, Evgenii",1
"Terentiev, Evgeniy",1
"Terwilliger, Emma",1
"Tessarolo, Felipe",1
"Thabit,
Abrar K.",1
"Thabit, Khalid Omar",1
"Thakar, Divya",1
"Thakkar, Jinal Jagdishkumar",1
"Thakur, Puja",1
"Tham, Mau-Luen",1
"Tham, Yih Chung",1
"Tham, Yih-Chung and
Wong, Tien Yin",1
"Thanam, A",1
"Thanh, Binh Nguyen",1
"Thaw, Benjamin",1
Theresiawati,1
"Thierry-Aguilera, Ricardo and
Gerardou, Flor Silvestre",1
"Thitayanuwat, Watchara",1
"Thomas, Elisabeth L.",1
"Thomas, Susan E.",1
"Thompson, Angela K.",1
"Thompson, Michael S.",1
"Thong, Chee Ling",1
"Thorne,
Simon",1
"Thu, Aung Myo",1
"Thu, Myo Myat",1
"Tian,
Maodong",1
"Tian, Hong",1
"Tian, Jie",1
"Tian, Jinkai",1
"Tian, Kexin",1
"Tian, Lan",1
"Tian, Wen",1
"Tian, Xingcong",1
"Tian, Yi",1
"Tian, Yonghong",1
"Tian, Yuan",1
"Tian, Zhen",1
"Tijare, Harshal",1
"Tillmanns, Tanja",1
"Tinnirello, Andrea",1
"Tiwari, Manoj Kumar",1
"Tixi-Toapanta, Hernan
and Miguez-Paredes, Rogel",1
"Tjoa, Erico",1
"Tkáčová, Zuzana",1
"Tlachac, M. L.",1
"Tlili, Ahmed
and VAN Tryon, Patricia j. slagter",1
"To, Ken",1
"Toke, Atharva",1
"Tolzin, Antonia",1
"Tomberlin, Sarah S.",1
"Tomte, Cathrine",1
"Tona, Claudia",1
"Tong, Hang",1
"Tong, Haochen",1
"Topalli, Ayca Kumluca",1
"Tora, Ginta",1
"Toro, Amador Durán",1
"Torres, Ramachandra C.",1
"Torres-Diaz, Juan Carlos",1
"Torres-Zambrano, Jonathan",1
"Torrington, Jodie",1
"Torun, Fulya",1
"Towey, Dave",1
"Tracy, Kaitlyn",1
"Trajkovik, Vladimir",1
"Tran, Duong Hoang Thuy",1
"Tran, Tam
and Du, Zhao",1
"Tran, Thanh Tu",1
"Tran, Thuan",1
"Tran, Tri Mikael",1
"Tran, Van-Nhan",1
"Trejo-Trejo, Gilberto Abelino",1
"Tremblay, Chantal",1
"Triberti, Stefano",1
"Triguero, Isaac",1
"Trindade, Maria A. M.",1
"Trinh, Hieu",1
"Trombetta, Alberto",1
"Troullinou, Eirini",1
"Trujillo-Linan, Laura",1
"Trung, Hieu Thai",1
"Truong, Nguyen Anh Khoa",1
"Trynyak, Maya",1
"Trytten, Deborah A.",1
"Tsagkatakis, Grigorios",1
"Tsakalerou, Mariza",1
"Tsakalides, Panagiotis",1
"Tsaryk, Olga",1
"Tseng, Guan-Ying",1
"Tsi, Louisa H. Y.",1
"Tsihrintzis, George A.",1
"Tsujimoto, Yasushi",1
"Tsutsumi, Kento",1
"Tu,
Yun-Fang",1
"Tu, Michael",1
"Tu, Siwei",1
"Tu, Yun-Fang",1
"Tudy, Randy A.",1
"Tufts, L'Nard",1
"Tung, Chien-Chi",1
"Turnbull, D.",1
"Turnbull, Darren",1
"Tyagi, Shivani",1
"Tyagi, Swarnim",1
"Tynchenko, Vadim",1
"Tynchenko, Vadim S.",1
"Tzirides, Anastasia Olga (Olnancy)",1
"Tüű-Szabó, Boldizsár",1
"Ucar, Mahmut Talha",1
"Uddin, Furquan",1
"Udu, Amadi G.",1
"Ueda, Daiju",1
"Uehara, Yuji",1
"Ujral, Jaskeerat and
Malhotra, Kashish",1
"Ukwandu, Elochukwu",1
"Ulla, Mark B.",1
"Ulla, Mark Bedoya",1
"Ullah, Ehsan",1
"Ullah, Midrar",1
"Ullmann, Thomas",1
"Upadhyay, Pragati",1
"Upsher,
Rebecca",1
"Urban, Alexandra D.",1
"Urbieta, Alexandra Santamaria",1
"Urgel, Keysha",1
"Urkande, Sayali",1
"Urquhart, Lewis",1
"Urra, Enrique",1
"Ursavas, Omer Faruk",1
"Usha, B A",1
"Ushikoshi, Hiroaki",1
"Usman, Muhammad",1
"Usman, Sahnius Bt",1
"Usmanxodjayeva, Adibaxon",1
"Utomo, Prattama Santoso",1
"Uyyala, Ravi",1
"Uzuegbunam, Chikezie",1
"Uzule, Kristine",1
"V, Akshaya",1
"V, Brindiia Devi",1
"V, Dankan Gowda",1
"V. Gernaey, Krist and
Kruhne, Ulrich",1
"V. Osadchyi, Viacheslav",1
"V. Parwani, Anil",1
"Vahed, Anisa",1
"Vaira, Luigi A.",1
"Vaishnavi, Dandla",1
"Vaishnavi, Lakadapuram",1
"Valavala, Benarji",1
"Valentine, James and
Brickhill, Michael",1
"Valerio-Ureña, Gabriel",1
"Vallejos-Paras, Cecilia",1
"Vallez,
Mari",1
"Vallis, Carmen",1
"Valova, Irena",1
"Valverde-Rebaza, Jorge",1
"van Beek, Anton",1
"van den Berg, A.",1
"van den Berg, Geesje",1
"van den Berg, Sofie",1
"van der Aalst, Wil and
Venkatesh, Viswanath",1
"Van Greunen, Darelle",1
"Van Luyn, Ariella",1
"Van Slyke, Craig",1
"van Tryon, Patricia J. Slagter",1
"Vanegas-Salamanca, Katherine",1
"VanLone, Janet",1
"Vargas, Carmen Graciela Arbulu
Perez",1
"Vargas-Bejarano, Mario N.",1
"Varghese Jr, Thomas K.",1
"Vasilakos, Athanasios V.",1
"Vasishta, Prihana",1
"Vasist, Vrishank J.",1
"Vasquez, Alejandra",1
"Vasyakina, E. V.",1
"Vatansever, Saffet",1
"Vaughan,
Geoffrey",1
"Vavekanand, Raja",1
"Vedpathak, Aditya",1
"Veillat, Aline",1
"Velarde-Camaqui, Davis and
Glasserman-Morales, Leonardo David",1
"Velez, Meghan",1
"Veliz, Jose Carlos",1
"Velásquez, Karly M.",1
"Vendemia, Megan A. and
Beer, Nathaniel",1
"Venkadesh, P.",1
"Venkataiah, Chittipaka
and Wider, Walton",1
"Venkatesh, K.",1
"Ventayen, Randy Joy M.",1
"Venugopal, Vipin",1
"Venugopala, P. S.",1
"Verano-Tacoronte, Domingo",1
"Veras, Mirella",1
"Verdone, Bailey",1
"Verma,
Shubhangi",1
"Verma, Gunjan",1
"Verma, Priti",1
"Verma, Shiladitya",1
"Verma, Udit",1
"Vermeulen, L.",1
"Vetriselvi, T.",1
"Vhatkar, Abhijit",1
"Viberg, Olga",1
"Vidal, Piero Beretta",1
"Viejo, Diego",1
"Vigenesh, M.",1
"Viglia, Giampaolo",1
"Vilalta-Perdomo, Eliseo and
Palma-Mendoza, Jaime Alberto",1
"Vilalta-Perdomo, Eliseo and
Salinas-Navarro, David Ernesto",1
"Vilches, Silvia L.",1
"Villegas, Ernesto Reyes",1
"Virvou, Maria",1
"Vispute, Sushma",1
"Vite-Leon, Victor O.",1
"Vivek Vardhan Akisetty, Antony Satya",1
"Viveros-Munoz, Rhoddy",1
"Vizcarra, Bryanna D.",1
"Vo, Diem Thi Hong",1
"Voas, Jeffrey",1
"Voicu-Dorobantu, Roxana",1
"Vokhmintsev, A. V.",1
"Volante, Louis",1
"Voloch,
Nadav",1
"Volos, A. A.",1
"Volpe, Catherine Rita",1
"Vorkel, Daniela",1
"Vorobyeva, Klarisa I.",1
"Vorochkov, Anton and
Sani-boxkurt, Sunaguel",1
"Voznak, Miroslav",1
"Vrana, R.",1
"Vu, Binh H.",1
"Vu, Trong Nghia",1
"Vukovic, Dijana",1
"Vulpe, Simona-Nicoleta",1
"Vurubindi, Padmavathi",1
"Vy, Phan Ngoc Tuong",1
"Vyas, Sonali",1
"Vázquez-Villegas, Patricia",1
"Wable, Kumudini Ashok",1
"Wade, Michael",1
"Wafula, Zarina",1
"Wagh, Madhao",1
"Wagle, Sudip",1
"Wagner, Christian",1
"Wahono, Johannes Widjaja",1
"Wajeeh, Daher",1
"Walczak, Krzysztof",1
"Wali, Ali",1
"Walker, Mark C.",1
"Wallgren, Daniel Tomas",1
"Walston, Shannon L. and
Tatekawa, Hiroyuki",1
"Walton,
Paul",1
"Walton, J.",1
"Wan, Derrick",1
"Wan, Guanxin",1
"Wan, Jing",1
"Wan, Kelvin",1
"Wan, Peng",1
"Wan, Sheng",1
"Wan, Yong",1
"Wan, Yuwei",1
"Wang,
Haibo",1
"Wang, Anqi",1
"Wang, Axi",1
"Wang, Bing",1
"Wang, Bingjie",1
"Wang, Bingyi",1
"Wang, Chang
and Wang, Zihong",1
"Wang, Changsheng",1
"Wang, Chao",1
"Wang, Chaoyue",1
"Wang, Cheng-chia
and Wang, I-chi",1
"Wang, Chengliang",1
"Wang, Chenhui",1
"Wang, Chun",1
"Wang, Chunshi",1
"Wang, Chunying",1
"Wang, Chunzhi",1
"Wang, Cong",1
"Wang, Congyan",1
"Wang, Dan",1
"Wang, Deming",1
"Wang, Donglin",1
"Wang, En",1
"Wang, Fang",1
"Wang, Feifei",1
"Wang, Guanchun",1
"Wang, Guangcheng",1
"Wang, Guoyu",1
"Wang, Haibo",1
"Wang, Haoming",1
"Wang, Hongye",1
"Wang, Jack T. H.",1
"Wang, Jiahao",1
"Wang, Jianfeng",1
"Wang, Jiangzhou",1
"Wang, Jin",1
"Wang, Jinchao",1
"Wang, Jing",1
"Wang, Jingling",1
"Wang, Jingqiang",1
"Wang, Jingxuan",1
"Wang, Jinjun",1
"Wang, Juan",1
"Wang, Junliang",1
"Wang, Justin",1
"Wang, Karen D.",1
"Wang, Le",1
"Wang, Liang",1
"Wang, Lili",1
"Wang, Limin",1
"Wang, Lin",1
"Wang, Lina",1
"Wang, Lingfeng",1
"Wang, Lixun",1
"Wang, Lizhe",1
"Wang, Louis William",1
"Wang, Mei-Hui",1
"Wang, Meimin",1
"Wang, Mengjiao",1
"Wang, Min",1
"Wang, Minghui",1
"Wang, Mini Han",1
"Wang, Minkai",1
"Wang, Mo",1
"Wang, Nan",1
"Wang, Nannan",1
"Wang, Pei",1
"Wang, Ping",1
"Wang, Qianlin",1
"Wang, Qianqian",1
"Wang, Qiaojuan",1
"Wang, Qiong",1
"Wang, Robert",1
"Wang, Ruijie",1
"Wang, Ruilin",1
"Wang, Sandy I. -Ching",1
"Wang, Shan",1
"Wang, Shanfeng",1
"Wang, Shao-Wei",1
"Wang, Shaofan",1
"Wang, Shaowei",1
"Wang, Shouju",1
"Wang, Szu-Hong",1
"Wang, Tianchong",1
"Wang, Tianran",1
"Wang, Ting",1
"Wang, Victor Xiaoqi",1
"Wang, Wanting",1
"Wang, Weixing",1
"Wang, Wen",1
"Wang, Wenda",1
"Wang, Wenhua",1
"Wang, Wenqian",1
"Wang, Xianghai",1
"Wang, Xianpeng",1
"Wang, Xiaoding",1
"Wang, Xiaojie",1
"Wang, Xing",1
"Wang, Xingce",1
"Wang, Xingwu",1
"Wang, Xinquan",1
"Wang, Y. Mike",1
"Wang, Yanan",1
"Wang, Yanting",1
"Wang, Yaohui",1
"Wang, Yaonan",1
"Wang, Ye",1
"Wang, Yi",1
"Wang, Yida",1
"Wang, Yijun",1
"Wang, Yimeng",1
"Wang, Ying",1
"Wang, Yinglong",1
"Wang, Yiqing",1
"Wang, Yiyin",1
"Wang, Yizhou
and Zhu, Song -Chun",1
"Wang, Yongbo",1
"Wang, Youmei",1
"Wang, Yuan",1
"Wang, Yuanzhe",1
"Wang, Yuehui",1
"Wang, Yueyue",1
"Wang, Yuli",1
"Wang, Yun",1
"Wang, Yuzhen",1
"Wang, Z.",1
"Wang, Zan",1
"Wang, Zhaowen",1
"Wang, Zhen",1
"Wang, Zhenzhong",1
"Wang, Zhi",1
"Wang, Zhifeng",1
"Wang, Zhigang",1
"Wang, Zhihao",1
"Wang, Zhipeng",1
"Wang, Zhisun",1
"Wang, Zi",1
"Wang, Zihang",1
"Wang, Ziqian",1
"Wang, Ziqin",1
"Wang, Zixuan",1
"Ward, Tony",1
"Warudkar, Sahil",1
"Waser, Marco",1
"Wasiat, Georgy Banny Rizky",1
"Waspada, Indra",1
"Wassell, Ian",1
"Watanabe, Ko",1
"Watanabe, Takuto",1
"Watkowski, Laura",1
"Watson, Karan L.",1
"Watson, Steven",1
"Watson, Steven and
Mulligan, Donal",1
"Watts, Keith J.",1
"Webb, Michelle",1
"Webber, Colin",1
"Wei, Bin",1
"Wei, Fuhao",1
"Wei, Hao",1
"Wei, Jia",1
"Wei, Luxi",1
"Wei, Wei",1
"Wei, Xiaodong",1
"Wei, Xiaohui",1
"Wei, Xiaopeng",1
"Wei, Xiaotong",1
"Wei, Xin",1
"Wei, Yufeng",1
"Wei, Zhe",1
"Weichert, James",1
"Weitekamp, Daniel",1
"Welch, William C.",1
"Wells, Rebecca F.",1
"Welsen, Sherif",1
"Wen, Da",1
"Wen, Dengmin",1
"Wen, Erh-Ya",1
"Wen, Jiajun",1
"Wen, Jigang",1
"Wen, Jinbo",1
"Wen, Li-Peng",1
"Wen, Long",1
"Wen, Po-Chun",1
"Wen, Run",1
"Wen, Xianbin",1
"Wen, Yana",1
"Wen, Yibin",1
"Weng, Kai-Chen",1
"Weng, Lingling",1
"Weng, Wenjie",1
"Weng, Zhenjie",1
"Wentworth, Isabelle",1
"Wenzel, Taylar",1
"Weuthen, Felix A.",1
"Wheat, J.",1
"Whitbread, Molly",1
"White, Amanda",1
"White, John",1
"White, Jules",1
"White, Lance L.A.",1
"White, Monica N.",1
"WhitWorth, Drew",1
"Wibowo, Mars Caroline",1
"Wicaksono, Danang Wahyu",1
"Wieman, Carl",1
"Wiens, Jason",1
"Wiersma, Emma",1
"Wiharja, Chandra Kurniawan",1
"Wijayanayake, J.",1
"Wijikumar, Pirunthavi",1
"Willems, Thijs",1
"Willenborg, Amber",1
"Williams, Andrew",1
"Williams, Ryan Thomas",1
"Wilson, Sara Ellen",1
"Wilson, Thomas D.",1
"Wilson-Kennedy, Zakiya",1
"Win, Aung Kyi",1
"Winokur, Michael",1
"Wirtz, Jochen",1
"Wise, Beck",1
"Withorn, Tessa",1
"Wittberg, Volker",1
"Wittkowsky, Marion",1
"Wodecki, Andrzej",1
"Wong, Gary K. W.",1
"Wong, J. H. K.",1
"Wong, Tak-Lam",1
"Wong, Tien Yin
and Liu, Nan",1
"Wong, Wilson",1
"Wongpatikaseree, Konlakorn",1
"Woo, Bing Hong",1
"Woo, Hyunju",1
"Woo, Yan Yin",1
Working Grp Artificial Intelligence Higher,1
"Worthley, Benjamin",1
"Wright, Brianca",1
"Wright, Donald S.",1
"Wright, Ryan",1
"Wright, Sue",1
"Wu, Aming",1
"Wu, Changmao",1
"Wu, Chunhui",1
"Wu, Fan",1
"Wu, Hang",1
"Wu, Hanwei",1
"Wu, Hao",1
"Wu, Hongcheng",1
"Wu, Houmin",1
"Wu, Huafeng",1
"Wu, I-Shan",1
"Wu, Jialin",1
"Wu, Jinjian",1
"Wu, Jun",1
"Wu, Kaihua",1
"Wu, Kaishun",1
"Wu, Libing",1
"Wu, Linlu",1
"Wu, M.H.",1
"Wu, Mengze",1
"Wu, Michael
Shengtao",1
"Wu, Ming",1
"Wu, Minjun",1
"Wu, Pengjun",1
"Wu, Qi",1
"Wu, Qingqing",1
"Wu, Ruiqi",1
"Wu, Shaowu",1
"Wu, Songruoyao and
Cai, Shixuan",1
"Wu, Suhan",1
"Wu, Tao",1
"Wu, Thomas",1
"Wu, Weijiang",1
"Wu, Wenqi",1
"Wu, Xiao",1
"Wu, Xiao-Jun",1
"Wu, Xingyao",1
"Wu, Xinyu",1
"Wu, Xinzhu",1
"Wu, Yahong",1
"Wu, Yang",1
"Wu, Yao",1
"Wu, Yuanyuan",1
"Wu, Yuchuan",1
"Wu, Yudie",1
"Wu, Yue",1
"Wu, Yuhan",1
"Wu, Yujie",1
"Wu, Zhan",1
"Wu, Zhangyang",1
"Wu, Zhijun",1
"Wu, Zhongke",1
"Wu, Zihao",1
"Wut, Tai Ming",1
"Wylie, Ruth",1
"Xia, Julia",1
"Xia, Xiaojun",1
"Xia, Xiaoyan",1
"Xia, Xiaoyu",1
"Xia, Zhihua",1
"Xiahou, Jiangbin",1
"Xian, Ke",1
"Xiang, Junchen",1
"Xiang, Qianchen",1
"Xiang, Rikui",1
"Xiang, Shao",1
"Xiang, Shiming",1
"Xiang, Wei",1
"Xiang, Xinguang",1
"Xiang, Xiuzhen",1
"Xiao, Bin",1
"Xiao, Bo",1
"Xiao, Fuke",1
"Xiao, Haozhang",1
"Xiao, Hongbo",1
"Xiao, Liang",1
"Xiao, Lin",1
"Xiao, Mengyun",1
"Xiao, Min",1
"Xiao, Qi",1
"Xiao, Shuai",1
"Xiao, Xueming",1
"Xiao, Yanjun",1
"Xiao, Zhang",1
"Xiao, Zhiwen",1
"Xie,
Haoran",1
"Xie, Anming",1
"Xie, Charles",1
"Xie, Chenyu",1
"Xie, Fei",1
"Xie, Gaochang",1
"Xie, Gaogang",1
"Xie, Hao",1
"Xie, Haoran",1
"Xie, JiangTao",1
"Xie, Jing",1
"Xie, Kun",1
"Xie, Lindai",1
"Xie, Meijuan",1
"Xie, Qing",1
"Xie, Renchao",1
"Xie, Rong",1
"Xie, Shipeng",1
"Xie, Tao",1
"Xie, Xin",1
"Xie, Xuan",1
"Xie, Yi",1
"Xie, Yiliang",1
"Xie, Yong",1
"Xie, Yuankun",1
"Xie, Yufei",1
"Xie, Yuhao",1
"Xie, Yunxiang",1
"Xie, Yuxiang",1
"Xie, Zehang",1
"Xie, Zhuojia",1
"Xing, Eric",1
"Xing, Huanlai",1
"Xing, Lining",1
"Xing, Yu",1
"Xing, Zhizhong",1
"Xiong, Hui",1
"Xiong, Jie",1
"Xiong, Lin",1
"Xiong, Xin",1
"Xu,
Zhuo-Zhuo",1
"Xu, Beiyuan",1
"Xu, Bingqian",1
"Xu, Chang",1
"Xu, Changfu",1
"Xu, Changsheng",1
"Xu, Chao",1
"Xu, Chengshu",1
"Xu, Chuanyun",1
"Xu, Haixia",1
"Xu, Handan",1
"Xu, Hao",1
"Xu, Huifen",1
"Xu, Jian",1
"Xu, Jie",1
"Xu, Jinrun",1
"Xu, Jun",1
"Xu, Kuangzhe",1
"Xu, Le",1
"Xu, Lexi",1
"Xu, Mengqiu",1
"Xu, Mingliang",1
"Xu, Minrui",1
"Xu, Qi",1
"Xu, Qihui",1
"Xu, Ran",1
"Xu, Ruichen",1
"Xu, Shen",1
"Xu, Songni",1
"Xu, Tao",1
"Xu, Tianshuo",1
"Xu, Tingfa",1
"Xu, Weiqi",1
"Xu, Xiao",1
"Xu, Xiaodong",1
"Xu, Xiaojie",1
"Xu, Xiaoxia",1
"Xu, Xin",1
"Xu, Xinyue",1
"Xu, Yanhua
and Chen, Jiayu",1
"Xu, Yanru",1
"Xu, Yuanbo",1
"Xu, Yuanye",1
"Xu, Yueyuan",1
"Xu, Zhibin",1
"Xu, Zhifei",1
"Xuan, Son Ha",1
"Xue, Hai",1
"Xue, Jieyao",1
"Xue, Yajing",1
"Xue, Yujie",1
"Yaacoub, Antoun",1
"Yaakob, Razali",1
"Yadav,
Berendra",1
"Yadav, Pravin Vitthal",1
"Yadav, Prkash Kumar",1
"Yadegaridehkordi, Elaheh",1
"Yakovleva, K. I.",1
"Yakubu, Mohammed Nasiru",1
"Yalcin, Yasin",1
"Yam, Yeung",1
"Yamada, Rie",1
"Yamaguchi, Yasumasa",1
"Yamamoto, Beverley Anne",1
"YAMAMOTO, Shota",1
"Yamaoka, Kanta",1
"Yamauchi, Kazuyo",1
"Yamuna Devi, M M",1
"Yan Koh, Yit",1
"Yan, Clement C.",1
"Yan, Feng",1
"Yan, Fengtao",1
"Yan, Haixuan",1
"Yan, Hongyang",1
"Yan, Jialin",1
"Yan, Keyu",1
"Yan, Kun",1
"Yan, Ling",1
"Yan, Lixiang",1
"Yan, Rong",1
"Yan, Wanxin",1
"Yan, Yanghui",1
"Yan, Yichao",1
"Yan, Zheng",1
"Yan, Zhonghua",1
"Yanez-Rueda, Hugo",1
"Yang,
Qian",1
"Yang,
Yajuan",1
"Yang,
Yuqin",1
"Yang,
Zhenhua",1
"Yang, Bo",1
"Yang, Chen",1
"Yang, Chunfeng",1
"Yang, Dandan",1
"Yang, Elaine",1
"Yang, Guang",1
"Yang, Guanyu",1
"Yang, Hairu",1
"Yang, Haixu",1
"Yang, Hang",1
"Yang, Hanmei",1
"Yang, Hao",1
"Yang, Harrison Hao",1
"Yang, Hongqin",1
"Yang, Hongtao",1
"Yang, Hongwu",1
"Yang, Huili",1
"Yang, Jiachen",1
"Yang, Jian",1
"Yang, Jiaxi",1
"Yang, Kaiwen",1
"Yang, Kun",1
"Yang, Lanqing",1
"Yang, Li",1
"Yang, Lin",1
"Yang, Liujing",1
"Yang, Longzhi",1
"Yang, Miaoyan",1
"Yang, Nan",1
"Yang, Qian",1
"Yang, Rui",1
"Yang, Runde and
Chen, Jiayin",1
"Yang, Seongeun",1
"Yang, Shuqiang",1
"Yang, Tsung-Hao",1
"Yang, Tzu-Chi",1
"Yang, Wah",1
"Yang, Weijia",1
"Yang, Wenjia",1
"Yang, Wenjing",1
"Yang, Xiaolong",1
"Yang, Xiaozhe",1
"Yang, Xing",1
"Yang, Yan",1
"Yang, YeHan",1
"Yang, Ying",1
"Yang, Yongjian",1
"Yang, Yunying",1
"Yang, Yuqun",1
"Yang, Yuting",1
"Yang, Zefeng",1
"Yang, Zengzhi",1
"Yang, Zhiqiang",1
"Yang, Zicheng",1
"Yang, Zijia",1
"Yannacopoulou, Anastasia",1
"Yao, Haipeng",1
"Yao, Jiajia",1
"Yao, Jingzheng",1
"Yao, Junping",1
"Yao, Le",1
"Yao, Meibao",1
"Yao, Na",1
"Yao, Qiaohong",1
"Yao, SiYa",1
"Yao, Xu",1
"Yao, Yi",1
"Yao, Yudong",1
"Yao, Yuhan",1
"Yao, Yuzhong",1
"Yao, Zhi",1
"Yao, Zhigang",1
"Yao, Zhihan",1
"Yashasvini, M.R.",1
"Yasin Ghadi, Yazeed",1
"Yasin, Naveed",1
"Yassin, Hayati",1
"Yates, Makenzie S.",1
"Yau, Her-Terng",1
"Yavuz, Selim",1
"Ye, Chuan",1
"Ye, Fei",1
"Ye, Junmin",1
"Ye, Zicheng",1
"Yeh, Jen-Yu",1
"Yen, Margaret",1
"Yenduri, Gokul",1
"Yeo, Marie Alina",1
"Yerimbetova, Aigerim",1
"Yesha, Yaacov",1
"Yesha, Yelena",1
"Yetisen, Ail K.",1
"Yeung, Siu Sze",1
"Yi, Wei",1
"Yi, Xiaokai",1
"Yibokou, Kossi Seto",1
"Yigci, Defne",1
"Yik, Brandon J.",1
"Yilmaz, Berkay",1
"Yilmaz, Fatma Gizem Karaoglan",1
"Yilmaz, Ramazan",1
"Yin, Bing",1
"Yin, Juanjuan",1
"Yin, Kaiyu",1
"Yin, Mujun",1
"Yin, Shuqi",1
"Yin, Xiaolin",1
"Yin, Xinghan",1
"Yin, Yang",1
"Ying, Zefeng",1
"Yip, Sun Yee",1
"Yogarayan, Sumendra",1
Yogita,1
"Yong, Binbin",1
"Yongli, Gao",1
"Yoon, Jang W.",1
"You, Xiaohu",1
"You, Yu-ling",1
"You, Zhiyuan",1
"Yousef, Dima",1
"Yousif, Adil",1
"Youssif, Samia",1
"Yu, Fei Richard",1
"Yu, Helong",1
"Yu, Hsing-Yi",1
"Yu, Huiqun",1
"Yu, Ji Hyun",1
"Yu, Jiashuo",1
"Yu, Jinhui",1
"Yu, Kai",1
"Yu, Kunpeng",1
"Yu, Le",1
"Yu, Lejun",1
"Yu, Lu",1
"Yu, Ming",1
"Yu, Ruifeng",1
"Yu, Samson",1
"Yu, Shuang",1
"Yu, Shuyang",1
"Yu, Siqi",1
"Yu, Sung-Nien",1
"Yu, Teng",1
"Yu, Weijie",1
"Yu, Wenjun",1
"Yu, Wenwei",1
"Yu, Wenxuan",1
"Yu, Xiao",1
"Yu, Yaman",1
"Yu, Ying",1
"Yu, Ying
and Yan, Zhonghua",1
"Yu, Yingchen",1
"Yu, Yonghong",1
"Yu, Yue",1
"Yu, Yunguo",1
"Yu, Zhenhua",1
"Yu, Zhixin",1
"Yuan, Bei",1
"Yuan, Chengsheng",1
"Yuan, Chunfeng",1
"Yuan, Fang",1
"Yuan, Guihong",1
"Yuan, Liming",1
"Yuan, Rui",1
"Yuan, Shyan-Ming",1
"Yuan, Xiujuan",1
"Yuan, Zhiqiang",1
"Yue, Chao-Cyuan",1
"Yue, Xiao-Guang",1
"Yuen, Chau",1
"Yulianti, Diana Trivena",1
"Yun, Sohyeon",1
"Yurchenko, Stanislav O.",1
"Zacca, Andrew",1
"Zada, Gabriel",1
"Zade, Sujal",1
"ZAFARI, M. O. S. T. A. F. A.",1
"Zagode, Ana Marija",1
"Zaguri, Yanay and
Kohen-Vacs, Dan",1
"Zaiarnyi, Oleh",1
"Zaidi, Rohma and
Qureshi, Fawad",1
"Zaidi, Syed Muhammad Hassan",1
"Zailer, Gideon",1
"Zaimoglu, Senem",1
"Zakaria, Noor Jannah",1
"Zakariyyah, Kudirat Ibilola",1
"Zakowski, M.",1
"Zakree Ahmad Nazri, Mohd",1
"Zalake, Mohan and
Krive, Jacob",1
"Zalite-Supe, Zinta",1
"Zalzal,
Habib G.",1
"Zaman, Eshita",1
"Zamani, Mazdak",1
"Zang, Mouhong",1
"Zang, Qi",1
"Zang, Shizhe",1
"Zanichelli, Axelle",1
"Zapata, Gabriela",1
"Zapata-Gonzalez, Alfredo",1
"Zare, Javad",1
"Zawacki-Richter, Olaf",1
"Zawacki-Richter, Olaf and
Asino, Tutaleni Iita",1
"Zawacki-richter, Olaf and
Huijser, Henk",1
"Zecevic, Mladen and
Motsi-Omoijiade, Immaculate",1
"Zeivots, Sandris",1
"Zelic, Marija",1
"Zemsky, Peter",1
"Zeneli, Muhamet",1
"Zeng, Jiandian",1
"Zeng, Ming",1
"Zeng, Runhao",1
"Zeng, Siyuan",1
"Zeng, Weijia",1
"Zeng, Wu",1
"Zeng, Xiangyun",1
"Zeng, XiaoHong",1
"Zeng, Xin",1
"Zeng, Yawen",1
"Zeng, Yuqiao",1
"Zeng, Zhigang",1
"Zeping, He",1
"Zerouali, Amina",1
"Zeyu, Ding",1
"Zha, Haoxiang",1
"Zhai,
Jiayu",1
"Zhai, Dezhao",1
"Zhai, Donghai",1
"Zhai, Xiangping Bryce",1
"Zhai, Xiaoyue",1
"Zhai, Xuesong",1
"Zhai, Yufan",1
"Zhakhyp, Baurzhan and
Kabylgazina, Klara",1
"Zhan, Fangneng",1
"Zhan, Yanjie",1
"Zhan, Yuchan",1
"Zhang, Aiden Wen Yi",1
"Zhang, Bo",1
"Zhang, Boyu",1
"Zhang, Chengcheng",1
"Zhang, Chuan",1
"Zhang, Chuang",1
"Zhang, Chuhuan",1
"Zhang, Congxuan",1
"Zhang, David",1
"Zhang, Denghui",1
"Zhang, Dong",1
"Zhang, Dongyu",1
"Zhang, Fan",1
"Zhang, He",1
"Zhang, Henggui",1
"Zhang, Honglei",1
"Zhang, Hongliang",1
"Zhang, Jiajin",1
"Zhang, Jiale",1
"Zhang, Jianzhen",1
"Zhang, Jiaqi",1
"Zhang, Jiayang",1
"Zhang, Jing",1
"Zhang, Jingchuan",1
"Zhang, Jinghua",1
"Zhang, Jingjing",1
"Zhang, Jinglin",1
"Zhang, Jingze",1
"Zhang, Jinlu",1
"Zhang, Jinxiao",1
"Zhang, Jinyue",1
"Zhang, Jiwei",1
"Zhang, Jun",1
"Zhang, Kaining",1
"Zhang, Kejun",1
"Zhang, Kexin",1
"Zhang, Keying",1
"Zhang, Liang",1
"Zhang, Lishan",1
"Zhang, Lixin",1
"Zhang, Long",1
"Zhang, Lu and
Tham, Yih Chung",1
"Zhang, Lvheng",1
"Zhang, Meng",1
"Zhang, Mingjin",1
"Zhang, Mingyan",1
"Zhang, Mingyang",1
"Zhang, Mingzhi",1
"Zhang, Nan",1
"Zhang, Panpan",1
"Zhang, Pei",1
"Zhang, Peiying",1
"Zhang, Qi",1
"Zhang, Qian",1
"Zhang, Ruyun",1
"Zhang, Shaoying",1
"Zhang, Shujian",1
"Zhang, Shuling",1
"Zhang, Sijia",1
"Zhang, Siqi",1
"Zhang, Susu",1
"Zhang, Tiancheng",1
"Zhang, Tiantian",1
"Zhang, Tianyu",1
"Zhang, Tianzong",1
"Zhang, Tixiang",1
"Zhang, Weiping",1
"Zhang, Weiting",1
"Zhang, Weiwei",1
"Zhang, Weiwei and
Tao, Sining",1
"Zhang, Weixia",1
"Zhang, Wenbo",1
"Zhang, Wenhao",1
"Zhang, Wenjuan",1
"Zhang, Wenjun",1
"Zhang, Wenxin",1
"Zhang, Wenyu",1
"Zhang, Xiang",1
"Zhang, Xiaobo",1
"Zhang, Xiaoqin",1
"Zhang, Xiaoxuan",1
"Zhang, Xiaoyu",1
"Zhang, Xin",1
"Zhang, Xin-Yu",1
"Zhang, Xinfeng",1
"Zhang, Xinyuan",1
"Zhang, Xiulan",1
"Zhang, Xiyuan",1
"Zhang, Xueying",1
"Zhang, YangSiyu",1
"Zhang, Ye",1
"Zhang, Yifang",1
"Zhang, Yihong",1
"Zhang, Yijie",1
"Zhang, Yiming",1
"Zhang, Yinghui",1
"Zhang, Yingqian",1
"Zhang, Yinjie",1
"Zhang, Youliang",1
"Zhang, Youmin",1
"Zhang, Yu",1
"Zhang, Yuan",1
"Zhang, Yuanyuan",1
"Zhang, Yuntao",1
"Zhang, Yurui",1
"Zhang, Yuting",1
"Zhang, Yuxin",1
"Zhang, Zhancheng",1
"Zhang, Zhaoli",1
"Zhang, Zhaoyang",1
"Zhang, Zhen",1
"Zhang, Zhenfeng",1
"Zhang, Zheng",1
"Zhang, Zhenliang",1
"Zhang, Zhihao",1
"Zhang, Zhihui",1
"Zhang, Zhijun",1
"Zhang, Zhipeng",1
"Zhang, Zhizhou",1
"Zhang, Zhuoni",1
"Zhang, Zihao",1
"Zhang, Zikai",1
"Zhao,
Lijian",1
"Zhao, Bin",1
"Zhao, Bowen",1
"Zhao, Caidan",1
"Zhao, Changhua",1
"Zhao, Changming",1
"Zhao, Dong",1
"Zhao, Dongjie",1
"Zhao, Gang",1
"Zhao, Guohong",1
"Zhao, Haoyu",1
"Zhao, Jiahe",1
"Zhao, Jialu",1
"Zhao, Jiaxuan",1
"Zhao, Jie",1
"Zhao, Jing",1
"Zhao, Jingjing",1
"Zhao, Keyun",1
"Zhao, Lili",1
"Zhao, LiuFeng",1
"Zhao, Long",1
"Zhao, Shanshan",1
"Zhao, Tao",1
"Zhao, Tingting",1
"Zhao, Wei",1
"Zhao, Xian",1
"Zhao, Xiaole",1
"Zhao, Xiaoyan",1
"Zhao, Xiaoyang",1
"Zhao, Xing-Ming",1
"Zhao, Xingyu",1
"Zhao, Xiong",1
"Zhao, Yang",1
"Zhao, Yaning",1
"Zhao, Yi",1
"Zhao, Yi-Fei",1
"Zhao, Yibo",1
"Zhao, Yue",1
"Zhao, YunTian",1
"Zhao, Zhicheng",1
"Zhao, Zijian",1
"Zhaxylykbayeva, Rimma",1
"Zhdanov, Sergei P.",1
"Zhe, Longting",1
"Zheltukhina, Marina R.",1
"Zheltukhina, Marina R.
and Chikileva, Lyudmila S.",1
"Zheng, Bo",1
"Zheng, Chanjin",1
"Zheng, Chanjin and
Sani-Bozkurt, Sunaguel",1
"Zheng, Chuhang",1
"Zheng, Dongliang",1
"Zheng, Guochao",1
"Zheng, Guoyang",1
"Zheng, Ji",1
"Zheng, Jieheng",1
"Zheng, Jieying",1
"Zheng, Juepeng",1
"Zheng, Lei",1
"Zheng, Mingyang",1
"Zheng, Qiang",1
"Zheng, Ruxin",1
"Zheng, Sunyi",1
"Zheng, Wei-Shi",1
"Zheng, Xi",1
"Zheng, Xiaolong",1
"Zheng, Xiawu",1
"Zheng, Xinwen",1
"Zheng, Xixi",1
"Zheng, Yafeng",1
"Zheng, Yifeng",1
"Zheng, Yuan",1
"Zheng, Yuhui",1
"Zheng, Zeyu",1
"Zheng, Zhizi",1
ZhifanWang,1
"Zhipeng, Chen",1
"Zhong, Da",1
"Zhong, Dixiu",1
"Zhong, Hongyu",1
"Zhong, Lin",1
"Zhong, Linrong",1
"Zhong, Luoxin",1
"Zhong, Nuoxi",1
"Zhong, Shengwei",1
"Zhong, Ximing",1
"Zhong, Yaozhang",1
"Zhong, Yue",1
"Zhong, Zhun",1
"Zhong, Zikang",1
"Zhou, Changle",1
"Zhou, Dongbo",1
"Zhou, Dongdong",1
"Zhou, Fuyu",1
"Zhou, Geyao",1
"Zhou, Guanghua",1
"Zhou, Guohui",1
"Zhou, Guoliang",1
"Zhou, Haibo",1
"Zhou, Hongjing",1
"Zhou, Huaqiang",1
"Zhou, Huaqiao",1
"Zhou, Jiachen",1
"Zhou, Jinqiao",1
"Zhou, Junfei",1
"Zhou, Lihua",1
"Zhou, Mu",1
"Zhou, Qingguo",1
"Zhou, Qinglian",1
"Zhou, Qiuheng",1
"Zhou, Ruifeng",1
"Zhou, Sanping",1
"Zhou, Shizhe",1
"Zhou, Wang",1
"Zhou, Wei",1
"Zhou, Wenxin",1
"Zhou, Xiaolong",1
"Zhou, Xinyu",1
"Zhou, Yanhui",1
"Zhou, Yanmin",1
"Zhou, Yicong",1
"Zhou, Yong",1
"Zhou, Yuan",1
"Zhou, Yuankai",1
"Zhou, Yueying",1
"Zhou, Yun",1
"Zhou, Zhongchao",1
"Zhou, Zili",1
"Zhu, Can",1
"Zhu, Chang",1
"Zhu, Chen",1
"Zhu, Chenglu",1
"Zhu, Chunying",1
"Zhu, Di",1
"Zhu, Fa",1
"Zhu, Fei",1
"Zhu, Fenghao",1
"Zhu, Gaoxia",1
"Zhu, Hailin",1
"Zhu, Hongbo",1
"Zhu, Jian",1
"Zhu, Jiandong",1
"Zhu, Jiaqi",1
"Zhu, Jiehui",1
"Zhu, Jinlin",1
"Zhu, Kesi",1
"Zhu, Liehuang",1
"Zhu, Rongyan",1
"Zhu, Sha",1
"Zhu, Weijing",1
"Zhu, Wenlong",1
"Zhu, Xinhai",1
"Zhu, Xinran",1
"Zhu, Yanmei",1
"Zhu, Yicheng",1
"Zhu, Yifan",1
"Zhu, Yinkun",1
"Zhu, Yixin",1
"Zhu, Yong",1
"Zhu, Yuyun",1
"Zhu, Zhen",1
"Zhu, Zhihui
and Gao, Jianping",1
"Zhu, Zhu",1
"Zhu, Zixun",1
"Zhuo, Ziqing",1
"Zimmermann, Andri",1
"Zinchenko, Viktor",1
"Zinovieva, Irina",1
"Zizka, L.",1
"Zoromba, Mohamed Ali",1
"Zou, Haodong",1
"Zou, Tao",1
"Zou, Xiaowen",1
"Zou, Xishan",1
"Zou, Xuanxuan",1
"Zou, Zi-Zhuang",1
"Zu, Wenjie",1
"Zuan, Son Ha",1
"Zuckerman, Cole and
Schrout, Jessica",1
"Zuin, Marco",1
"Zunaidah, Asih",1
"Zuo, Yingli",1
"Zárate Hernández, Ximena M.",1
"Álvarez-Icaza, Inés",1
"Çerçioğlu, Hakan",1
"Đerić, Elena",1
"Šnajder, L'ubomír",1
"Žufić, J.",1
"Țurcanu, Dinu",1
"Adali, Gokce Karahan",2
"Ahamed, Jinesh",2
"Ai, Bo",2
"Al-Okaily, Manaf",2
"Al-Samarraie, Hosam",2
"Alaguero-Rodriguez, Mario",2
"Alario-Hoyos, Carlos",2
"Alimardani, Armin",2
"Anderson, Neil",2
"Anoop, B. N.",2
"Ardi, Havid and
Al Hafizh, Muhd.",2
"Arista, Artika",2
"Arsyad, Safnil",2
"Artyukhov, Artem",2
"Asad, Muhammad Mujtaba",2
"Asif, Muhammad",2
"Babo, Lurdes",2
"Bai, Jing",2
"Bai, Shurui",2
"Bai, Xianping",2
"Bego, Campbell R.",2
"Beimel, Dizza",2
"Belkina, Marina",2
"Bidry, Mahmoud",2
"Bland, Tyler",2
"Bond, Melissa",2
"Bossens, David M.",2
"Boulos, Maged N. Kamel",2
"Bower, Matt",2
"Bsharat, Tahani R. K.",2
"Buele, Jorge",2
"Cali, Umit",2
"Camacho-Zuñiga, Claudia",2
"Cao, Yang-Jie",2
"Cascella, Marco",2
"Castro, Marietta",2
"Catak, Evren",2
"Catak, Ferhat Ozgur",2
"Chan, Miguel Morales",2
"Chan, Sumie",2
"Chen, Jia",2
"Chen, Jiaxin",2
"Chen, Jie",2
"Chen, Jin",2
"Chen, Kefan",2
"Chen, Long",2
"Chen, Ping",2
"Chen, Xiaoxuan",2
"Chen, Yaxiong",2
"Cheung, Alan C. K.",2
"Cheung, Kason Ka Ching",2
"Chiu,
Thomas K. F.",2
"Cho, Bong-Kyung",2
"Choi, Gyu Sang",2
"Chung, Ji-Bum",2
"Coatrieux, Jean-Louis",2
"Collins, Matthew",2
"Cong, Fengyu",2
"Corrin, Linda",2
"Cowling, Michael",2
"Crisostomo, Rodrigo A.",2
"Cui, Qi",2
"Cummings, James J.",2
"Currie, Geoffrey",2
"Cutler, Stephanie",2
"Dai, Penglin",2
"Dang, Belle",2
"Daniel, Kangwa",2
"De Silva, Daswin",2
"Dede, Chris",2
"Deng, Lingfei",2
"Deoraj, Rajeshwari",2
"DeVito, Paulina",2
"Ding, Chuntao",2
"Ding, Shifei",2
"Ding, Xinghao",2
"Domingue, John",2
"Dron, Jon",2
"Duong, Cong Doanh",2
"Dwivedi, Yogesh K.",2
"Esqueda-Merino, Donovan M.",2
"Fan, Linyu",2
"Fan, Qiong",2
"Farazouli, Alexandra",2
"Fleischmann, Katja",2
"Ford, Chris",2
"Galway, Leo",2
"Gao, Rui",2
"Gao, Yuan",2
"Garcia-Lopez, Ivan Miguel",2
"Gehring, Denise R.",2
"George, Ragi",2
"Goh, Sim Kuan",2
"Gong, Chen",2
"Gouveia, Teresa",2
"Guan, Naiqing",2
"Guo, Meize",2
"Guo, Mingyue",2
"Guo, Siying",2
"Guo, Yunyun",2
"Gurudas Korde, Charudatta",2
"Hadzhikolev, Emil",2
"Hadzhikoleva, Stanka",2
"Hamamra, Bilal",2
"Hanine, Mohamed",2
"Haque, Rezwanul",2
"Hardiah, Mei",2
"Hassan, Ghulam M.",2
"He, Xiuling",2
"He, Xuanhua",2
"Heil, Joana",2
"Henderson, Michael",2
"Heo, Yong Seok",2
"Hernandez, Alexander A.",2
"Hershkovitz, Arnon",2
"Hingle, Ashish",2
"Hinrichsen, Carlos",2
"Hou, Yaqing",2
"Hu, Dianlin",2
"Hu, Weiming",2
"Huang, Dongpeng",2
"Huang, Runhu",2
"Huang, Yan",2
"Huang, Yue",2
"Hughes, Laurie",2
"Humble, Niklas",2
"Ifenthaler, Dirk",2
"Ilieva, Galina",2
"Intorsureanu, Iulian",2
"Jandric, Petar",2
"Jaramillo-Godinez, Ricardo",2
"Jennings, Andrew",2
"Jeong, Seunghoo",2
"Ji, Rongrong",2
"Ji, Yu",2
"Jia, Li-Li",2
"Jia, Weijia",2
"Jiang, Bo",2
"Jin, Jennifer",2
"Jin, Yi",2
"Jin, Yueqiao",2
"Jones, Sue",2
"Joseph, Nalini",2
"Jou, Min",2
"Juarez, Antonio",2
"Kalva, Hari",2
"Kang, Qi",2
"Kang, Xudong",2
"Karim, Shakir",2
"Karimy, Aziz Ullah",2
"Kasabov, Nikola K.",2
"Kelly, Andrew",2
"Kerimbayev, Nurassyl",2
"Khan, Asifullah",2
"Khan, Masood M",2
"Khan, Muhammad Attique",2
"Kim, Byeong-Je",2
"Kim, Hyun Ah",2
"Kim, Mira",2
"Kim, Se Jin",2
"Kloos, Carlos Delgado",2
"Kshetri, Nir",2
"Kumar, Jeya Amantha",2
"Kumar, Rahul",2
"Kumar, Y. V. Pavan",2
"Kurivella, Jaya Veera Surendra Gupta",2
"Kuzlu, Murat",2
"Lasian, Lourdes",2
"Lee, Chin Poo",2
"Lee, Daniel",2
"Lee, Sang-Soog",2
"Lei, Jia",2
"Lei, Tao",2
"Leng, Chin Hai",2
"Leung, Victor C. M.",2
"Li, Bing",2
"Li, Chen",2
"Li, Hao",2
"Li, Jiahui",2
"Li, Jiawei",2
"Li, Leida",2
"Li, Mei",2
"Li, Min",2
"Li, Tian",2
"Li, Weibin",2
"Li, Wenjie",2
"Li, Xiaohuan",2
"Li, Xiaotong",2
"Li, Xue-Xiang",2
"Li, Yangyang",2
"Li, Yaowei",2
"Li, Zihan",2
"Liang, Wei",2
"Liang, Yuzhu",2
"Lim, Jit Yan",2
"Lim, Kian Ming",2
"Lin, Yunlong",2
"Liu, Dan",2
"Liu, Fei",2
"Liu, Hantao",2
"Liu, Jinyuan",2
"Liu, Jun",2
"Liu, Li",2
"Liu, Ming",2
"Liu, Mingyue",2
"Liu, Ping",2
"Liu, Tao",2
"Liu, Xiang",2
"Liu, Xin",2
"Liu, Yao",2
"Liu, Yinqiu",2
"Liu, Yu",2
"Lo Bianco, Giuliano",2
"Lo, Noble",2
"Lodge, Jason M.",2
"Loo, Jonathan",2
"Lu, Jijian",2
"Luo, Bin",2
"Luo, Fei",2
"Luo, Lan",2
"Luo, Sheng",2
"Luo, Yawei",2
"Lyden, Sarah",2
"Ma, Jing",2
"Ma, Jingjing",2
"Ma, Yue",2
"Manic, Milos",2
"Mao, Shiwen",2
"Marimekala, Daniel",2
"Martinez-Maldonado, Roberto",2
"Mascarenhas, Daniela",2
"Mcgrath, Cormac",2
"McGrath, Cormac",2
"Mcmahon, Sean",2
"Meng, Jiaying",2
"Meng, Ruohan",2
"Menlibay, Zhanbota",2
"Mills, Nishan",2
"Mogelvang, Anja",2
"Montesinos, Luis",2
"Moore, Robert L.",2
"Moore, Stephanie",2
"Moorhouse, Benjamin Luke",2
"Moraes, Marcia",2
"Morais, Nídia Salomé",2
"Morales-Chan, Miguel",2
"Morano-Okuno, Hector Rafael",2
"Mosavi, Amir",2
"Msambwa, Msafiri Mgambi",2
"Müller, Klaus-Robert",2
"Nandi, Asoke K.",2
"Natoli, Silvia",2
"Neal, Peter",2
"Neo, Mai",2
"Nguyen, Andy",2
"Nithin Kumar, Y. B.",2
"Nusi,
Ahmad",2
"Oguna, Cynthia",2
"Oh, Sejun",2
"Okulicz-Kozaryn, Walery",2
"Ong, Yew-Soon",2
"Oruche, Ugochukwu",2
"Osunbunmi, Ibukun",2
"Ouaguid, Abdellah",2
"Pachajoa, Tomas",2
"Palacios-Rodriguez, Antonio",2
"Pang, Patrick Cheong-Iao",2
"Pang, Shiyan",2
"Pellas, Nikolaos",2
"Penalver, Elena Alcalde",2
"Peng, Shenglin",2
"Pereyra, Melina Milagros",2
"Pervin, Nasrin",2
"Peters, Martine",2
"Pike, John",2
"Poor, H. Vincent",2
"Prakash, K. Purna",2
"Qi, Jia",2
"Qiao, Yu",2
"Qin, Jie",2
"Qu, Yao",2
"Rabago, Jordi",2
"Raposo, Rui",2
"Rasuli, Juma",2
"Reddy, G. Pradeep",2
"Reddy, P Chandrasekhar",2
"Ren, Bo",2
"Rienties, Bart",2
"Robinson, Christopher L.",2
"Robles, Laura Eugenia Romero",2
"Roman-Gonzalez, Marcos",2
"Ruiz-Rojas, Lena Ivannova",2
"Russell, Regina G.",2
"Saez-Velasco, Sara",2
"Salazar, Gabriela",2
"Sangaiah, Arun Kumar",2
"Sanmugam, Mageswaran",2
"Santillan-Aguirre, Patricio",2
"Santos-Poveda, Ramiro and
Cuadrado-Solis, Veronica",2
"Saqr, Mohammed",2
"Sarsam, Samer Muthana",2
"Sayeed, Md. Shohel",2
"Seufert, Sabine",2
"Shadiev, Rustam",2
"Shao, Wei",2
"Shata, Aya",2
"Shen, Jun",2
"Shen, Qiang",2
"Shen, Yanan",2
"Shen, Zhiqi",2
"Shreeharsha, K. G.",2
"Siddharth, R. K.",2
"Singh, Sanjay Kumar",2
"Sneesl, Radhwan",2
"Sobo, Elisa J.",2
"Strachan, Rebecca",2
"Strampel, Katrina",2
"Strzelecki, Artur",2
"Styve, Arne",2
"Sun, Xingming",2
"Syafitri, Widya",2
"Tabach, Michal",2
"Tan, Michelle Xin Yi",2
"Tan, Yong Xuan",2
"Tang, Bo",2
"Tang, Jin",2
"Tang, Kok-Sing",2
"Tang, Xin",2
"Tao, Dacheng",2
"Tao, Sining",2
"Tapia, Juan E.",2
"Themeli, Chryssa",2
"Thompson, Kate",2
"Ting, Daniel Shu Wei",2
"Titus, Sharon K.",2
"Tlili, Ahmed",2
"Tong, Ashley",2
"Troussas, Christos",2
"Ulpen, Tamra",2
"Urbieta, Alexandra
Santamaria",2
"Usher, Maya",2
"Vallala, Akhil",2
"Vasantha, M. H.",2
"Verma, Prateek",2
"Vilalta-Perdomo, Eliseo and
Michel-Villarreal, Rosario",2
"Virkki, Outi T.",2
"Vorochkov, Anton",2
"Waluyo, Budi",2
"Wang, Jianing",2
"Wang, Jiaxiang",2
"Wang, Jie",2
"Wang, Jingyi",2
"Wang, Ke",2
"Wang, Lu",2
"Wang, Mengmeng",2
"Wang, Ning",2
"Wang, Qi",2
"Wang, Rui",2
"Wang, Tao",2
"Wang, Xu",2
"Wang, Xuan",2
"Wang, Yan",2
"Wang, Yang",2
"Wang, Yingying",2
"Wang, Yu",2
"Wang, Yutian",2
"Wangsa, Ketmanto",2
"Wen, Chang",2
"Wen, Zhang",2
"Wijaya, Lianna",2
"Wijeratne, Vindya",2
"Wong, Alan",2
"Wu, Di",2
"Wu, Jiun-Yu",2
"Wu, Lan",2
"Wu, Xindong",2
"Wu, Ying",2
"Xia, Kun",2
"Xiang, Xiang",2
"Xiao, Junhong",2
"Xiao, Xiong",2
"Xie, Kai",2
"Xie, Yingying",2
"Xing, Zhaoxu",2
"Xiong, Ke",2
"Xu, Songhua",2
"Yan, Zi",2
"Yang, Cong",2
"Yang, Fan",2
"Yang, Jianhua",2
"Yang, Xianmin",2
"Yang, Xiaokang",2
"Yang, Yiming",2
"Yankova, Tania",2
"Yarovenko-Kuzminykh, Nina",2
"Yi, Changyan",2
"Yin, Baocai",2
"Yu, Keping",2
"Yu, Seongryeong",2
"Yu, Wentao",2
"Yu, Xiaojie",2
"Yu, Zhaoping",2
"Yuan, Feng",2
"Yusuf, Abdullahi",2
"Zade, Nikita",2
"Zahid, Hira",2
"Zaim, Muhammad",2
"Zainol, Zahirah",2
"Zainuddin, Zamzami",2
"Zakiyah, Muflihatuz",2
"Zavala, Genaro",2
"Zhai, Xiaoming",2
"Zhan, Ying",2
"Zhan, Zehui",2
"Zhang, Dan",2
"Zhang, Heng",2
"Zhang, Jian",2
"Zhang, Jin",2
"Zhang, Lin",2
"Zhang, Ping",2
"Zhang, Qiang",2
"Zhang, Qin",2
"Zhang, Ruohan",2
"Zhang, Weitong",2
"Zhang, Xiaoran",2
"Zhang, Yan",2
"Zhang, Yikun",2
"Zhang, Yong",2
"Zhang, Yue",2
"Zhang, Zhao",2
"Zhao, Li",2
"Zhao, Xin",2
"Zheng, Hui",2
"Zhou, Chu",2
"Zhou, Huaji",2
"Zhou, Junjie",2
"Zhou, Li",2
"Zhou, Liang",2
"Zhou, MengChu",2
"Zhou, Ruijie",2
"Zhou, Shihua",2
"Zhu, Fan",2
"Zhu, Qi",2
"Zhu, Shiyu",2
"Zhuang, Hanqi",2
"Zou, Di",2
"Zuo, Zhiqi",2
"Zviel-Girshin, Rina",2
"Ahmed, Vian",3
"Bahroun, Zied",3
"Bi, Xia-An",3
"Bukar, Umar Ali",3
"Cabero-Almenara, Julio",3
"Carroll, John M.",3
"Chan, Cecilia Ka Yuk",3
"Chao, Fei",3
"Chen, Wei",3
"Crawford, Joseph",3
"Cukurova, Mutlu",3
"Daniel, Scott",3
"Dawson, Phillip",3
"Detrick, Rita",3
"Eaton, Sarah Elaine",3
"Feng, Jie",3
"Frank, Domagoj",3
"Frumin, Isak",3
"Gadekallu, Thippa Reddy",3
"Garcia-Penalvo, Francisco Jose",3
"Gide, Ergun",3
"Grundy, Sarah",3
"Guo, Yuwei",3
"Han, Zhu",3
"Intharah, Thanapong",3
"Jamalipour, Abbas",3
"Johri, Aditya",3
"Junpeng, Putcharee",3
"Li, Na",3
"Li, Tingsong",3
"Li, Tingting",3
"Li, Ying",3
"Liu, Chao",3
"Liu, Hui",3
"Mcminn, Sean",3
"Misiejuk, Kamila",3
"Naeem, Usman",3
"Ng, Davy Tsz Kit",3
"Ouyang, Fan",3
"Peng, Jinye",3
"Perkins, Mike",3
"Rosales, Milvia",3
"Salinas-Navarro, David Ernesto",3
"Sandoval-Benitez, Guillermo",3
"Schleiss, Johannes",3
"Shao, Ling",3
"Shen, Xuemin",3
"Shu, Huazhong",3
"Sun, Geng",3
"Swindell, Andrew",3
"Tsang, Ivor W.",3
"Wang, Bin",3
"Wang, Chaoran",3
"Wang, Hui",3
"Wang, Jue",3
"Wang, Jun",3
"Wang, Lei",3
"Wang, Shaofeng",3
"Wang, Tian",3
"Wang, Xiaoyu",3
"Wei, Xiaoqing",3
"Wu, Chuhao",3
"Wu, Dongrui",3
"Xiong, Shengwu",3
"Xu, Luyun",3
"Yu, Hao",3
"Zappatore, Marco",3
"Zhang, Hao",3
"Zhang, Hongfeng",3
"Zhang, Hui",3
"Zhang, Jie",3
"Zhang, Ning",3
"Zhang, Ruichen",3
"Zhao, Jun",3
"Zheng, Aihua",3
"Zhou, Xiaoxu",3
"Zhou, Yu",3
"Zhu, Hao",3
"Amzalag, Meital",4
"Bearman, Margaret",4
"Chen, Yang",4
"Cubillos, Claudio",4
"Fu, Zhangjie",4
"Hernandez-Rizzardini, Rocael",4
"Hwang, Gwo-Jen",4
"Kim, Jinhee",4
"Kohnke, Lucas",4
"Li, Chenglong",4
"Li, Wei",4
"Li, Xuefan",4
"Li, Yidong",4
"Lu, Xiaoqiang",4
"Mellado, Rafael",4
"Nikolic, Sasha",4
"Nunez, Nicolas A.",4
"Quan, Dou",4
"Roe, Jasper",4
"Shang, Ronghua",4
"Tang, Xu",4
"Wang, Shuang",4
"Yu, Xin",4
"Zhang, Kai",4
"Amado-Salvatierra, Hector R.",5
"Bannister, Peter",5
"Chai, Kok Keong",5
"Chen, Puhua",5
"Chen, Yue",5
"Feng, Zhixi",5
"Gong, Maoguo",5
"Hou, Biao",5
"Khlaif, Zuheir N.",5
"Kim, Dong In",5
"Lang, Qi",5
"Lu, Xiaobo",5
"Ma, Wenping",5
"Shahzad, Muhammad Farrukh",5
"Song, Wenzhuo",5
"Wang, Jiacheng",5
"Wang, Wei",5
"Weng, Xiaojing",5
"Wu, Q. M. Jonathan",5
"Xia, Qi",5
"Xu, Shuo",5
"Zhang, Daoqiang",5
"Zhou, Zhili",5
"Li, Yan",6
"Liang, Shuang",6
"Xiong, Zehui",6
"Yin, Minghao",6
"Bozkurt, Aras",7
"Chiu, Thomas K. F.",7
"Du, Hongyang",7
"Kang, Jiawen",7
"Zhang, Xiangrong",7
"Zhang, Yang",8
"Wang, Minjuan",9
"Niyato, Dusit",11
"Li, Lingling",12
"Yang, Shuyuan",12
"Liu, Fang",13
"Liu, Xu",13
"Jiao, Licheng",24
